FID,cnuc,nome_uc,area_ha,acao,tipo,satelite,obs,juliano,data,ano,mes_nome,mes_num,categoria,local,area_uc,area_ent,bioma,gr_nome,ngi,cr,GlobalID,Shape__Are,Shape__Len,Shape__Area,Shape__Length,ct
357824,0000.00.0076,ESEC Serra Geral do Tocantins,110.487354968228,incendio,incendio,planet, ,250,10/27/2025 12:00:00 AM,2025,out,10,incendio,interior,110.487354968228,0,CERRADO,GR 3 - CENTRO-OESTE,-, ,,,,1156074.25097656,8983.36819329216, 
357825,0000.00.0174,PARNA do Monte Roraima,27.6191211779586,queima controlada,manejo,planet,Queima do dia 09/01,9,1/10/2025 12:00:00 AM,2025,jan,01,manejo,interior,27.6191211779586,0,AMAZÔNIA,GR 1 - NORTE,Núcleo de Gestão Integrada - ICMBio Roraima,CR Manaus,,,,280068.852783203,2995.87987600679,CT Manaus
357826,0000.00.0219,REVIS das Veredas do Oeste Baiano,482.800290530153,queima prescrita,manejo,planet,Queima entre os dias 04/06 e 06/06,156,6/8/2025 12:00:00 AM,2025,jun,06,manejo,interior,482.800290530153,0,CERRADO,GR 3 - CENTRO-OESTE,Núcleo de Gestão Integrada - ICMBio Mambaí, ,,,,5158850.69287109,54825.8578459842, 
357827,0000.00.0219,REVIS das Veredas do Oeste Baiano,641.028149757114,incendio,incendio,planet, ,322,11/29/2025 12:00:00 AM,2025,nov,11,incendio,interior,641.028149757114,0,CERRADO,GR 3 - CENTRO-OESTE,Núcleo de Gestão Integrada - ICMBio Mambaí, ,,,,6865275.08007813,28629.5081157169, 
357828,0000.00.0174,PARNA do Monte Roraima,81.0866010302857,queima controlada,manejo,planet,Queima do dia 09/01,9,1/10/2025 12:00:00 AM,2025,jan,01,manejo,interior,81.0866010302857,0,AMAZÔNIA,GR 1 - NORTE,Núcleo de Gestão Integrada - ICMBio Roraima,CR Manaus,,,,822080.505371094,6301.99763778649,CT Manaus
357829,0000.00.0174,PARNA do Monte Roraima,6.94137562458356,queima controlada,manejo,planet,Queima do dia 09/01,9,1/10/2025 12:00:00 AM,2025,jan,01,manejo,interior,6.94137562458356,0,AMAZÔNIA,GR 1 - NORTE,Núcleo de Gestão Integrada - ICMBio Roraima,CR Manaus,,,,70384.4633789063,1224.01341640964,CT Manaus
357830,0000.00.0174,PARNA do Monte Roraima,17.1265323021832,queima controlada,manejo,planet,Queima do dia 09/01,9,1/10/2025 12:00:00 AM,2025,jan,01,manejo,interior,17.1265323021832,0,AMAZÔNIA,GR 1 - NORTE,Núcleo de Gestão Integrada - ICMBio Roraima,CR Manaus,,,,173661.286376953,2992.74892575865,CT Manaus
357831,0000.00.0174,PARNA do Monte Roraima,82.4454086699334,queima controlada,manejo,planet,Queima do dia 09/01,9,1/10/2025 12:00:00 AM,2025,jan,01,manejo,interior,82.4454086699334,0,AMAZÔNIA,GR 1 - NORTE,Núcleo de Gestão Integrada - ICMBio Roraima,CR Manaus,,,,835966.357177734,7932.2964546721,CT Manaus
357832,0000.00.0174,PARNA do Monte Roraima,14.7565033030665,queima controlada,manejo,planet,Queima do dia 08/01,8,1/10/2025 12:00:00 AM,2025,jan,01,manejo,interior,14.7565033030665,0,AMAZÔNIA,GR 1 - NORTE,Núcleo de Gestão Integrada - ICMBio Roraima,CR Manaus,,,,149618.171386719,1756.07280548838,CT Manaus
357833,0000.00.0076,ESEC Serra Geral do Tocantins,46.1494633106921,queima prescrita,manejo,planet,Queima do dia 10/03,70,4/9/2025 12:00:00 AM,2025,abr,04,manejo,interior,46.1494633106921,0,CERRADO,GR 3 - CENTRO-OESTE,-, ,,,,480970.784667969,3645.93271131754, 
357834,0000.00.0272,PARNA da Chapada das Mesas,39.0219027027002,queima controlada,manejo,planet,Queima do dia 03/05,124,5/8/2025 12:00:00 AM,2025,mai,05,manejo,interior,39.0219027027002,0,CERRADO,GR 2 - NORDESTE,-, ,,,,399216.967529297,3061.08428923904,CT Fortaleza
357835,0000.00.0174,PARNA do Monte Roraima,156.986227064559,queima controlada,manejo,planet,Queima do dia 08/01,8,1/10/2025 12:00:00 AM,2025,jan,01,manejo,interior,156.986227064559,0,AMAZÔNIA,GR 1 - NORTE,Núcleo de Gestão Integrada - ICMBio Roraima,CR Manaus,,,,1591736.85302734,9082.47569155575,CT Manaus
357836,0000.00.0272,PARNA da Chapada das Mesas,264.994267259064,queima controlada,manejo,planet,Queima do dia 06/02,37,2/18/2025 12:00:00 AM,2025,fev,02,manejo,interior,264.994267259064,0,CERRADO,GR 2 - NORDESTE,-, ,,,,2709037.63110352,7466.04459274803,CT Fortaleza
357837,0000.00.0144,PARNA da Serra da Canastra,170.49930785571,queima prescrita,manejo,planet,Quema entre os dias 16/02 e 17/02,47,2/18/2025 12:00:00 AM,2025,fev,02,manejo,interior,170.49930785571,0,CERRADO,GR 4 - SUDESTE,-, ,,,,1949154.03125,7999.81413760355, 
357838,0000.00.0144,PARNA da Serra da Canastra,485.896662724849,queima prescrita,manejo,planet,Queima do dia 20/02,51,2/23/2025 12:00:00 AM,2025,fev,02,manejo,interior,485.896662724849,0,CERRADO,GR 4 - SUDESTE,-, ,,,,5547551.31347656,11966.7799414427, 
357839,0000.00.0076,ESEC Serra Geral do Tocantins,55.1306183005745,queima controlada,manejo,planet,Queima do dia 04/04,95,4/9/2025 12:00:00 AM,2025,abr,04,manejo,interior,55.1306183005745,0,CERRADO,GR 3 - CENTRO-OESTE,-, ,,,,574404.549804688,4869.5271056986, 
357840,0000.00.0139,PARNA da Chapada dos Veadeiros,134.046322819671,gestao de ignicao natural,manejo,planet,Fogo originado por raio,71,3/13/2025 12:00:00 AM,2025,mar,03,manejo,interior,134.046322819671,0,CERRADO,GR 3 - CENTRO-OESTE,-, ,,,,1431540.60400391,9293.11114574393, 
357841,0000.00.0139,PARNA da Chapada dos Veadeiros,44.891011005828,queima prescrita,manejo,planet,Queima do dia 08/04,99,4/9/2025 12:00:00 AM,2025,abr,04,manejo,interior,44.891011005828,0,CERRADO,GR 3 - CENTRO-OESTE,-, ,,,,479080.107910156,5983.89050068238, 
357842,0000.00.0076,ESEC Serra Geral do Tocantins,407.15018078437,incendio,incendio,planet, ,38,2/26/2025 12:00:00 AM,2025,fev,02,incendio,interior,407.15018078437,0,CERRADO,GR 3 - CENTRO-OESTE,-, ,,,,4250673.46923828,12073.4913404592, 
357843,0000.00.0076,ESEC Serra Geral do Tocantins,23.9695504445777,queima prescrita,manejo,planet,Queima do dia 05/05,126,5/21/2025 12:00:00 AM,2025,mai,05,manejo,interior,23.9695504445777,0,CERRADO,GR 3 - CENTRO-OESTE,-, ,,,,250205.4453125,2186.08006583885, 
357844,0000.00.0272,PARNA da Chapada das Mesas,8.88444143865856,queima prescrita,manejo,planet,Queima do dia 12/05,133,5/15/2025 12:00:00 AM,2025,mai,05,manejo,interior,8.88444143865856,0,CERRADO,GR 2 - NORDESTE,-, ,,,,90772.6474609375,1265.38885855879,CT Fortaleza
357845,0000.00.0144,PARNA da Serra da Canastra,287.721721104322,queima prescrita,manejo,planet,Queima do dia 06/02,37,2/15/2025 12:00:00 AM,2025,fev,02,manejo,interior,287.721721104322,0,CERRADO,GR 4 - SUDESTE,-, ,,,,3283010.95507813,11202.7979136817, 
357846,0000.00.0148,PARNA da Serra do Cipó,287.238214256895,queima prescrita,manejo,planet,Queima do dia 06/02,37,2/11/2025 12:00:00 AM,2025,fev,02,manejo,interior,287.238214256895,0,CERRADO,GR 4 - SUDESTE,Núcleo de Gestão Integrada - ICMBio Cipó-Pedreira, ,,,,3249677.36914063,13323.9529617638, 
357847,0000.00.0027,APA Morro da Pedreira,11.7800847543895,queima prescrita,manejo,planet,Queima do dia 06/02,37,2/11/2025 12:00:00 AM,2025,fev,02,manejo,interior,11.7800847543895,0,CERRADO,GR 4 - SUDESTE,Núcleo de Gestão Integrada - ICMBio Cipó-Pedreira, ,,,,133299.072265625,2686.91424045877, 
357848,0000.00.0140,PARNA da Lagoa do Peixe,6.04030007295935,queima prescrita,manejo,planet,Queima do dia 05/02,36,2/11/2025 12:00:00 AM,2025,fev,02,manejo,interior,6.04030007295935,0,PAMPA,GR 5 - SUL,-, ,,,,82550.646484375,1693.4328238075, 
357849,0000.00.0159,PARNA de Brasília,5.71028795265489,queima prescrita,manejo,planet,Queima entre os dias 10/03 e 11/03,71,3/16/2025 12:00:00 AM,2025,mar,03,manejo,interior,5.71028795265489,0,CERRADO,GR 3 - CENTRO-OESTE,Núcleo de Gestão Integrada - ICMBio Brasília-Contagem, ,,,,61941.7939453125,1754.58979594023, 
357850,0000.00.0159,PARNA de Brasília,8.78862600543304,queima prescrita,manejo,planet,Queima entre os dias 10/03 e 11/03,71,3/16/2025 12:00:00 AM,2025,mar,03,manejo,interior,8.78862600543304,0,CERRADO,GR 3 - CENTRO-OESTE,Núcleo de Gestão Integrada - ICMBio Brasília-Contagem, ,,,,95355.228515625,2494.30382159365, 
357851,0000.00.0169,PARNA do Cabo Orange,388.846115169262,incendio,incendio,planet, ,341,12/10/2025 12:00:00 AM,2025,dez,12,incendio,interior,388.846115169262,0,AMAZÔNIA,GR 1 - NORTE,-,CR Belém,,,,3924699.38793945,22065.9142025707,CT Belém
357852,0000.00.0144,PARNA da Serra da Canastra,186.735575018923,queima prescrita,manejo,planet,Queima do dia 05/02,36,2/15/2025 12:00:00 AM,2025,fev,02,manejo,interior,186.735575018923,0,CERRADO,GR 4 - SUDESTE,-, ,,,,2130242.79980469,9987.85813255435, 
357853,0000.00.0144,PARNA da Serra da Canastra,109.500573506398,queima prescrita,manejo,planet,Queima do dia 05/02,36,2/15/2025 12:00:00 AM,2025,fev,02,manejo,interior,109.500573506398,0,CERRADO,GR 4 - SUDESTE,-, ,,,,1249657.30273438,4717.61831114692, 
357854,0000.00.0139,PARNA da Chapada dos Veadeiros,32.2873341269409,queima prescrita,manejo,planet,Queima do dia 18/02,49,2/24/2025 12:00:00 AM,2025,fev,02,manejo,interior,32.2873341269409,0,CERRADO,GR 3 - CENTRO-OESTE,-, ,,,,344678.740722656,3943.53931273478, 
357855,0000.00.0144,PARNA da Serra da Canastra,715.802137718774,queima prescrita,manejo,planet,Queima entre os dias 12/02 e 13/02,41,2/15/2025 12:00:00 AM,2025,fev,02,manejo,interior,715.802137718774,0,CERRADO,GR 4 - SUDESTE,-, ,,,,8170003.53710938,21091.1774106699, 
357856,0000.00.0027,APA Morro da Pedreira,31.5315145466,queima prescrita,manejo,planet,Queima do dia 11/04,102,4/11/2025 12:00:00 AM,2025,abr,04,manejo,interior,31.5315145466,0,CERRADO,GR 4 - SUDESTE,Núcleo de Gestão Integrada - ICMBio Cipó-Pedreira, ,,,,355050.115234375,2827.79342034072, 
357857,0000.00.0076,ESEC Serra Geral do Tocantins,7948.35819637461,incendio,incendio,planet, ,299,11/14/2025 12:00:00 AM,2025,nov,11,incendio,interior,7948.35819637461,0,CERRADO,GR 3 - CENTRO-OESTE,-, ,,,,82949381.3774414,109989.172512811, 
357858,0000.00.0144,PARNA da Serra da Canastra,2235.32054902815,queima prescrita,manejo,planet,Queima do dia 21/02,51,2/23/2025 12:00:00 AM,2025,fev,02,manejo,interior,2235.32054902815,0,CERRADO,GR 4 - SUDESTE,-, ,,,,25515181.2070313,29421.7164799027, 
357859,0000.00.0144,PARNA da Serra da Canastra,801.035084186109,queima prescrita,manejo,planet,Queima do dia 21/02,52,2/23/2025 12:00:00 AM,2025,fev,02,manejo,interior,801.035084186109,0,CERRADO,GR 4 - SUDESTE,-, ,,,,9153646.44335938,19636.6468874828, 
357860,0000.00.0076,ESEC Serra Geral do Tocantins,40.6795449492581,queima prescrita,manejo,planet,Queima do dia 02/04,93,4/19/2025 12:00:00 AM,2025,abr,04,manejo,interior,40.6795449492581,0,CERRADO,GR 3 - CENTRO-OESTE,-, ,,,,424920.658691406,4113.59883213851, 
357861,0000.00.0076,ESEC Serra Geral do Tocantins,410.746539603545,incendio,incendio,planet, ,283,10/28/2025 12:00:00 AM,2025,out,10,incendio,interior,410.746539603545,0,CERRADO,GR 3 - CENTRO-OESTE,-, ,,,,4277204.69433594,21159.8382518554, 
357862,0000.00.0144,PARNA da Serra da Canastra,208.201112715147,queima prescrita,manejo,planet,Queima entre os dias 21/02 e 23/02,52,2/25/2025 12:00:00 AM,2025,fev,02,manejo,interior,208.201112715147,0,CERRADO,GR 4 - SUDESTE,-, ,,,,2387783.16699219,10620.2404634432, 
357863,0000.00.0144,PARNA da Serra da Canastra,33.0975603177649,queima prescrita,manejo,planet,Queima entre os dias 21/02 e 23/02,52,2/25/2025 12:00:00 AM,2025,fev,02,manejo,interior,33.0975603177649,0,CERRADO,GR 4 - SUDESTE,-, ,,,,379664.794921875,3279.41985675357, 
357864,0000.00.0144,PARNA da Serra da Canastra,30.1522245856913,queima prescrita,manejo,planet,Queima entre os dias 21/02 e 23/02,52,2/25/2025 12:00:00 AM,2025,fev,02,manejo,interior,30.1522245856913,0,CERRADO,GR 4 - SUDESTE,-, ,,,,345840.904296875,3774.29266762956, 
357865,0000.00.0076,ESEC Serra Geral do Tocantins,270.047520551386,gestao de ignicao antropica,manejo,planet, ,39,2/26/2025 12:00:00 AM,2025,fev,02,manejo,interior,270.047520551386,0,CERRADO,GR 3 - CENTRO-OESTE,-, ,,,,2820328.59228516,10813.748777995, 
357866,0000.00.0076,ESEC Serra Geral do Tocantins,464.313494465624,queima prescrita,manejo,planet,Queima do dia 25/03,85,4/9/2025 12:00:00 AM,2025,abr,04,manejo,interior,464.313494465624,0,CERRADO,GR 3 - CENTRO-OESTE,-, ,,,,4837177.47021484,12299.5735872181, 
357867,0000.00.0076,ESEC Serra Geral do Tocantins,144.267734483663,queima prescrita,manejo,planet,Queima do dia 18/02,49,3/7/2025 12:00:00 AM,2025,mar,03,manejo,interior,144.267734483663,0,CERRADO,GR 3 - CENTRO-OESTE,-, ,,,,1503030.04882813,8370.578424604, 
357868,0000.00.0076,ESEC Serra Geral do Tocantins,116.082058222341,queima prescrita,manejo,planet,Queima do dia 18/02,49,3/7/2025 12:00:00 AM,2025,mar,03,manejo,interior,116.082058222341,0,CERRADO,GR 3 - CENTRO-OESTE,-, ,,,,1209581.31738281,6877.04592198177, 
357869,0000.00.0076,ESEC Serra Geral do Tocantins,17.4581722950715,queima prescrita,manejo,planet,Queima do dia 18/02,49,3/7/2025 12:00:00 AM,2025,mar,03,manejo,interior,17.4581722950715,0,CERRADO,GR 3 - CENTRO-OESTE,-, ,,,,181923.93359375,2381.80836677414, 
357870,0000.00.0076,ESEC Serra Geral do Tocantins,95.3387014479884,queima prescrita,manejo,planet,Queima do dia 18/02,49,3/7/2025 12:00:00 AM,2025,mar,03,manejo,interior,95.3387014479884,0,CERRADO,GR 3 - CENTRO-OESTE,-, ,,,,993464.537109375,5861.74013406944, 
357871,0000.00.0272,PARNA da Chapada das Mesas,12.6584820706878,queima prescrita,manejo,planet,Queima do dia 18/06,169,7/15/2025 12:00:00 AM,2025,jul,07,manejo,interior,12.6584820706878,0,CERRADO,GR 2 - NORDESTE,-, ,,,,129437.297607422,1489.68707706053,CT Fortaleza
357872,0000.00.0076,ESEC Serra Geral do Tocantins,593.140680956261,queima prescrita,manejo,planet,Queima do dia 18/02,49,3/7/2025 12:00:00 AM,2025,mar,03,manejo,interior,593.140680956261,0,CERRADO,GR 3 - CENTRO-OESTE,-, ,,,,6180368.96142578,25623.329865517, 
357873,0000.00.0076,ESEC Serra Geral do Tocantins,36.7573845068852,queima prescrita,manejo,planet,Queima do dia 03/04,94,4/9/2025 12:00:00 AM,2025,abr,04,manejo,interior,36.7573845068852,0,CERRADO,GR 3 - CENTRO-OESTE,-, ,,,,383916.262695313,4671.49733981963, 
357874,0000.00.0076,ESEC Serra Geral do Tocantins,38.2205562436256,queima prescrita,manejo,planet,Queima do dia 18/02,49,3/7/2025 12:00:00 AM,2025,mar,03,manejo,interior,38.2205562436256,0,CERRADO,GR 3 - CENTRO-OESTE,-, ,,,,398075.665039063,3995.33090298822, 
357875,0000.00.0076,ESEC Serra Geral do Tocantins,234.739252361907,queima prescrita,manejo,planet,Queima do dia 18/02,49,3/7/2025 12:00:00 AM,2025,mar,03,manejo,interior,234.739252361907,0,CERRADO,GR 3 - CENTRO-OESTE,-, ,,,,2444774.05029297,10452.8741658581, 
357876,0000.00.0076,ESEC Serra Geral do Tocantins,67.1528784208557,queima prescrita,manejo,planet,Queima do dia 18/02,49,3/7/2025 12:00:00 AM,2025,mar,03,manejo,interior,67.1528784208557,0,CERRADO,GR 3 - CENTRO-OESTE,-, ,,,,699318.175292969,8797.48495989447, 
357877,0000.00.0076,ESEC Serra Geral do Tocantins,11.4359620451456,queima controlada,manejo,planet,Queima do dia 13/05,134,5/21/2025 12:00:00 AM,2025,mai,05,manejo,interior,11.4359620451456,0,CERRADO,GR 3 - CENTRO-OESTE,-, ,,,,119158.760742188,1528.96887308121, 
357878,0000.00.0076,ESEC Serra Geral do Tocantins,34.0613268268273,queima prescrita,manejo,planet,Queima do dia 18/02,49,3/7/2025 12:00:00 AM,2025,mar,03,manejo,interior,34.0613268268273,0,CERRADO,GR 3 - CENTRO-OESTE,-, ,,,,354660.974609375,5358.77082281862, 
357879,0000.00.0076,ESEC Serra Geral do Tocantins,188.419039866154,queima prescrita,manejo,planet,Queima do dia 18/02,49,3/7/2025 12:00:00 AM,2025,mar,03,manejo,interior,188.419039866154,0,CERRADO,GR 3 - CENTRO-OESTE,-, ,,,,1961639.0859375,19333.1723218526, 
357880,0000.00.0076,ESEC Serra Geral do Tocantins,119.781742054889,gestao de ignicao antropica,manejo,planet, ,62,3/7/2025 12:00:00 AM,2025,mar,03,manejo,interior,119.781742054889,0,CERRADO,GR 3 - CENTRO-OESTE,-, ,,,,1249423.59033203,6065.28363084664, 
357881,0000.00.0124,FLONA do Tapirape-aquiri,0.614415207714334,incendio,incendio,planet,Fumaça detectada na região no dia 26/07. Primeiros focos de calor só foram detectados no dia 31/07,208,8/5/2025 12:00:00 AM,2025,ago,08,incendio,interior,0.614415207714334,0,AMAZÔNIA,GR 1 - NORTE,Núcleo de Gestão Integrada - ICMBio Carajás,CR Belém,,,,6250.462890625,321.622956274421,CT Santarém
357882,0000.00.0076,ESEC Serra Geral do Tocantins,636.441871525439,queima prescrita,manejo,planet,Queima do dia 19/02,50,2/26/2025 12:00:00 AM,2025,fev,02,manejo,interior,636.441871525439,0,CERRADO,GR 3 - CENTRO-OESTE,-, ,,,,6627472.40478516,32349.6551488272, 
357883,0000.00.0076,ESEC Serra Geral do Tocantins,32.3735437486044,gestao de ignicao antropica,manejo,planet, ,62,3/7/2025 12:00:00 AM,2025,mar,03,manejo,interior,32.3735437486044,0,CERRADO,GR 3 - CENTRO-OESTE,-, ,,,,337704.51953125,3572.90671935068, 
357884,0000.00.0076,ESEC Serra Geral do Tocantins,994.340279864339,incendio,incendio,planet, ,50,3/7/2025 12:00:00 AM,2025,mar,03,incendio,interior,994.340279864339,0,CERRADO,GR 3 - CENTRO-OESTE,-, ,,,,10353739.1064453,25855.7928521243, 
357885,0000.00.0155,PARNA das Emas,113.397908243935,aceiro,manejo,planet,Queima do dia 06/05,127,5/16/2025 12:00:00 AM,2025,mai,05,manejo,interior,113.397908243935,0,CERRADO,GR 3 - CENTRO-OESTE,-, ,,,,1264893.77441406,19330.8438953794, 
357886,0000.00.0139,PARNA da Chapada dos Veadeiros,447.078749438716,queima prescrita,manejo,planet,Queima do dia 20/03,80,3/25/2025 12:00:00 AM,2025,mar,03,manejo,interior,447.078749438716,0,CERRADO,GR 3 - CENTRO-OESTE,-, ,,,,4781089.484375,18712.3403212578, 
357887,0000.00.0144,PARNA da Serra da Canastra,69.3864087219282,queima controlada,manejo,planet,Queima do dia 05/05,126,5/8/2025 12:00:00 AM,2025,mai,05,manejo,interior,69.3864087219282,0,CERRADO,GR 4 - SUDESTE,-, ,,,,793015.801757813,6210.48007667758, 
357888,0000.00.0157,PARNA das Sempre-Vivas,42.4403925043861,incendio,incendio,planet, ,58,3/9/2025 12:00:00 AM,2025,mar,03,incendio,interior,42.4403925043861,0,CERRADO,GR 4 - SUDESTE,-, ,,,,471501.8984375,3763.502796237, 
357889,0000.00.0157,PARNA das Sempre-Vivas,28.3168421814548,incendio,incendio,planet, ,58,3/9/2025 12:00:00 AM,2025,mar,03,incendio,interior,28.3168421814548,0,CERRADO,GR 4 - SUDESTE,-, ,,,,314588.12890625,3650.31921025146, 
357890,0000.00.0144,PARNA da Serra da Canastra,3.26247421376213,queima controlada,manejo,planet,Queima do dia 04/05,125,5/8/2025 12:00:00 AM,2025,mai,05,manejo,interior,3.26247421376213,0,CERRADO,GR 4 - SUDESTE,-, ,,,,37289.998046875,827.21469331661, 
357891,0000.00.0272,PARNA da Chapada das Mesas,5.44098611360528,queima controlada,manejo,planet,Queima do dia 03/05,124,5/8/2025 12:00:00 AM,2025,mai,05,manejo,interior,5.44098611360528,0,CERRADO,GR 2 - NORDESTE,-, ,,,,55666.6616210938,1438.27339173626,CT Fortaleza
357892,0000.00.0272,PARNA da Chapada das Mesas,80.1958042132215,queima controlada,manejo,planet,Queima do dia 03/05,124,5/8/2025 12:00:00 AM,2025,mai,05,manejo,interior,80.1958042132215,0,CERRADO,GR 2 - NORDESTE,-, ,,,,820450.193847656,7063.90969074247,CT Fortaleza
357893,0000.00.0272,PARNA da Chapada das Mesas,7.123989418742,incendio,incendio,planet, ,129,5/15/2025 12:00:00 AM,2025,mai,05,incendio,interior,7.123989418742,0,CERRADO,GR 2 - NORDESTE,-, ,,,,72862.4760742188,1266.71168277655,CT Fortaleza
357894,0000.00.0025,APA das Ilhas e Várzeas do Rio Paraná,151.338015463247,incendio,incendio,planet, ,62,3/9/2025 12:00:00 AM,2025,mar,03,incendio,interior,151.338015463247,0,MATA ATLÂNTICA,GR 5 - SUL,Núcleo de Gestão Integrada - ICMBio Rio Paraná, ,,,,1788568.57226563,11392.1278309539, 
357895,0000.00.0023,APA do Planalto Central,51.0817214128455,incendio,incendio,planet, ,67,3/12/2025 12:00:00 AM,2025,mar,03,incendio,interior,51.0817214128455,0,CERRADO,GR 3 - CENTRO-OESTE,-, ,,,,552066.888671875,10174.3241630544, 
357896,0000.00.0023,APA do Planalto Central,267.848530842322,incendio,incendio,planet, ,67,3/12/2025 12:00:00 AM,2025,mar,03,incendio,interior,267.848530842322,0,CERRADO,GR 3 - CENTRO-OESTE,-, ,,,,2895351.00390625,33092.4113516204, 
357897,0000.00.0076,ESEC Serra Geral do Tocantins,65.3230160109292,queima controlada,manejo,planet,Queima do dia 04/04,95,4/9/2025 12:00:00 AM,2025,abr,04,manejo,interior,65.3230160109292,0,CERRADO,GR 3 - CENTRO-OESTE,-, ,,,,680429.005859375,4191.73327619701, 
357898,0000.00.0076,ESEC Serra Geral do Tocantins,4543.07941087661,queima prescrita,manejo,planet,Queima do dia 06/03,66,3/7/2025 12:00:00 AM,2025,mar,03,manejo,interior,4543.07941087661,0,CERRADO,GR 3 - CENTRO-OESTE,-, ,,,,47449626.6694336,60256.5869164521, 
357899,0000.00.0192,REBIO da Contagem,34.6068942047779,queima prescrita,manejo,planet,Queima do dia 06/03,66,3/8/2025 12:00:00 AM,2025,mar,03,manejo,interior,34.6068942047779,0,CERRADO,GR 3 - CENTRO-OESTE,Núcleo de Gestão Integrada - ICMBio Brasília-Contagem, ,,,,375414.1171875,3199.18407683473, 
357900,0000.00.0023,APA do Planalto Central,0.021106808942951,queima prescrita,manejo,planet,Queima do dia 06/03,66,3/8/2025 12:00:00 AM,2025,mar,03,manejo,interior,0.021106808942951,0,CERRADO,GR 3 - CENTRO-OESTE,-, ,,,,228.9609375,357.243587858899, 
357901,0000.00.0219,REVIS das Veredas do Oeste Baiano,12.7121982143642,incendio,incendio,planet, ,281,10/9/2025 12:00:00 AM,2025,out,10,incendio,interior,12.7121982143642,0,CERRADO,GR 3 - CENTRO-OESTE,Núcleo de Gestão Integrada - ICMBio Mambaí, ,,,,136129.504394531,1910.16349647979, 
357902,0000.00.0192,REBIO da Contagem,5.46128734605303,queima prescrita,manejo,planet,Queima do dia 06/03,66,3/8/2025 12:00:00 AM,2025,mar,03,manejo,interior,5.46128734605303,0,CERRADO,GR 3 - CENTRO-OESTE,Núcleo de Gestão Integrada - ICMBio Brasília-Contagem, ,,,,59248.5751953125,2138.82781288336, 
357903,0000.00.0192,REBIO da Contagem,1.44956797832153,queima prescrita,manejo,planet,Queima do dia 06/03,66,3/8/2025 12:00:00 AM,2025,mar,03,manejo,interior,1.44956797832153,0,CERRADO,GR 3 - CENTRO-OESTE,Núcleo de Gestão Integrada - ICMBio Brasília-Contagem, ,,,,15727.271484375,537.876500048779, 
357904,0000.00.0192,REBIO da Contagem,1.15550926602404,queima prescrita,manejo,planet,Queima do dia 06/03,66,3/8/2025 12:00:00 AM,2025,mar,03,manejo,interior,1.15550926602404,0,CERRADO,GR 3 - CENTRO-OESTE,Núcleo de Gestão Integrada - ICMBio Brasília-Contagem, ,,,,12537.24609375,486.389380690136, 
357905,0000.00.0139,PARNA da Chapada dos Veadeiros,277.100053361992,queima prescrita,manejo,planet,Queima do dia 07/03,67,3/9/2025 12:00:00 AM,2025,mar,03,manejo,interior,277.100053361992,0,CERRADO,GR 3 - CENTRO-OESTE,-, ,,,,2964492.32910156,13292.054149452, 
357906,0000.00.0192,REBIO da Contagem,86.8230701083295,queima prescrita,manejo,planet,Queima do dia 08/03,68,3/10/2025 12:00:00 AM,2025,mar,03,manejo,interior,86.8230701083295,0,CERRADO,GR 3 - CENTRO-OESTE,Núcleo de Gestão Integrada - ICMBio Brasília-Contagem, ,,,,941733.383789063,4273.84442533623, 
357907,0000.00.0159,PARNA de Brasília,87.7235565752643,queima prescrita,manejo,planet,Queima entre os dias 10/03 e 11/03,70,3/11/2025 12:00:00 AM,2025,mar,03,manejo,interior,87.7235565752643,0,CERRADO,GR 3 - CENTRO-OESTE,Núcleo de Gestão Integrada - ICMBio Brasília-Contagem, ,,,,951619.099609375,8481.47866982329, 
357908,0000.00.0023,APA do Planalto Central,10.238867827641,incendio,incendio,planet, ,67,3/12/2025 12:00:00 AM,2025,mar,03,incendio,interior,10.238867827641,0,CERRADO,GR 3 - CENTRO-OESTE,-, ,,,,110661.322265625,3039.10658347962, 
357909,0000.00.0023,APA do Planalto Central,7.88491704116404,incendio,incendio,planet, ,67,3/12/2025 12:00:00 AM,2025,mar,03,incendio,interior,7.88491704116404,0,CERRADO,GR 3 - CENTRO-OESTE,-, ,,,,85234.7412109375,2444.72844754621, 
357910,0000.00.0023,APA do Planalto Central,10.3393216198643,incendio,incendio,planet, ,67,3/12/2025 12:00:00 AM,2025,mar,03,incendio,interior,10.3393216198643,0,CERRADO,GR 3 - CENTRO-OESTE,-, ,,,,111796.595703125,1942.20418692755, 
357911,0000.00.0157,PARNA das Sempre-Vivas,6.73319491958242,incendio,incendio,planet, ,43,2/19/2025 12:00:00 AM,2025,fev,02,incendio,interior,6.73319491958242,0,CERRADO,GR 4 - SUDESTE,-, ,,,,74678.302734375,1378.08065975896, 
357912,0000.00.0023,APA do Planalto Central,13.5561169261443,incendio,incendio,planet, ,67,3/12/2025 12:00:00 AM,2025,mar,03,incendio,interior,13.5561169261443,0,CERRADO,GR 3 - CENTRO-OESTE,-, ,,,,146600.646484375,3286.67380739438, 
357913,0000.00.0023,APA do Planalto Central,2.38001295029337,incendio,incendio,planet, ,67,3/12/2025 12:00:00 AM,2025,mar,03,incendio,interior,2.38001295029337,0,CERRADO,GR 3 - CENTRO-OESTE,-, ,,,,25739.890625,609.420115884505, 
357914,0000.00.0023,APA do Planalto Central,6.09918633609643,incendio,incendio,planet, ,67,3/12/2025 12:00:00 AM,2025,mar,03,incendio,interior,6.09918633609643,0,CERRADO,GR 3 - CENTRO-OESTE,-, ,,,,65962.6298828125,1326.55181118692, 
357915,0000.00.0023,APA do Planalto Central,7.57287397395773,incendio,incendio,planet, ,67,3/12/2025 12:00:00 AM,2025,mar,03,incendio,interior,7.57287397395773,0,CERRADO,GR 3 - CENTRO-OESTE,-, ,,,,81899.69140625,1821.74155961541, 
357916,0000.00.0023,APA do Planalto Central,6.71648815362527,incendio,incendio,planet, ,71,3/12/2025 12:00:00 AM,2025,mar,03,incendio,interior,6.71648815362527,0,CERRADO,GR 3 - CENTRO-OESTE,-, ,,,,72640.158203125,1134.75665988472, 
357917,0000.00.0168,PARNA do Araguaia,10.2278147130959,gestao de ignicao antropica,manejo,planet, ,136,5/18/2025 12:00:00 AM,2025,mai,05,manejo,interior,10.2278147130959,0,CERRADO,GR 3 - CENTRO-OESTE,-, ,,,,106240.161621094,1757.01620303902, 
357918,0000.00.0174,PARNA do Monte Roraima,160.700191149162,queima controlada,manejo,planet,Queima do dia 20/01,20,1/20/2025 12:00:00 AM,2025,jan,01,manejo,interior,160.700191149162,0,AMAZÔNIA,GR 1 - NORTE,Núcleo de Gestão Integrada - ICMBio Roraima,CR Manaus,,,,1629426.91772461,10632.8977465838,CT Manaus
357919,0000.00.0174,PARNA do Monte Roraima,54.0907979441134,queima controlada,manejo,planet,Queima do dia 10/01,10,1/20/2025 12:00:00 AM,2025,jan,01,manejo,interior,54.0907979441134,0,AMAZÔNIA,GR 1 - NORTE,Núcleo de Gestão Integrada - ICMBio Roraima,CR Manaus,,,,548396.801513672,4201.05972230563,CT Manaus
357920,0000.00.0023,APA do Planalto Central,49.8271529981815,incendio,incendio,planet, ,71,3/12/2025 12:00:00 AM,2025,mar,03,incendio,interior,49.8271529981815,0,CERRADO,GR 3 - CENTRO-OESTE,-, ,,,,538935.907226563,6804.81669241584, 
357921,0000.00.0023,APA do Planalto Central,6.10065564635616,incendio,incendio,planet, ,71,3/12/2025 12:00:00 AM,2025,mar,03,incendio,interior,6.10065564635616,0,CERRADO,GR 3 - CENTRO-OESTE,-, ,,,,65988.7373046875,1379.33901259476, 
357922,0000.00.0159,PARNA de Brasília,5.46282848995122,queima prescrita,manejo,planet,Queima do dia 11/03,71,3/12/2025 12:00:00 AM,2025,mar,03,manejo,interior,5.46282848995122,0,CERRADO,GR 3 - CENTRO-OESTE,Núcleo de Gestão Integrada - ICMBio Brasília-Contagem, ,,,,59281.7783203125,1125.16477117914, 
357923,0000.00.0159,PARNA de Brasília,4.63874828435847,queima prescrita,manejo,planet,Queima do dia 11/03,71,3/12/2025 12:00:00 AM,2025,mar,03,manejo,interior,4.63874828435847,0,CERRADO,GR 3 - CENTRO-OESTE,Núcleo de Gestão Integrada - ICMBio Brasília-Contagem, ,,,,50336.77734375,1531.47794845665, 
357924,0000.00.0219,REVIS das Veredas do Oeste Baiano,7.44364302060763,queima prescrita,manejo,planet,Queima entre os dias 04/06 e 06/06,156,6/8/2025 12:00:00 AM,2025,jun,06,manejo,interior,7.44364302060763,0,CERRADO,GR 3 - CENTRO-OESTE,Núcleo de Gestão Integrada - ICMBio Mambaí, ,,,,79510.1845703125,1520.62890290577, 
357925,0000.00.0159,PARNA de Brasília,130.173115918721,queima prescrita,manejo,planet,Queima do dia 11/03,71,3/12/2025 12:00:00 AM,2025,mar,03,manejo,interior,130.173115918721,0,CERRADO,GR 3 - CENTRO-OESTE,Núcleo de Gestão Integrada - ICMBio Brasília-Contagem, ,,,,1412295.25195313,6449.72037171311, 
357926,0000.00.0159,PARNA de Brasília,50.7954329494435,queima prescrita,manejo,planet,Queima do dia 11/03,71,3/12/2025 12:00:00 AM,2025,mar,03,manejo,interior,50.7954329494435,0,CERRADO,GR 3 - CENTRO-OESTE,Núcleo de Gestão Integrada - ICMBio Brasília-Contagem, ,,,,550685.034179688,4845.71107109324, 
357927,0000.00.0159,PARNA de Brasília,222.047891346978,queima prescrita,manejo,planet,Queima do dia 12/03,72,3/16/2025 12:00:00 AM,2025,mar,03,manejo,interior,222.047891346978,0,CERRADO,GR 3 - CENTRO-OESTE,Núcleo de Gestão Integrada - ICMBio Brasília-Contagem, ,,,,2408805.79980469,11448.2848101766, 
357928,0000.00.0139,PARNA da Chapada dos Veadeiros,55.9413255391033,queima prescrita,manejo,planet,Queima entre os dias 17/03 e 20/03,77,4/1/2025 12:00:00 AM,2025,abr,04,manejo,interior,55.9413255391033,0,CERRADO,GR 3 - CENTRO-OESTE,-, ,,,,597391.1953125,5737.96063383398, 
357929,0000.00.0023,APA do Planalto Central,1.21470403969644,incendio,incendio,planet, ,29,2/7/2025 12:00:00 AM,2025,fev,02,incendio,interior,1.21470403969644,0,CERRADO,GR 3 - CENTRO-OESTE,-, ,,,,13128.9052734375,652.607543801049, 
357930,0000.00.0144,PARNA da Serra da Canastra,26.7262143453302,queima prescrita,manejo,planet,Queima do dia 21/05,142,5/26/2025 12:00:00 AM,2025,mai,05,manejo,interior,26.7262143453302,0,CERRADO,GR 4 - SUDESTE,-, ,,,,304867.73046875,3816.45894323405, 
357931,0000.00.0139,PARNA da Chapada dos Veadeiros,97.8690685133173,gestao de ignicao natural,manejo,planet,Fogo originado por raio,71,3/15/2025 12:00:00 AM,2025,mar,03,manejo,interior,97.8690685133173,0,CERRADO,GR 3 - CENTRO-OESTE,-, ,,,,1045952.84472656,8309.50238553621, 
357932,0000.00.0074,ESEC Raso da Catarina,11.2523969975135,incendio,incendio,planet, ,122,5/30/2025 12:00:00 AM,2025,mai,05,incendio,interior,11.2523969975135,0,CAATINGA,GR 2 - NORDESTE,Núcleo de Gestão Integrada - ICMBio Paulo Afonso, ,,,,116613.287597656,2099.9065892182,CT Salvador
357933,0000.00.0139,PARNA da Chapada dos Veadeiros,18.3117864434591,queima prescrita,manejo,planet,Queima entre os dias 17/03 e 20/03,77,4/1/2025 12:00:00 AM,2025,abr,04,manejo,interior,18.3117864434591,0,CERRADO,GR 3 - CENTRO-OESTE,-, ,,,,195655.243164063,2625.62240053392, 
357934,0000.00.0023,APA do Planalto Central,0.908708341101407,incendio,incendio,planet, ,29,2/7/2025 12:00:00 AM,2025,fev,02,incendio,interior,0.908708341101407,0,CERRADO,GR 3 - CENTRO-OESTE,-, ,,,,9821.671875,475.069495238112, 
357935,0000.00.0179,PARNA do Viruá,11.7799294384324,queima prescrita,manejo,planet,Queima do dia 19/12 / Imagem do dia 01/01/2026,353,12/31/2025 12:00:00 AM,2025,dez,12,manejo,interior,11.7799294384324,0,AMAZÔNIA,GR 1 - NORTE,Núcleo de Gestão Integrada - ICMBio Roraima,CR Manaus,,,,118668.001342773,1518.86341613951,CT Manaus
357936,0000.00.0076,ESEC Serra Geral do Tocantins,102.309810559235,queima prescrita,manejo,planet,Queima do dia 03/04,94,4/9/2025 12:00:00 AM,2025,abr,04,manejo,interior,102.309810559235,0,CERRADO,GR 3 - CENTRO-OESTE,-, ,,,,1069121.07275391,4769.82644126499, 
357937,0000.00.0144,PARNA da Serra da Canastra,39.0196540343027,queima controlada,manejo,planet,Queima do dia 09/03,69,3/12/2025 12:00:00 AM,2025,mar,03,manejo,interior,39.0196540343027,0,CERRADO,GR 4 - SUDESTE,-, ,,,,445770.04296875,5550.33634403912, 
357938,0000.00.0139,PARNA da Chapada dos Veadeiros,376.684687327538,gestao de ignicao natural,manejo,planet,Fogo originado por raio,71,3/15/2025 12:00:00 AM,2025,mar,03,manejo,interior,376.684687327538,0,CERRADO,GR 3 - CENTRO-OESTE,-, ,,,,4026444.12744141,17652.5539365556, 
357939,0000.00.0219,REVIS das Veredas do Oeste Baiano,86.9358334320809,incendio,incendio,planet, ,69,3/13/2025 12:00:00 AM,2025,mar,03,incendio,interior,86.9358334320809,0,CERRADO,GR 3 - CENTRO-OESTE,Núcleo de Gestão Integrada - ICMBio Mambaí, ,,,,929448.887695313,4417.92729085815, 
357940,0000.00.0076,ESEC Serra Geral do Tocantins,1836.69246572407,queima prescrita,manejo,planet,Queima do dia 02/04,93,4/19/2025 12:00:00 AM,2025,abr,04,manejo,interior,1836.69246572407,0,CERRADO,GR 3 - CENTRO-OESTE,-, ,,,,19179193.5234375,57771.622658804, 
357941,0000.00.0219,REVIS das Veredas do Oeste Baiano,324.228602860247,incendio,incendio,planet, ,76,3/17/2025 12:00:00 AM,2025,mar,03,incendio,interior,324.228602860247,0,CERRADO,GR 3 - CENTRO-OESTE,Núcleo de Gestão Integrada - ICMBio Mambaí, ,,,,3465473.50097656,12087.3794399773, 
357942,0000.00.0139,PARNA da Chapada dos Veadeiros,257.423208320587,queima prescrita,manejo,planet,Queima do dia 20/03,80,3/25/2025 12:00:00 AM,2025,mar,03,manejo,interior,257.423208320587,0,CERRADO,GR 3 - CENTRO-OESTE,-, ,,,,2753568.95068359,8877.97662321669, 
357943,0000.00.0183,PARNA Grande Sertão Veredas,9.31707498068228,incendio,incendio,planet, ,18,1/23/2025 12:00:00 AM,2025,jan,01,incendio,interior,9.31707498068228,0,CERRADO,GR 4 - SUDESTE,-, ,,,,100809.403320313,1599.31630749748, 
357944,0000.00.0144,PARNA da Serra da Canastra,497.114862303985,queima prescrita,manejo,planet,Queima do dia 06/02,37,2/15/2025 12:00:00 AM,2025,fev,02,manejo,interior,497.114862303985,0,CERRADO,GR 4 - SUDESTE,-, ,,,,5673323.24023438,15254.3766135742, 
357945,0000.00.0139,PARNA da Chapada dos Veadeiros,41.4451960775366,queima prescrita,manejo,planet,Queima entre os dias 17/03 e 20/03,77,4/1/2025 12:00:00 AM,2025,abr,04,manejo,interior,41.4451960775366,0,CERRADO,GR 3 - CENTRO-OESTE,-, ,,,,443050.801757813,3253.45690817958, 
357946,0000.00.0076,ESEC Serra Geral do Tocantins,181.913961538021,gestao de ignicao antropica,manejo,planet,Queima do dia 18/05,139,5/21/2025 12:00:00 AM,2025,mai,05,manejo,interior,181.913961538021,0,CERRADO,GR 3 - CENTRO-OESTE,-, ,,,,1899997.52929688,8252.89873098792, 
357947,0000.00.1908,PARNA de Boa Nova,131.770758772648,incendio,incendio,planet, ,3,1/18/2025 12:00:00 AM,2025,jan,01,incendio,interior,131.770758772648,0,MATA ATLÂNTICA,GR 2 - NORDESTE,Núcleo de Gestão Integrada - ICMBio Sudoeste Baiano, ,,,,1412753.04052734,14178.6570965356,CT Salvador
357948,0000.00.0144,PARNA da Serra da Canastra,47.0305706901282,queima prescrita,manejo,planet,Queima entre os dias 18/03 e 21/03,78,3/22/2025 12:00:00 AM,2025,mar,03,manejo,interior,47.0305706901282,0,CERRADO,GR 4 - SUDESTE,-, ,,,,536699.684570313,5064.33971422622, 
357949,0000.00.0144,PARNA da Serra da Canastra,52.6990964148065,queima prescrita,manejo,planet,Queima entre os dias 18/03 e 21/03,78,3/22/2025 12:00:00 AM,2025,mar,03,manejo,interior,52.6990964148065,0,CERRADO,GR 4 - SUDESTE,-, ,,,,601407.724609375,4754.19822568066, 
357950,0000.00.0023,APA do Planalto Central,7.91794998961558,incendio,incendio,planet, ,3,1/5/2025 12:00:00 AM,2025,jan,01,incendio,interior,7.91794998961558,0,CERRADO,GR 3 - CENTRO-OESTE,-, ,,,,85796.5439453125,1786.01552675066, 
357951,0000.00.0159,PARNA de Brasília,6.40422299177277,incendio,incendio,planet, ,3,1/5/2025 12:00:00 AM,2025,jan,01,incendio,interior,6.40422299177277,0,CERRADO,GR 3 - CENTRO-OESTE,Núcleo de Gestão Integrada - ICMBio Brasília-Contagem, ,,,,69395.859375,1930.89476113543, 
357952,0000.00.0076,ESEC Serra Geral do Tocantins,8.8695302310996,incendio,incendio,planet, ,1,1/19/2025 12:00:00 AM,2025,jan,01,incendio,interior,8.8695302310996,0,CERRADO,GR 3 - CENTRO-OESTE,-, ,,,,92612.3364257813,1507.76137605521, 
357953,0000.00.0021,APA do Ibirapuitã,24.8254193670436,incendio,incendio,planet, ,37,2/14/2025 12:00:00 AM,2025,fev,02,incendio,interior,24.8254193670436,0,PAMPA,GR 5 - SUL,-, ,,,,337582.859375,2980.566926328, 
357954,0000.00.0076,ESEC Serra Geral do Tocantins,137.537420933841,queima prescrita,manejo,planet,Queima do dia 10/03,70,4/9/2025 12:00:00 AM,2025,abr,04,manejo,interior,137.537420933841,0,CERRADO,GR 3 - CENTRO-OESTE,-, ,,,,1433599.74804688,9863.90778564158, 
357955,0000.00.0182,PARNA e Histórico do Monte Pascoal,39.3759507491416,incendio,incendio,planet, ,31,2/2/2025 12:00:00 AM,2025,fev,02,incendio,interior,39.3759507491416,0,MATA ATLÂNTICA,GR 2 - NORDESTE,-, ,,,,432258.95703125,3162.33949539648,CT Salvador
357956,0000.00.0002,APA Cavernas do Peruaçu,45.6027488004518,incendio,incendio,planet, ,313,11/14/2025 12:00:00 AM,2025,nov,11,incendio,interior,45.6027488004518,0,CERRADO,GR 4 - SUDESTE,Núcleo de Gestão Integrada - ICMBio Peruaçu, ,,,,491641.169433594,3451.48059913291, 
357957,0000.00.0024,APA Meandros do Rio Araguaia,256.611297713693,incendio,incendio,planet, ,52,2/22/2025 12:00:00 AM,2025,fev,02,incendio,interior,256.611297713693,0,CERRADO,GR 3 - CENTRO-OESTE,Núcleo de Gestão Integrada - ICMBio Meandros do Rio Araguaia, ,,,,2726749.46337891,12192.9430045863, 
357958,0000.00.0144,PARNA da Serra da Canastra,98.2489223224946,queima prescrita,manejo,planet,Queima do dia 18/03,78,3/22/2025 12:00:00 AM,2025,mar,03,manejo,interior,98.2489223224946,0,CERRADO,GR 4 - SUDESTE,-, ,,,,1120610.48730469,6752.48087795662, 
357959,0000.00.0156,PARNA das Nascentes do Rio Parnaíba,61.5871542907518,incendio,incendio,planet, ,43,2/23/2025 12:00:00 AM,2025,fev,02,incendio,interior,61.5871542907518,0,CERRADO,GR 2 - NORDESTE,-, ,,,,639531.178222656,5137.32745378592,CT Fortaleza
357960,0000.00.0076,ESEC Serra Geral do Tocantins,811.39071419509,incendio,incendio,planet, ,66,3/17/2025 12:00:00 AM,2025,mar,03,incendio,interior,811.39071419509,0,CERRADO,GR 3 - CENTRO-OESTE,-, ,,,,8475980.69970703,24576.5519169147, 
357961,0000.00.0002,APA Cavernas do Peruaçu,10.25232351993,incendio,incendio,planet, ,319,11/30/2025 12:00:00 AM,2025,nov,11,incendio,interior,10.25232351993,0,CERRADO,GR 4 - SUDESTE,Núcleo de Gestão Integrada - ICMBio Peruaçu, ,,,,110517.068847656,1637.2031450445, 
357962,0000.00.0144,PARNA da Serra da Canastra,15.2520161170944,queima prescrita,manejo,planet,Queima do dia 18/03,78,3/22/2025 12:00:00 AM,2025,mar,03,manejo,interior,15.2520161170944,0,CERRADO,GR 4 - SUDESTE,-, ,,,,173953.510742188,1754.76629228239, 
357963,0000.00.0144,PARNA da Serra da Canastra,545.616072304774,queima prescrita,manejo,planet,Queima do dia 21/03,81,3/22/2025 12:00:00 AM,2025,mar,03,manejo,interior,545.616072304774,0,CERRADO,GR 4 - SUDESTE,-, ,,,,6227999.00878906,11903.7288819865, 
357964,0000.00.0139,PARNA da Chapada dos Veadeiros,16.627017638178,queima prescrita,manejo,planet,Queima entre os dias 17/03 e 20/03,77,4/1/2025 12:00:00 AM,2025,abr,04,manejo,interior,16.627017638178,0,CERRADO,GR 3 - CENTRO-OESTE,-, ,,,,177751.55078125,2195.54926027569, 
357965,0000.00.0144,PARNA da Serra da Canastra,33.2329688073346,queima prescrita,manejo,planet,Queima entre os dias 18/03 e 21/03,78,3/22/2025 12:00:00 AM,2025,mar,03,manejo,interior,33.2329688073346,0,CERRADO,GR 4 - SUDESTE,-, ,,,,379149.729492188,5589.25906416494, 
357966,0000.00.0144,PARNA da Serra da Canastra,163.504590124207,queima prescrita,manejo,planet,Queima do dia 18/03,78,3/22/2025 12:00:00 AM,2025,mar,03,manejo,interior,163.504590124207,0,CERRADO,GR 4 - SUDESTE,-, ,,,,1865749.13671875,7501.57233212233, 
357967,0000.00.0144,PARNA da Serra da Canastra,123.802159677221,queima prescrita,manejo,planet,Queima do dia 18/03,78,3/22/2025 12:00:00 AM,2025,mar,03,manejo,interior,123.802159677221,0,CERRADO,GR 4 - SUDESTE,-, ,,,,1412494.08496094,6954.02867823136, 
357968,0000.00.0144,PARNA da Serra da Canastra,149.115970966428,queima prescrita,manejo,planet,Queima do dia 18/03,78,3/22/2025 12:00:00 AM,2025,mar,03,manejo,interior,149.115970966428,0,CERRADO,GR 4 - SUDESTE,-, ,,,,1702498.89453125,7581.02569599493, 
357969,0000.00.0139,PARNA da Chapada dos Veadeiros,75.9117817861123,queima prescrita,manejo,planet,Queima entre os dias 17/03 e 20/03,77,4/1/2025 12:00:00 AM,2025,abr,04,manejo,interior,75.9117817861123,0,CERRADO,GR 3 - CENTRO-OESTE,-, ,,,,811413.255371094,4752.86488271189, 
357970,0000.00.0144,PARNA da Serra da Canastra,317.337308310461,queima prescrita,manejo,planet,Queima do dia 21/03,81,3/22/2025 12:00:00 AM,2025,mar,03,manejo,interior,317.337308310461,0,CERRADO,GR 4 - SUDESTE,-, ,,,,3622739.33300781,16868.3986094262, 
357971,0000.00.0021,APA do Ibirapuitã,318.839222059569,incendio,incendio,planet, ,36,2/14/2025 12:00:00 AM,2025,fev,02,incendio,interior,318.839222059569,0,PAMPA,GR 5 - SUL,-, ,,,,4287663.703125,14202.0651422487, 
357972,0000.00.0144,PARNA da Serra da Canastra,182.616588977121,queima prescrita,manejo,planet,Queima do dia 18/03,78,3/22/2025 12:00:00 AM,2025,mar,03,manejo,interior,182.616588977121,0,CERRADO,GR 4 - SUDESTE,-, ,,,,2083784.92675781,8409.33876600333, 
357973,0000.00.0023,APA do Planalto Central,2.0982568056413,incendio,incendio,planet, ,29,2/7/2025 12:00:00 AM,2025,fev,02,incendio,interior,2.0982568056413,0,CERRADO,GR 3 - CENTRO-OESTE,-, ,,,,22680.3935546875,886.617545324042, 
357974,0000.00.0137,PARNA da Chapada Diamantina,83.0743157203128,incendio,incendio,planet, ,87,3/31/2025 12:00:00 AM,2025,mar,03,incendio,interior,83.0743157203128,0,CAATINGA,GR 2 - NORDESTE,-, ,,,,876715.0625,7162.55452211874,CT Salvador
357975,0000.00.0023,APA do Planalto Central,30.1567792941055,incendio,incendio,planet, ,29,2/7/2025 12:00:00 AM,2025,fev,02,incendio,interior,30.1567792941055,0,CERRADO,GR 3 - CENTRO-OESTE,-, ,,,,325976.606445313,5607.73998466177, 
357976,0000.00.0023,APA do Planalto Central,1.06850758949838,incendio,incendio,planet, ,29,2/7/2025 12:00:00 AM,2025,fev,02,incendio,interior,1.06850758949838,0,CERRADO,GR 3 - CENTRO-OESTE,-, ,,,,11549.6748046875,584.583304467153, 
357977,0000.00.0144,PARNA da Serra da Canastra,520.311348745594,queima prescrita,manejo,planet,Queima do dia 22/03,82,4/2/2025 12:00:00 AM,2025,abr,04,manejo,interior,520.311348745594,0,CERRADO,GR 4 - SUDESTE,-, ,,,,5936050.93164063,19732.6808563107, 
357978,0000.00.0021,APA do Ibirapuitã,86.4619707776371,incendio,incendio,planet, ,22,1/28/2025 12:00:00 AM,2025,jan,01,incendio,interior,86.4619707776371,0,PAMPA,GR 5 - SUL,-, ,,,,1166209.59765625,7141.33036356305, 
357979,0000.00.0023,APA do Planalto Central,55.4467966449791,incendio,incendio,planet, ,29,2/7/2025 12:00:00 AM,2025,fev,02,incendio,interior,55.4467966449791,0,CERRADO,GR 3 - CENTRO-OESTE,-, ,,,,599407.185546875,6778.64691521135, 
357980,0000.00.0076,ESEC Serra Geral do Tocantins,15.3781809829258,incendio,incendio,planet, ,73,4/9/2025 12:00:00 AM,2025,abr,04,incendio,interior,15.3781809829258,0,CERRADO,GR 3 - CENTRO-OESTE,-, ,,,,160197.751464844,1852.89051331405, 
357981,0000.00.0155,PARNA das Emas,261.556385201386,queima prescrita,manejo,planet,Queima entre os dias 26/03 e 29/03,86,4/2/2025 12:00:00 AM,2025,abr,04,manejo,interior,261.556385201386,0,CERRADO,GR 3 - CENTRO-OESTE,-, ,,,,2906242.90234375,17904.528345781, 
357982,0000.00.0148,PARNA da Serra do Cipó,6.14479567386043,incendio,incendio,planet, ,23,1/23/2025 12:00:00 AM,2025,jan,01,incendio,interior,6.14479567386043,0,CERRADO,GR 4 - SUDESTE,Núcleo de Gestão Integrada - ICMBio Cipó-Pedreira, ,,,,69543.587890625,2021.77843974558, 
357983,0000.00.0027,APA Morro da Pedreira,71.2336785795016,incendio,incendio,planet, ,23,1/23/2025 12:00:00 AM,2025,jan,01,incendio,interior,71.2336785795016,0,CERRADO,GR 4 - SUDESTE,Núcleo de Gestão Integrada - ICMBio Cipó-Pedreira, ,,,,806199.770507813,5260.97711260378, 
357984,0000.00.0197,REBIO de Pedra Talhada,8.65134236097191,incendio,incendio,planet, ,35,2/24/2025 12:00:00 AM,2025,fev,02,incendio,interior,8.65134236097191,0,MATA ATLÂNTICA,GR 2 - NORDESTE,-, ,,,,89374.0541992188,1579.1944359967,CT Salvador
357985,0000.00.0155,PARNA das Emas,1277.19644065269,queima prescrita,manejo,planet,Queima entre os dias 26/03 e 29/03,86,4/2/2025 12:00:00 AM,2025,abr,04,manejo,interior,1277.19644065269,0,CERRADO,GR 3 - CENTRO-OESTE,-, ,,,,14200381.7216797,81036.9617666772, 
357986,0000.00.0219,REVIS das Veredas do Oeste Baiano,76.9611912867886,incendio,incendio,planet, ,23,1/24/2025 12:00:00 AM,2025,jan,01,incendio,interior,76.9611912867886,0,CERRADO,GR 3 - CENTRO-OESTE,Núcleo de Gestão Integrada - ICMBio Mambaí, ,,,,822364.8046875,5821.13010652208, 
357987,0000.00.0182,PARNA e Histórico do Monte Pascoal,77.5685964109035,incendio,incendio,planet, ,21,2/2/2025 12:00:00 AM,2025,fev,02,incendio,interior,77.5685964109035,0,MATA ATLÂNTICA,GR 2 - NORDESTE,-, ,,,,851798.419921875,5871.49189076772,CT Salvador
357988,0000.00.0148,PARNA da Serra do Cipó,2639.09871335546,queima prescrita,manejo,planet,Queima entre os dias 21/03 e 24/03,81,4/3/2025 12:00:00 AM,2025,abr,04,manejo,interior,2639.09871335546,0,CERRADO,GR 4 - SUDESTE,Núcleo de Gestão Integrada - ICMBio Cipó-Pedreira, ,,,,29826640.9130859,74783.4465940632, 
357989,0000.00.0002,APA Cavernas do Peruaçu,7.38274155509218,incendio,incendio,planet, ,319,11/30/2025 12:00:00 AM,2025,nov,11,incendio,interior,7.38274155509218,0,CERRADO,GR 4 - SUDESTE,Núcleo de Gestão Integrada - ICMBio Peruaçu, ,,,,79597.0375976563,1426.79043459215, 
357990,0000.00.0144,PARNA da Serra da Canastra,123.930934436548,incendio,incendio,planet, ,11,1/24/2025 12:00:00 AM,2025,jan,01,incendio,interior,123.930934436548,0,CERRADO,GR 4 - SUDESTE,-, ,,,,1419833.44824219,6950.83654603933, 
357991,0000.00.0023,APA do Planalto Central,4.59622701249193,incendio,incendio,planet, ,45,2/22/2025 12:00:00 AM,2025,fev,02,incendio,interior,4.59622701249193,0,CERRADO,GR 3 - CENTRO-OESTE,-, ,,,,49651.6162109375,1172.75556410705, 
357992,0000.00.1908,PARNA de Boa Nova,5.20620001582691,incendio,incendio,planet, ,7,1/28/2025 12:00:00 AM,2025,jan,01,incendio,interior,5.20620001582691,0,MATA ATLÂNTICA,GR 2 - NORDESTE,Núcleo de Gestão Integrada - ICMBio Sudoeste Baiano, ,,,,55803.35546875,2603.18215407279,CT Salvador
357993,0000.00.1907,REVIS de Boa Nova,51.560153601063,incendio,incendio,planet, ,7,1/28/2025 12:00:00 AM,2025,jan,01,incendio,interior,51.560153601063,0,MATA ATLÂNTICA,GR 2 - NORDESTE,Núcleo de Gestão Integrada - ICMBio Sudoeste Baiano, ,,,,552634.607421875,4848.76254508306,CT Salvador
357994,0000.00.0139,PARNA da Chapada dos Veadeiros,323.998095998154,queima prescrita,manejo,planet,Queima do dia 20/03,80,4/1/2025 12:00:00 AM,2025,abr,04,manejo,interior,323.998095998154,0,CERRADO,GR 3 - CENTRO-OESTE,-, ,,,,3466015.93994141,13462.2970065433, 
357995,0000.00.0076,ESEC Serra Geral do Tocantins,16.7056116805637,incendio,incendio,planet, ,5,1/19/2025 12:00:00 AM,2025,jan,01,incendio,interior,16.7056116805637,0,CERRADO,GR 3 - CENTRO-OESTE,-, ,,,,174645.263671875,2190.94861965832, 
357996,0000.00.0021,APA do Ibirapuitã,8.48923368092931,incendio,incendio,planet, ,71,3/14/2025 12:00:00 AM,2025,mar,03,incendio,interior,8.48923368092931,0,PAMPA,GR 5 - SUL,-, ,,,,114134.345703125,1764.96320095007, 
357997,0000.00.0168,PARNA do Araguaia,8.87343664884609,gestao de ignicao antropica,manejo,planet, ,136,5/18/2025 12:00:00 AM,2025,mai,05,manejo,interior,8.87343664884609,0,CERRADO,GR 3 - CENTRO-OESTE,-, ,,,,92149.7944335938,1316.66969057771, 
357998,0000.00.0025,APA das Ilhas e Várzeas do Rio Paraná,1047.94281026232,incendio,incendio,planet, ,18,1/31/2025 12:00:00 AM,2025,jan,01,incendio,interior,1047.94281026232,0,MATA ATLÂNTICA,GR 5 - SUL,Núcleo de Gestão Integrada - ICMBio Rio Paraná, ,,,,12399066.0087891,42414.7886608718, 
357999,0000.00.0144,PARNA da Serra da Canastra,487.628416653441,queima prescrita,manejo,planet,Queima do dia 23/03,83,4/2/2025 12:00:00 AM,2025,abr,04,manejo,interior,487.628416653441,0,CERRADO,GR 4 - SUDESTE,-, ,,,,5561751.38867188,17314.7163060108, 
358000,0000.00.0144,PARNA da Serra da Canastra,138.403111807891,queima prescrita,manejo,planet,Queima do dia 25/03,85,4/2/2025 12:00:00 AM,2025,abr,04,manejo,interior,138.403111807891,0,CERRADO,GR 4 - SUDESTE,-, ,,,,1579976.93945313,6104.22599874943, 
358001,0000.00.0144,PARNA da Serra da Canastra,80.8739962394696,queima prescrita,manejo,planet,Queima do dia 22/03,82,4/2/2025 12:00:00 AM,2025,abr,04,manejo,interior,80.8739962394696,0,CERRADO,GR 4 - SUDESTE,-, ,,,,923347.037109375,4115.46548199689, 
358002,0000.00.0144,PARNA da Serra da Canastra,1.42143370723589,queima prescrita,manejo,planet,Queima do dia 22/03,82,4/2/2025 12:00:00 AM,2025,abr,04,manejo,interior,1.42143370723589,0,CERRADO,GR 4 - SUDESTE,-, ,,,,16227.4638671875,705.830774465383, 
358003,0000.00.0144,PARNA da Serra da Canastra,435.73717744006,queima prescrita,manejo,planet,Queima do dia 23/03,83,4/2/2025 12:00:00 AM,2025,abr,04,manejo,interior,435.73717744006,0,CERRADO,GR 4 - SUDESTE,-, ,,,,4973815.59667969,10850.5999111197, 
358004,0000.00.0168,PARNA do Araguaia,2.44332930893314,gestao de ignicao antropica,manejo,planet, ,136,5/18/2025 12:00:00 AM,2025,mai,05,manejo,interior,2.44332930893314,0,CERRADO,GR 3 - CENTRO-OESTE,-, ,,,,25373.3125,745.406534030944, 
358005,0000.00.0144,PARNA da Serra da Canastra,360.00730318361,queima prescrita,manejo,planet,Queima do dia 27/03,87,4/2/2025 12:00:00 AM,2025,abr,04,manejo,interior,360.00730318361,0,CERRADO,GR 4 - SUDESTE,-, ,,,,4109119.83984375,15248.2035739424, 
358006,0000.00.0139,PARNA da Chapada dos Veadeiros,289.147139213902,queima prescrita,manejo,planet,Queima do dia 20/03,80,4/1/2025 12:00:00 AM,2025,abr,04,manejo,interior,289.147139213902,0,CERRADO,GR 3 - CENTRO-OESTE,-, ,,,,3092879.80908203,13974.6444020572, 
358007,0000.00.0139,PARNA da Chapada dos Veadeiros,1103.63406963563,queima prescrita,manejo,planet,Queima do dia 20/03,80,4/1/2025 12:00:00 AM,2025,abr,04,manejo,interior,1103.63406963563,0,CERRADO,GR 3 - CENTRO-OESTE,-, ,,,,11802610.3325195,40589.3134593672, 
358008,0000.00.0076,ESEC Serra Geral do Tocantins,40.0518268883987,queima prescrita,manejo,planet,Queima do dia 05/05,126,5/21/2025 12:00:00 AM,2025,mai,05,manejo,interior,40.0518268883987,0,CERRADO,GR 3 - CENTRO-OESTE,-, ,,,,418600.769042969,3534.55416901467, 
358009,0000.00.0144,PARNA da Serra da Canastra,578.062606178899,queima prescrita,manejo,planet,Queima do dia 21/03,81,4/2/2025 12:00:00 AM,2025,abr,04,manejo,interior,578.062606178899,0,CERRADO,GR 4 - SUDESTE,-, ,,,,6590873.16113281,24725.6374725628, 
358010,0000.00.0076,ESEC Serra Geral do Tocantins,228.081484036421,queima prescrita,manejo,planet,Queima do dia 02/04,93,4/19/2025 12:00:00 AM,2025,abr,04,manejo,interior,228.081484036421,0,CERRADO,GR 3 - CENTRO-OESTE,-, ,,,,2382260.74121094,9720.74230609755, 
358011,0000.00.0139,PARNA da Chapada dos Veadeiros,234.373818634675,queima prescrita,manejo,planet,Queima entre os dias 17/03 e 20/03,77,4/1/2025 12:00:00 AM,2025,abr,04,manejo,interior,234.373818634675,0,CERRADO,GR 3 - CENTRO-OESTE,-, ,,,,2503625.66894531,19978.8040891681, 
358012,0000.00.0139,PARNA da Chapada dos Veadeiros,78.8345343699898,queima prescrita,manejo,planet,Queima entre os dias 17/03 e 20/03,77,4/1/2025 12:00:00 AM,2025,abr,04,manejo,interior,78.8345343699898,0,CERRADO,GR 3 - CENTRO-OESTE,-, ,,,,842132.326660156,5220.50156589079, 
358013,0000.00.0168,PARNA do Araguaia,3.88219581402864,queima prescrita,manejo,planet,Queima do dia 05/08. Operação conjunta entre ICMBio e IBAMA,217,8/11/2025 12:00:00 AM,2025,ago,08,manejo,interior,3.88219581402864,0,CERRADO,GR 3 - CENTRO-OESTE,-, ,,,,40517.6909179688,955.465297473409, 
358014,0000.00.0139,PARNA da Chapada dos Veadeiros,76.1083731039176,queima prescrita,manejo,planet,Queima entre os dias 17/03 e 20/03,77,4/1/2025 12:00:00 AM,2025,abr,04,manejo,interior,76.1083731039176,0,CERRADO,GR 3 - CENTRO-OESTE,-, ,,,,813142.804199219,9398.53703057915, 
358015,0000.00.0139,PARNA da Chapada dos Veadeiros,63.9570512816817,queima prescrita,manejo,planet,Queima entre os dias 17/03 e 20/03,77,4/1/2025 12:00:00 AM,2025,abr,04,manejo,interior,63.9570512816817,0,CERRADO,GR 3 - CENTRO-OESTE,-, ,,,,683702.387695313,7144.97020691785, 
358016,0000.00.0139,PARNA da Chapada dos Veadeiros,20.6153293727382,queima prescrita,manejo,planet,Queima entre os dias 17/03 e 20/03,77,4/1/2025 12:00:00 AM,2025,abr,04,manejo,interior,20.6153293727382,0,CERRADO,GR 3 - CENTRO-OESTE,-, ,,,,220367.358886719,3822.53165984804, 
358017,0000.00.0139,PARNA da Chapada dos Veadeiros,31.9927311664882,queima prescrita,manejo,planet,Queima entre os dias 17/03 e 20/03,77,4/1/2025 12:00:00 AM,2025,abr,04,manejo,interior,31.9927311664882,0,CERRADO,GR 3 - CENTRO-OESTE,-, ,,,,342037.653320313,4406.12485544785, 
358018,0000.00.0076,ESEC Serra Geral do Tocantins,128.345191198445,gestao de ignicao antropica,manejo,planet, ,75,4/19/2025 12:00:00 AM,2025,abr,04,manejo,interior,128.345191198445,0,CERRADO,GR 3 - CENTRO-OESTE,-, ,,,,1341660.25048828,5312.74878660238, 
358019,0000.00.0139,PARNA da Chapada dos Veadeiros,328.306909318127,queima prescrita,manejo,planet,Queima entre os dias 17/03 e 20/03,77,4/1/2025 12:00:00 AM,2025,abr,04,manejo,interior,328.306909318127,0,CERRADO,GR 3 - CENTRO-OESTE,-, ,,,,3508726.32080078,18483.4081708942, 
358020,0000.00.0139,PARNA da Chapada dos Veadeiros,502.01727879007,queima prescrita,manejo,planet,Queima entre os dias 17/03 e 20/03,77,4/1/2025 12:00:00 AM,2025,abr,04,manejo,interior,502.01727879007,0,CERRADO,GR 3 - CENTRO-OESTE,-, ,,,,5362551.66552734,17508.622635317, 
358021,0000.00.0139,PARNA da Chapada dos Veadeiros,7.56897192215266,queima prescrita,manejo,planet,Queima entre os dias 17/03 e 20/03,77,4/1/2025 12:00:00 AM,2025,abr,04,manejo,interior,7.56897192215266,0,CERRADO,GR 3 - CENTRO-OESTE,-, ,,,,80868.6010742188,1300.593576614, 
358022,0000.00.0139,PARNA da Chapada dos Veadeiros,75.9200064883228,queima prescrita,manejo,planet,Queima entre os dias 17/03 e 20/03,77,4/1/2025 12:00:00 AM,2025,abr,04,manejo,interior,75.9200064883228,0,CERRADO,GR 3 - CENTRO-OESTE,-, ,,,,811548.618164063,6541.73726674441, 
358023,0000.00.0139,PARNA da Chapada dos Veadeiros,71.1076161887646,queima prescrita,manejo,planet,Queima entre os dias 17/03 e 20/03,77,4/1/2025 12:00:00 AM,2025,abr,04,manejo,interior,71.1076161887646,0,CERRADO,GR 3 - CENTRO-OESTE,-, ,,,,760186.296386719,6510.66304204221, 
358024,0000.00.0183,PARNA Grande Sertão Veredas,481.502700449536,queima prescrita,manejo,planet,Queima entre os dias 01/04 e 07/04,92,4/6/2025 12:00:00 AM,2025,abr,04,manejo,interior,481.502700449536,0,CERRADO,GR 4 - SUDESTE,-, ,,,,5192907.40429688,19738.5770634405, 
358025,0000.00.0139,PARNA da Chapada dos Veadeiros,507.027076695234,queima prescrita,manejo,planet,Queima entre os dias 18/03 e 20/03,78,4/1/2025 12:00:00 AM,2025,abr,04,manejo,interior,507.027076695234,0,CERRADO,GR 3 - CENTRO-OESTE,-, ,,,,5425063.66015625,24651.7954184878, 
358026,0000.00.0139,PARNA da Chapada dos Veadeiros,21.0004103957237,queima prescrita,manejo,planet,Queima entre os dias 18/03 e 20/03,78,4/1/2025 12:00:00 AM,2025,abr,04,manejo,interior,21.0004103957237,0,CERRADO,GR 3 - CENTRO-OESTE,-, ,,,,224725.998046875,3039.07293517614, 
358027,0000.00.0139,PARNA da Chapada dos Veadeiros,117.732858612195,queima prescrita,manejo,planet,Queima entre os dias 18/03 e 20/03,78,4/1/2025 12:00:00 AM,2025,abr,04,manejo,interior,117.732858612195,0,CERRADO,GR 3 - CENTRO-OESTE,-, ,,,,1258831.52685547,7378.71288694972, 
358028,0000.00.0183,PARNA Grande Sertão Veredas,10.3945768120056,queima prescrita,manejo,planet,Queima entre os dias 01/04 e 07/04,92,4/6/2025 12:00:00 AM,2025,abr,04,manejo,interior,10.3945768120056,0,CERRADO,GR 4 - SUDESTE,-, ,,,,112083.323242188,1512.20659341678, 
358029,0000.00.0139,PARNA da Chapada dos Veadeiros,1024.37141625443,queima prescrita,manejo,planet,Queima entre os dias 02/04 e 04/04,93,4/6/2025 12:00:00 AM,2025,abr,04,manejo,interior,1024.37141625443,0,CERRADO,GR 3 - CENTRO-OESTE,-, ,,,,10955914.7080078,35158.1118832688, 
358030,0000.00.0168,PARNA do Araguaia,12.9269895500171,gestao de ignicao antropica,manejo,planet, ,132,5/18/2025 12:00:00 AM,2025,mai,05,manejo,interior,12.9269895500171,0,CERRADO,GR 3 - CENTRO-OESTE,-, ,,,,134588.833984375,1879.8869261837, 
358031,0000.00.0139,PARNA da Chapada dos Veadeiros,531.12047814382,queima prescrita,manejo,planet,Queima entre os dias 18/03 e 20/03,78,4/1/2025 12:00:00 AM,2025,abr,04,manejo,interior,531.12047814382,0,CERRADO,GR 3 - CENTRO-OESTE,-, ,,,,5680577.30908203,29762.0511401236, 
358032,0000.00.0138,PARNA da Chapada dos Guimaraes,13.1059240095167,queima prescrita,manejo,planet,Queima do dia 17/03,77,4/1/2025 12:00:00 AM,2025,abr,04,manejo,interior,13.1059240095167,0,CERRADO,GR 3 - CENTRO-OESTE,-, ,,,,141699.231445313,2594.49936482969,CT - GR3
358033,0000.00.0076,ESEC Serra Geral do Tocantins,36.7108909019444,gestao de ignicao antropica,manejo,planet, ,75,4/19/2025 12:00:00 AM,2025,abr,04,manejo,interior,36.7108909019444,0,CERRADO,GR 3 - CENTRO-OESTE,-, ,,,,383762.2109375,4022.43597002192, 
358034,0000.00.0023,APA do Planalto Central,16.2068628739477,incendio,incendio,planet, ,131,5/25/2025 12:00:00 AM,2025,mai,05,incendio,interior,16.2068628739477,0,CERRADO,GR 3 - CENTRO-OESTE,-, ,,,,175209.516601563,1843.12241924915, 
358035,0000.00.0219,REVIS das Veredas do Oeste Baiano,682.018025745947,queima prescrita,manejo,planet,Queima entre os dias 03/04 e 07/04,94,4/6/2025 12:00:00 AM,2025,abr,04,manejo,interior,682.018025745947,0,CERRADO,GR 3 - CENTRO-OESTE,Núcleo de Gestão Integrada - ICMBio Mambaí, ,,,,7312769.12060547,29846.7632872529, 
358036,0000.00.0076,ESEC Serra Geral do Tocantins,121.419810498078,gestao de ignicao antropica,manejo,planet, ,75,4/19/2025 12:00:00 AM,2025,abr,04,manejo,interior,121.419810498078,0,CERRADO,GR 3 - CENTRO-OESTE,-, ,,,,1269427.21240234,9625.6828161821, 
358037,0000.00.0076,ESEC Serra Geral do Tocantins,21.9815341948614,queima prescrita,manejo,planet,Queima do dia 05/05,126,5/21/2025 12:00:00 AM,2025,mai,05,manejo,interior,21.9815341948614,0,CERRADO,GR 3 - CENTRO-OESTE,-, ,,,,229707.234375,2883.26637835681, 
358038,0000.00.0144,PARNA da Serra da Canastra,64.8962797454225,queima prescrita,manejo,planet,Queima do dia 21/04,112,4/20/2025 12:00:00 AM,2025,abr,04,manejo,interior,64.8962797454225,0,CERRADO,GR 4 - SUDESTE,-, ,,,,741137.016601563,7187.56022855502, 
358039,0000.00.0144,PARNA da Serra da Canastra,168.645420167734,queima prescrita,manejo,planet,Queima do dia 01/04,92,4/20/2025 12:00:00 AM,2025,abr,04,manejo,interior,168.645420167734,0,CERRADO,GR 4 - SUDESTE,-, ,,,,1922809.52539063,11321.4925732553, 
358040,0000.00.0076,ESEC Serra Geral do Tocantins,98.7067064279725,gestao de ignicao antropica,manejo,planet, ,75,4/19/2025 12:00:00 AM,2025,abr,04,manejo,interior,98.7067064279725,0,CERRADO,GR 3 - CENTRO-OESTE,-, ,,,,1032117.29443359,4595.74869457258, 
358041,0000.00.0076,ESEC Serra Geral do Tocantins,25.4200210889347,queima prescrita,manejo,planet,Queima do dia 05/05,126,5/21/2025 12:00:00 AM,2025,mai,05,manejo,interior,25.4200210889347,0,CERRADO,GR 3 - CENTRO-OESTE,-, ,,,,265644.723632813,2814.01896784355, 
358042,0000.00.0076,ESEC Serra Geral do Tocantins,17.1349430427091,queima prescrita,manejo,planet,Queima do dia 05/05,126,5/21/2025 12:00:00 AM,2025,mai,05,manejo,interior,17.1349430427091,0,CERRADO,GR 3 - CENTRO-OESTE,-, ,,,,179074.075195313,2744.26945507108, 
358043,0000.00.0183,PARNA Grande Sertão Veredas,1238.38630062077,queima prescrita,manejo,planet,Queima do dia 08/04,99,4/12/2025 12:00:00 AM,2025,abr,04,manejo,interior,1238.38630062077,0,CERRADO,GR 4 - SUDESTE,-, ,,,,13339049.034668,37446.6797237857, 
358044,0000.00.0183,PARNA Grande Sertão Veredas,7.60779191614734,queima prescrita,manejo,planet,Queima do dia 07/04,98,4/12/2025 12:00:00 AM,2025,abr,04,manejo,interior,7.60779191614734,0,CERRADO,GR 4 - SUDESTE,-, ,,,,81997.2143554688,1844.21395649846, 
358045,0000.00.0183,PARNA Grande Sertão Veredas,49.2210493303421,queima prescrita,manejo,planet,Queima do dia 07/04,98,4/12/2025 12:00:00 AM,2025,abr,04,manejo,interior,49.2210493303421,0,CERRADO,GR 4 - SUDESTE,-, ,,,,530520.126464844,6034.90752232164, 
358046,0000.00.0183,PARNA Grande Sertão Veredas,22.3054726836851,queima prescrita,manejo,planet,Queima do dia 07/04,98,4/12/2025 12:00:00 AM,2025,abr,04,manejo,interior,22.3054726836851,0,CERRADO,GR 4 - SUDESTE,-, ,,,,240419.725097656,3650.50751291155, 
358047,0000.00.0183,PARNA Grande Sertão Veredas,53.8021809178741,queima prescrita,manejo,planet,Queima do dia 07/04,98,4/12/2025 12:00:00 AM,2025,abr,04,manejo,interior,53.8021809178741,0,CERRADO,GR 4 - SUDESTE,-, ,,,,579967.679199219,4188.67559700491, 
358048,0000.00.0076,ESEC Serra Geral do Tocantins,52.1540139794764,queima prescrita,manejo,planet,Queima do dia 05/05,126,5/21/2025 12:00:00 AM,2025,mai,05,manejo,interior,52.1540139794764,0,CERRADO,GR 3 - CENTRO-OESTE,-, ,,,,545197.095214844,4037.10134134828, 
358049,0000.00.0183,PARNA Grande Sertão Veredas,401.119399276149,queima prescrita,manejo,planet,Queima do dia 07/04,98,4/12/2025 12:00:00 AM,2025,abr,04,manejo,interior,401.119399276149,0,CERRADO,GR 4 - SUDESTE,-, ,,,,4325044.51464844,25145.8573947409, 
358050,0000.00.0027,APA Morro da Pedreira,77.313421004454,queima prescrita,manejo,planet,Queima do dia 11/04,102,4/11/2025 12:00:00 AM,2025,abr,04,manejo,interior,77.313421004454,0,CERRADO,GR 4 - SUDESTE,Núcleo de Gestão Integrada - ICMBio Cipó-Pedreira, ,,,,870602.765625,8797.69918526886, 
358051,0000.00.0156,PARNA das Nascentes do Rio Parnaíba,141.000555166593,incendio,incendio,planet, ,95,4/9/2025 12:00:00 AM,2025,abr,04,incendio,interior,141.000555166593,0,CERRADO,GR 2 - NORDESTE,-, ,,,,1463174.34521484,8716.10413347912,CT Fortaleza
358052,0000.00.0144,PARNA da Serra da Canastra,48.4157880312393,aceiro,manejo,planet,Queima do dia 02/04,93,4/20/2025 12:00:00 AM,2025,abr,04,manejo,interior,48.4157880312393,0,CERRADO,GR 4 - SUDESTE,-, ,,,,552086.024414063,5041.08655808283, 
358053,0000.00.0144,PARNA da Serra da Canastra,37.459904327742,aceiro,manejo,planet,Queima do dia 02/04,93,4/20/2025 12:00:00 AM,2025,abr,04,manejo,interior,37.459904327742,0,CERRADO,GR 4 - SUDESTE,-, ,,,,427170.110351563,3740.81345071007, 
358054,0000.00.0144,PARNA da Serra da Canastra,3.51247559324236,aceiro,manejo,planet,Queima do dia 02/04,93,4/20/2025 12:00:00 AM,2025,abr,04,manejo,interior,3.51247559324236,0,CERRADO,GR 4 - SUDESTE,-, ,,,,40055.1298828125,1315.74323201733, 
358055,0000.00.0076,ESEC Serra Geral do Tocantins,120.751955457551,queima controlada,manejo,planet,Queima do dia 09/04,100,4/21/2025 12:00:00 AM,2025,abr,04,manejo,interior,120.751955457551,0,CERRADO,GR 3 - CENTRO-OESTE,-, ,,,,1258011.66357422,9806.65958721038, 
358056,0000.00.0023,APA do Planalto Central,16.4602018145692,incendio,incendio,planet, ,137,5/25/2025 12:00:00 AM,2025,mai,05,incendio,interior,16.4602018145692,0,CERRADO,GR 3 - CENTRO-OESTE,-, ,,,,177974.934570313,1936.54939966683, 
358057,0000.00.0219,REVIS das Veredas do Oeste Baiano,495.460854076123,queima controlada,manejo,planet,Queima do dia 27/05,148,5/28/2025 12:00:00 AM,2025,mai,05,manejo,interior,495.460854076123,0,CERRADO,GR 3 - CENTRO-OESTE,Núcleo de Gestão Integrada - ICMBio Mambaí, ,,,,5305349.52441406,32681.8799558163, 
358058,0000.00.0076,ESEC Serra Geral do Tocantins,539.068806458141,queima prescrita,manejo,planet,Queima do dia 06/03,66,3/13/2025 12:00:00 AM,2025,mar,03,manejo,interior,539.068806458141,0,CERRADO,GR 3 - CENTRO-OESTE,-, ,,,,5629517.21923828,15205.1985850701, 
358059,0000.00.0076,ESEC Serra Geral do Tocantins,237.84442063355,queima controlada,manejo,planet,Queima do dia 04/04,95,4/9/2025 12:00:00 AM,2025,abr,04,manejo,interior,237.84442063355,0,CERRADO,GR 3 - CENTRO-OESTE,-, ,,,,2477714.15673828,10421.8384816868, 
358060,0000.00.0076,ESEC Serra Geral do Tocantins,135.335104389862,queima controlada,manejo,planet,Queima do dia 04/04,95,4/9/2025 12:00:00 AM,2025,abr,04,manejo,interior,135.335104389862,0,CERRADO,GR 3 - CENTRO-OESTE,-, ,,,,1409758.48876953,7359.06073882671, 
358061,0000.00.0139,PARNA da Chapada dos Veadeiros,4.32287438122195,queima controlada,manejo,planet,Queima do dia 15/04,106,5/4/2025 12:00:00 AM,2025,mai,05,manejo,interior,4.32287438122195,0,CERRADO,GR 3 - CENTRO-OESTE,-, ,,,,46166.0913085938,962.485491028663, 
358062,0000.00.0076,ESEC Serra Geral do Tocantins,110.224206701187,queima prescrita,manejo,planet,Queima do dia 03/04,94,4/9/2025 12:00:00 AM,2025,abr,04,manejo,interior,110.224206701187,0,CERRADO,GR 3 - CENTRO-OESTE,-, ,,,,1151225.90039063,7894.03024066012, 
358063,0000.00.0076,ESEC Serra Geral do Tocantins,63.2878920178095,queima prescrita,manejo,planet,Queima do dia 03/04,94,4/9/2025 12:00:00 AM,2025,abr,04,manejo,interior,63.2878920178095,0,CERRADO,GR 3 - CENTRO-OESTE,-, ,,,,661040.33984375,5312.51294882216, 
358064,0000.00.0076,ESEC Serra Geral do Tocantins,51.8808050124144,queima prescrita,manejo,planet,Queima do dia 25/03,85,4/9/2025 12:00:00 AM,2025,abr,04,manejo,interior,51.8808050124144,0,CERRADO,GR 3 - CENTRO-OESTE,-, ,,,,540148.083984375,10364.2581369422, 
358065,0000.00.0076,ESEC Serra Geral do Tocantins,34.2955854044496,queima prescrita,manejo,planet,Queima do dia 25/03,85,4/9/2025 12:00:00 AM,2025,abr,04,manejo,interior,34.2955854044496,0,CERRADO,GR 3 - CENTRO-OESTE,-, ,,,,356985.248046875,7455.86429720119, 
358066,0000.00.0272,PARNA da Chapada das Mesas,111.115527321454,queima controlada,manejo,planet,Queima do dia 03/05,124,5/8/2025 12:00:00 AM,2025,mai,05,manejo,interior,111.115527321454,0,CERRADO,GR 2 - NORDESTE,-, ,,,,1136669.40185547,6908.49223491989,CT Fortaleza
358067,0000.00.0076,ESEC Serra Geral do Tocantins,284.274711978348,queima prescrita,manejo,planet,Queima do dia 25/03,85,4/9/2025 12:00:00 AM,2025,abr,04,manejo,interior,284.274711978348,0,CERRADO,GR 3 - CENTRO-OESTE,-, ,,,,2959462.71923828,13882.2778704628, 
358068,0000.00.0076,ESEC Serra Geral do Tocantins,340.969597839174,queima prescrita,manejo,planet,Queima do dia 25/03,85,4/9/2025 12:00:00 AM,2025,abr,04,manejo,interior,340.969597839174,0,CERRADO,GR 3 - CENTRO-OESTE,-, ,,,,3548549.30322266,10531.5166163195, 
358069,0000.00.0076,ESEC Serra Geral do Tocantins,327.215051917201,queima prescrita,manejo,planet,Queima do dia 25/03,85,4/9/2025 12:00:00 AM,2025,abr,04,manejo,interior,327.215051917201,0,CERRADO,GR 3 - CENTRO-OESTE,-, ,,,,3406041.08349609,13502.0622535124, 
358070,0000.00.0076,ESEC Serra Geral do Tocantins,1363.7897385761,gestao de ignicao antropica,manejo,planet, ,107,4/19/2025 12:00:00 AM,2025,abr,04,manejo,interior,1363.7897385761,0,CERRADO,GR 3 - CENTRO-OESTE,-, ,,,,14211388.7983398,27522.3197057538, 
358071,0000.00.0076,ESEC Serra Geral do Tocantins,19.3163160856329,queima prescrita,manejo,planet,Queima do dia 03/04,94,4/9/2025 12:00:00 AM,2025,abr,04,manejo,interior,19.3163160856329,0,CERRADO,GR 3 - CENTRO-OESTE,-, ,,,,201801.735351563,2550.33726008335, 
358072,0000.00.0076,ESEC Serra Geral do Tocantins,93.9863089113267,queima prescrita,manejo,planet,Queima do dia 03/04,94,4/9/2025 12:00:00 AM,2025,abr,04,manejo,interior,93.9863089113267,0,CERRADO,GR 3 - CENTRO-OESTE,-, ,,,,981688.742675781,9276.45754648284, 
358073,0000.00.0197,REBIO de Pedra Talhada,16.8713535793735,incendio,incendio,planet, ,115,4/26/2025 12:00:00 AM,2025,abr,04,incendio,interior,16.8713535793735,0,MATA ATLÂNTICA,GR 2 - NORDESTE,-, ,,,,174262.216308594,3748.47288973342,CT Salvador
358074,0000.00.0144,PARNA da Serra da Canastra,420.733987208071,queima prescrita,manejo,planet,Queima do dia 15/04,106,4/20/2025 12:00:00 AM,2025,abr,04,manejo,interior,420.733987208071,0,CERRADO,GR 4 - SUDESTE,-, ,,,,4803739.48242188,12299.0560393024, 
358075,0000.00.0076,ESEC Serra Geral do Tocantins,156.826207594433,gestao de ignicao antropica,manejo,planet, ,75,4/9/2025 12:00:00 AM,2025,abr,04,manejo,interior,156.826207594433,0,CERRADO,GR 3 - CENTRO-OESTE,-, ,,,,1636030.44335938,14084.1359257453, 
358076,0000.00.0076,ESEC Serra Geral do Tocantins,52.9836390457878,queima prescrita,manejo,planet,Queima do dia 25/03,85,4/9/2025 12:00:00 AM,2025,abr,04,manejo,interior,52.9836390457878,0,CERRADO,GR 3 - CENTRO-OESTE,-, ,,,,551462.323242188,6002.12982571244, 
358077,0000.00.0076,ESEC Serra Geral do Tocantins,13.7089800249059,gestao de ignicao antropica,manejo,planet, ,75,4/19/2025 12:00:00 AM,2025,abr,04,manejo,interior,13.7089800249059,0,CERRADO,GR 3 - CENTRO-OESTE,-, ,,,,143366.004882813,1790.33637342755, 
358078,0000.00.0076,ESEC Serra Geral do Tocantins,19.3435061182747,queima prescrita,manejo,planet,Queima do dia 25/03,85,4/9/2025 12:00:00 AM,2025,abr,04,manejo,interior,19.3435061182747,0,CERRADO,GR 3 - CENTRO-OESTE,-, ,,,,201474.46875,2524.72683362986, 
358079,0000.00.0076,ESEC Serra Geral do Tocantins,80.6950710808186,gestao de ignicao antropica,manejo,planet, ,75,4/19/2025 12:00:00 AM,2025,abr,04,manejo,interior,80.6950710808186,0,CERRADO,GR 3 - CENTRO-OESTE,-, ,,,,843923.036132813,11686.9638948578, 
358080,0000.00.0157,PARNA das Sempre-Vivas,69.8483434194809,queima prescrita,manejo,planet,Queima do dia 25/04,116,4/25/2025 12:00:00 AM,2025,abr,04,manejo,interior,69.8483434194809,0,CERRADO,GR 4 - SUDESTE,-, ,,,,775468.418945313,7855.86586379401, 
358081,0000.00.0174,PARNA do Monte Roraima,93.1969142102434,queima controlada,manejo,planet,Queima do dia 26/04,117,4/26/2025 12:00:00 AM,2025,abr,04,manejo,interior,93.1969142102434,0,AMAZÔNIA,GR 1 - NORTE,Núcleo de Gestão Integrada - ICMBio Roraima,CR Manaus,,,,945025.791503906,6242.17625310536,CT Manaus
358082,0000.00.0157,PARNA das Sempre-Vivas,58.4726133842249,queima prescrita,manejo,planet,Queima do dia 25/04,116,4/25/2025 12:00:00 AM,2025,abr,04,manejo,interior,58.4726133842249,0,CERRADO,GR 4 - SUDESTE,-, ,,,,649266.7578125,5299.26244524276, 
358083,0000.00.0157,PARNA das Sempre-Vivas,7.56892243725596,queima prescrita,manejo,planet,Queima do dia 25/04,116,4/25/2025 12:00:00 AM,2025,abr,04,manejo,interior,7.56892243725596,0,CERRADO,GR 4 - SUDESTE,-, ,,,,84048.4970703125,1408.44994100881, 
358084,0000.00.0157,PARNA das Sempre-Vivas,23.6373886643805,queima prescrita,manejo,planet,Queima do dia 25/04,116,4/25/2025 12:00:00 AM,2025,abr,04,manejo,interior,23.6373886643805,0,CERRADO,GR 4 - SUDESTE,-, ,,,,262389.83203125,2339.36758845037, 
358085,0000.00.0157,PARNA das Sempre-Vivas,7.4525849093994,queima prescrita,manejo,planet,Queima do dia 25/04,116,4/25/2025 12:00:00 AM,2025,abr,04,manejo,interior,7.4525849093994,0,CERRADO,GR 4 - SUDESTE,-, ,,,,82722.7080078125,1699.52056474572, 
358086,0000.00.0174,PARNA do Monte Roraima,12.6075298133656,queima controlada,manejo,planet,Queima do dia 24/04,115,4/26/2025 12:00:00 AM,2025,abr,04,manejo,interior,12.6075298133656,0,AMAZÔNIA,GR 1 - NORTE,Núcleo de Gestão Integrada - ICMBio Roraima,CR Manaus,,,,127844.748535156,1628.9325564259,CT Manaus
358087,0000.00.0174,PARNA do Monte Roraima,88.0848730527747,queima controlada,manejo,planet,Queima do dia 24/04,115,4/26/2025 12:00:00 AM,2025,abr,04,manejo,interior,88.0848730527747,0,AMAZÔNIA,GR 1 - NORTE,Núcleo de Gestão Integrada - ICMBio Roraima,CR Manaus,,,,893224.335449219,6684.37889105055,CT Manaus
358088,0000.00.0028,APA das Nascentes do Rio Vermelho,98.111823571609,queima controlada,manejo,planet,Queima do dia 10/05,131,5/11/2025 12:00:00 AM,2025,mai,05,manejo,interior,98.111823571609,0,CERRADO,GR 3 - CENTRO-OESTE,Núcleo de Gestão Integrada - ICMBio Mambaí, ,,,,1051291.40283203,5857.80242957424, 
358089,0000.00.0144,PARNA da Serra da Canastra,158.591438243931,queima prescrita,manejo,planet,Queima entre os dias 29/04 e 30/04,120,5/3/2025 12:00:00 AM,2025,mai,05,manejo,interior,158.591438243931,0,CERRADO,GR 4 - SUDESTE,-, ,,,,1808564.53222656,7932.92063668328, 
358090,0000.00.0139,PARNA da Chapada dos Veadeiros,12.4383732562337,queima controlada,manejo,planet,Queima do dia 15/04,106,4/24/2025 12:00:00 AM,2025,abr,04,manejo,interior,12.4383732562337,0,CERRADO,GR 3 - CENTRO-OESTE,-, ,,,,132853.555175781,2062.62425088606, 
358091,0000.00.0139,PARNA da Chapada dos Veadeiros,13.0478942028762,queima controlada,manejo,planet,Queima do dia 15/04,106,4/24/2025 12:00:00 AM,2025,abr,04,manejo,interior,13.0478942028762,0,CERRADO,GR 3 - CENTRO-OESTE,-, ,,,,139346.662109375,1474.83854078562, 
358092,0000.00.0139,PARNA da Chapada dos Veadeiros,2.54713787986384,queima controlada,manejo,planet,Queima do dia 15/04,106,4/24/2025 12:00:00 AM,2025,abr,04,manejo,interior,2.54713787986384,0,CERRADO,GR 3 - CENTRO-OESTE,-, ,,,,27202.5991210938,937.466468745574, 
358093,0000.00.0139,PARNA da Chapada dos Veadeiros,14.2082118188784,queima controlada,manejo,planet,Queima do dia 15/04,106,4/24/2025 12:00:00 AM,2025,abr,04,manejo,interior,14.2082118188784,0,CERRADO,GR 3 - CENTRO-OESTE,-, ,,,,151731.863769531,2253.41516017564, 
358094,0000.00.0002,APA Cavernas do Peruaçu,4.26198992945012,incendio,incendio,planet, ,335,12/25/2025 12:00:00 AM,2025,dez,12,incendio,interior,4.26198992945012,0,CERRADO,GR 4 - SUDESTE,Núcleo de Gestão Integrada - ICMBio Peruaçu, ,,,,45920.638671875,1303.83219541857, 
358095,0000.00.0076,ESEC Serra Geral do Tocantins,94.3242936861589,queima prescrita,manejo,planet,Queima do dia 08/05,129,5/21/2025 12:00:00 AM,2025,mai,05,manejo,interior,94.3242936861589,0,CERRADO,GR 3 - CENTRO-OESTE,-, ,,,,986350.576171875,6450.60229247652, 
358096,0000.00.0023,APA do Planalto Central,2.9215953398134,incendio,incendio,planet, ,117,5/6/2025 12:00:00 AM,2025,mai,05,incendio,interior,2.9215953398134,0,CERRADO,GR 3 - CENTRO-OESTE,-, ,,,,31620.4267578125,1262.61204570491, 
358097,0000.00.0074,ESEC Raso da Catarina,1.95076100285696,incendio,incendio,planet, ,122,5/30/2025 12:00:00 AM,2025,mai,05,incendio,interior,1.95076100285696,0,CAATINGA,GR 2 - NORDESTE,Núcleo de Gestão Integrada - ICMBio Paulo Afonso, ,,,,20216.5034179688,612.162176125229,CT Salvador
358098,0000.00.0076,ESEC Serra Geral do Tocantins,132.567936319071,queima prescrita,manejo,planet,Queima do dia 03/04,94,4/9/2025 12:00:00 AM,2025,abr,04,manejo,interior,132.567936319071,0,CERRADO,GR 3 - CENTRO-OESTE,-, ,,,,1381628.70410156,10221.1361328509, 
358099,0000.00.0144,PARNA da Serra da Canastra,29.4619381353795,queima prescrita,manejo,planet,Queima entre os dias 30/04 e 02/05,121,5/6/2025 12:00:00 AM,2025,mai,05,manejo,interior,29.4619381353795,0,CERRADO,GR 4 - SUDESTE,-, ,,,,336001.7421875,3139.10480601398, 
358100,0000.00.0137,PARNA da Chapada Diamantina,20.6714644103552,incendio,incendio,planet, ,87,4/29/2025 12:00:00 AM,2025,abr,04,incendio,interior,20.6714644103552,0,CAATINGA,GR 2 - NORDESTE,-, ,,,,218145.1640625,2782.04700141289,CT Salvador
358101,0000.00.0139,PARNA da Chapada dos Veadeiros,4.38356789052268,queima prescrita,manejo,planet,Queima entre os dias 04/06 e 06/06,156,6/7/2025 12:00:00 AM,2025,jun,06,manejo,interior,4.38356789052268,0,CERRADO,GR 3 - CENTRO-OESTE,-, ,,,,46814.6870117188,1069.08056353847, 
358102,0000.00.0074,ESEC Raso da Catarina,8.947659173572,incendio,incendio,planet, ,85,4/28/2025 12:00:00 AM,2025,abr,04,incendio,interior,8.947659173572,0,CAATINGA,GR 2 - NORDESTE,Núcleo de Gestão Integrada - ICMBio Paulo Afonso, ,,,,92751.98046875,2108.79230881096,CT Salvador
358103,0000.00.0074,ESEC Raso da Catarina,1.19020552532875,incendio,incendio,planet, ,85,4/28/2025 12:00:00 AM,2025,abr,04,incendio,interior,1.19020552532875,0,CAATINGA,GR 2 - NORDESTE,Núcleo de Gestão Integrada - ICMBio Paulo Afonso, ,,,,12337.5556640625,615.975918662768,CT Salvador
358104,0000.00.0023,APA do Planalto Central,31.2611733605824,incendio,incendio,planet, ,96,4/28/2025 12:00:00 AM,2025,abr,04,incendio,interior,31.2611733605824,0,CERRADO,GR 3 - CENTRO-OESTE,-, ,,,,337818.916992188,6109.61500257685, 
358105,0000.00.0074,ESEC Raso da Catarina,14.7679379300743,incendio,incendio,planet, ,85,4/28/2025 12:00:00 AM,2025,abr,04,incendio,interior,14.7679379300743,0,CAATINGA,GR 2 - NORDESTE,Núcleo de Gestão Integrada - ICMBio Paulo Afonso, ,,,,153093.113769531,2315.62306660387,CT Salvador
358106,0000.00.0144,PARNA da Serra da Canastra,126.996087654543,queima prescrita,manejo,planet,Queima do dia 24/02,55,2/27/2025 12:00:00 AM,2025,fev,02,manejo,interior,126.996087654543,0,CERRADO,GR 4 - SUDESTE,-, ,,,,1451220.79492188,5446.39984535771, 
358107,0000.00.0023,APA do Planalto Central,22.8104116311905,incendio,incendio,planet, ,79,4/28/2025 12:00:00 AM,2025,abr,04,incendio,interior,22.8104116311905,0,CERRADO,GR 3 - CENTRO-OESTE,-, ,,,,246724.228515625,5876.34918135789, 
358108,0000.00.0144,PARNA da Serra da Canastra,488.609448889153,queima prescrita,manejo,planet,Queima entre os dias 29/04 e 30/04,120,5/3/2025 12:00:00 AM,2025,mai,05,manejo,interior,488.609448889153,0,CERRADO,GR 4 - SUDESTE,-, ,,,,5571040.97851563,28064.2402917495, 
358109,0000.00.0023,APA do Planalto Central,10.9144804827529,incendio,incendio,planet, ,79,4/28/2025 12:00:00 AM,2025,abr,04,incendio,interior,10.9144804827529,0,CERRADO,GR 3 - CENTRO-OESTE,-, ,,,,118059.642578125,2183.01362175018, 
358110,0000.00.0023,APA do Planalto Central,32.566280285591,incendio,incendio,planet, ,79,4/28/2025 12:00:00 AM,2025,abr,04,incendio,interior,32.566280285591,0,CERRADO,GR 3 - CENTRO-OESTE,-, ,,,,352273.005859375,5875.83069780678, 
358111,0000.00.0023,APA do Planalto Central,4.50343975499549,incendio,incendio,planet, ,79,4/28/2025 12:00:00 AM,2025,abr,04,incendio,interior,4.50343975499549,0,CERRADO,GR 3 - CENTRO-OESTE,-, ,,,,48712.0556640625,1045.40450203226, 
358112,0000.00.0023,APA do Planalto Central,8.34994929806785,incendio,incendio,planet, ,79,4/28/2025 12:00:00 AM,2025,abr,04,incendio,interior,8.34994929806785,0,CERRADO,GR 3 - CENTRO-OESTE,-, ,,,,90320.267578125,1652.6926309401, 
358113,0000.00.0023,APA do Planalto Central,2.66386700048535,incendio,incendio,planet, ,79,4/28/2025 12:00:00 AM,2025,abr,04,incendio,interior,2.66386700048535,0,CERRADO,GR 3 - CENTRO-OESTE,-, ,,,,28813.8046875,819.207985314572, 
358114,0000.00.0023,APA do Planalto Central,126.626827751435,incendio,incendio,planet, ,79,4/28/2025 12:00:00 AM,2025,abr,04,incendio,interior,126.626827751435,0,CERRADO,GR 3 - CENTRO-OESTE,-, ,,,,1369488.64648438,10403.9689453228, 
358115,0000.00.0023,APA do Planalto Central,64.9661113585227,incendio,incendio,planet, ,117,5/6/2025 12:00:00 AM,2025,mai,05,incendio,interior,64.9661113585227,0,CERRADO,GR 3 - CENTRO-OESTE,-, ,,,,703079.629882813,4281.76819359082, 
358116,0000.00.0023,APA do Planalto Central,2.13095972806465,incendio,incendio,planet, ,117,5/6/2025 12:00:00 AM,2025,mai,05,incendio,interior,2.13095972806465,0,CERRADO,GR 3 - CENTRO-OESTE,-, ,,,,23066.34765625,695.112023479528, 
358117,0000.00.0023,APA do Planalto Central,0.87879560212076,incendio,incendio,planet, ,117,5/6/2025 12:00:00 AM,2025,mai,05,incendio,interior,0.87879560212076,0,CERRADO,GR 3 - CENTRO-OESTE,-, ,,,,9511.3408203125,411.298308755324, 
358118,0000.00.0023,APA do Planalto Central,4.41084719823238,incendio,incendio,planet, ,117,5/6/2025 12:00:00 AM,2025,mai,05,incendio,interior,4.41084719823238,0,CERRADO,GR 3 - CENTRO-OESTE,-, ,,,,47740.3837890625,1121.82655911047, 
358119,0000.00.0159,PARNA de Brasília,1.98500076913576,queima prescrita,manejo,planet,Queima do dia 08/04,99,5/4/2025 12:00:00 AM,2025,mai,05,manejo,interior,1.98500076913576,0,CERRADO,GR 3 - CENTRO-OESTE,Núcleo de Gestão Integrada - ICMBio Brasília-Contagem, ,,,,21539.0478515625,816.680549550526, 
358120,0000.00.0023,APA do Planalto Central,521.011569985687,incendio,incendio,planet, ,114,4/28/2025 12:00:00 AM,2025,abr,04,incendio,interior,521.011569985687,0,CERRADO,GR 3 - CENTRO-OESTE,-, ,,,,5639260.62988281,32278.8020419748, 
358121,0000.00.0272,PARNA da Chapada das Mesas,115.694759432339,queima controlada,manejo,planet,Queima do dia 03/05,124,5/8/2025 12:00:00 AM,2025,mai,05,manejo,interior,115.694759432339,0,CERRADO,GR 2 - NORDESTE,-, ,,,,1183540.96264648,7453.45234601971,CT Fortaleza
358122,0000.00.0144,PARNA da Serra da Canastra,233.131196387155,queima prescrita,manejo,planet,Queima do dia 11/05,132,5/14/2025 12:00:00 AM,2025,mai,05,manejo,interior,233.131196387155,0,CERRADO,GR 4 - SUDESTE,-, ,,,,2658155.49511719,10367.7042553951, 
358123,0000.00.0144,PARNA da Serra da Canastra,330.615259462403,queima prescrita,manejo,planet,Queima do dia 13/05,134,5/14/2025 12:00:00 AM,2025,mai,05,manejo,interior,330.615259462403,0,CERRADO,GR 4 - SUDESTE,-, ,,,,3772069.37207031,11294.8616047273, 
358124,0000.00.0155,PARNA das Emas,14.6595056638273,queima prescrita,manejo,planet,Queima entre os dias 03/05 e 09/05 - aceiro e queima de expansão,124,5/6/2025 12:00:00 AM,2025,mai,05,manejo,interior,14.6595056638273,0,CERRADO,GR 3 - CENTRO-OESTE,-, ,,,,163497.0546875,1648.95350171557, 
358125,0000.00.0076,ESEC Serra Geral do Tocantins,46.0873492187703,queima prescrita,manejo,planet,Queima do dia 08/05,129,5/21/2025 12:00:00 AM,2025,mai,05,manejo,interior,46.0873492187703,0,CERRADO,GR 3 - CENTRO-OESTE,-, ,,,,481989.647949219,3345.6594764572, 
358126,0000.00.0168,PARNA do Araguaia,74.479703994743,gestao de ignicao antropica,manejo,planet, ,145,5/26/2025 12:00:00 AM,2025,mai,05,manejo,interior,74.479703994743,0,CERRADO,GR 3 - CENTRO-OESTE,-, ,,,,773992.904296875,4330.50929180015, 
358127,0000.00.0137,PARNA da Chapada Diamantina,701.045242323289,gestao de ignicao natural,manejo,planet,Fogo natural do dia 21/04,112,4/26/2025 12:00:00 AM,2025,abr,04,manejo,interior,701.045242323289,0,CAATINGA,GR 2 - NORDESTE,-, ,,,,7435063.79345703,19149.2985682171,CT Salvador
358128,0000.00.0144,PARNA da Serra da Canastra,219.919107219493,queima prescrita,manejo,planet,Queima do dia 22/04,113,5/11/2025 12:00:00 AM,2025,mai,05,manejo,interior,219.919107219493,0,CERRADO,GR 4 - SUDESTE,-, ,,,,2511574.375,9057.18643623875, 
358129,0000.00.0272,PARNA da Chapada das Mesas,128.181607255179,queima prescrita,manejo,planet,Queima entre os dias 26/05 e 28/05,147,5/28/2025 12:00:00 AM,2025,mai,05,manejo,interior,128.181607255179,0,CERRADO,GR 2 - NORDESTE,-, ,,,,1309775.60107422,6900.13114252285,CT Fortaleza
358130,0000.00.0144,PARNA da Serra da Canastra,93.2568089815035,queima prescrita,manejo,planet,Queima do dia 09/05,130,5/12/2025 12:00:00 AM,2025,mai,05,manejo,interior,93.2568089815035,0,CERRADO,GR 4 - SUDESTE,-, ,,,,1064970.9140625,11057.547785642, 
358131,0000.00.0144,PARNA da Serra da Canastra,11.9998456172617,queima prescrita,manejo,planet,Queima do dia 22/04,113,5/11/2025 12:00:00 AM,2025,mai,05,manejo,interior,11.9998456172617,0,CERRADO,GR 4 - SUDESTE,-, ,,,,136984.344726563,2137.95272125486, 
358132,0000.00.0144,PARNA da Serra da Canastra,3.38026700685528,queima prescrita,manejo,planet,Queima do dia 22/04,113,5/11/2025 12:00:00 AM,2025,mai,05,manejo,interior,3.38026700685528,0,CERRADO,GR 4 - SUDESTE,-, ,,,,38585.3720703125,725.763859391052, 
358133,0000.00.0144,PARNA da Serra da Canastra,7.18893642455166,queima prescrita,manejo,planet,Queima do dia 22/04,113,5/11/2025 12:00:00 AM,2025,mai,05,manejo,interior,7.18893642455166,0,CERRADO,GR 4 - SUDESTE,-, ,,,,82057.869140625,1538.93015158605, 
358134,0000.00.0074,ESEC Raso da Catarina,21.3403253968705,incendio,incendio,planet, ,122,5/30/2025 12:00:00 AM,2025,mai,05,incendio,interior,21.3403253968705,0,CAATINGA,GR 2 - NORDESTE,Núcleo de Gestão Integrada - ICMBio Paulo Afonso, ,,,,221242.26953125,2731.96484220445,CT Salvador
358135,0000.00.0168,PARNA do Araguaia,95.8393058001302,gestao de ignicao antropica,manejo,planet, ,115,4/27/2025 12:00:00 AM,2025,abr,04,manejo,interior,95.8393058001302,0,CERRADO,GR 3 - CENTRO-OESTE,-, ,,,,997779.118652344,5429.25556700331, 
358136,0000.00.0155,PARNA das Emas,608.061650651982,queima prescrita,manejo,planet,Queima entre os dias 03/05 e 09/05 - aceiro e queima de expansão,124,5/6/2025 12:00:00 AM,2025,mai,05,manejo,interior,608.061650651982,0,CERRADO,GR 3 - CENTRO-OESTE,-, ,,,,6779840.56054688,21432.8243146471, 
358137,0000.00.0155,PARNA das Emas,33.9385319939263,aceiro,manejo,planet,Queima do dia 06/05,127,5/16/2025 12:00:00 AM,2025,mai,05,manejo,interior,33.9385319939263,0,CERRADO,GR 3 - CENTRO-OESTE,-, ,,,,378742.87890625,4948.59270595129, 
358138,0000.00.0155,PARNA das Emas,1.47683893069197,aceiro,manejo,planet,Queima do dia 06/05,127,5/16/2025 12:00:00 AM,2025,mai,05,manejo,interior,1.47683893069197,0,CERRADO,GR 3 - CENTRO-OESTE,-, ,,,,16480.330078125,701.114506414961, 
358139,0000.00.0155,PARNA das Emas,1.93220782119584,aceiro,manejo,planet,Queima do dia 06/05,127,5/16/2025 12:00:00 AM,2025,mai,05,manejo,interior,1.93220782119584,0,CERRADO,GR 3 - CENTRO-OESTE,-, ,,,,21561.4150390625,1018.86536919708, 
358140,0000.00.0155,PARNA das Emas,831.165319814252,queima prescrita,manejo,planet,Queima entre os dias 03/05 e 09/05 - aceiro e queima de expansão,124,5/11/2025 12:00:00 AM,2025,mai,05,manejo,interior,831.165319814252,0,CERRADO,GR 3 - CENTRO-OESTE,-, ,,,,9268433.95800781,17977.4868978784, 
358141,0000.00.0155,PARNA das Emas,6.06797812403954,aceiro,manejo,planet,Queima do dia 01/05,122,5/6/2025 12:00:00 AM,2025,mai,05,manejo,interior,6.06797812403954,0,CERRADO,GR 3 - CENTRO-OESTE,-, ,,,,67633.9892578125,1600.53811195833, 
358142,0000.00.0144,PARNA da Serra da Canastra,104.896165461071,queima prescrita,manejo,planet,Queima do dia 22/04,113,5/11/2025 12:00:00 AM,2025,mai,05,manejo,interior,104.896165461071,0,CERRADO,GR 4 - SUDESTE,-, ,,,,1197845.25976563,10091.7594972086, 
358143,0000.00.0076,ESEC Serra Geral do Tocantins,233.313833834176,queima prescrita,manejo,planet,Queima do dia 05/05,126,5/21/2025 12:00:00 AM,2025,mai,05,manejo,interior,233.313833834176,0,CERRADO,GR 3 - CENTRO-OESTE,-, ,,,,2435376.77392578,11582.056627095, 
358144,0000.00.0144,PARNA da Serra da Canastra,1.97892549257676,queima prescrita,manejo,planet,Queima do dia 11/05,132,5/16/2025 12:00:00 AM,2025,mai,05,manejo,interior,1.97892549257676,0,CERRADO,GR 4 - SUDESTE,-, ,,,,22576.69140625,623.204407640405, 
358145,0000.00.0155,PARNA das Emas,138.565654693427,aceiro,manejo,planet,Queima do dia 06/05,127,5/16/2025 12:00:00 AM,2025,mai,05,manejo,interior,138.565654693427,0,CERRADO,GR 3 - CENTRO-OESTE,-, ,,,,1546068.32128906,22125.5027699016, 
358146,0000.00.0076,ESEC Serra Geral do Tocantins,23.3896248709633,queima prescrita,manejo,planet,Queima do dia 05/05,126,5/21/2025 12:00:00 AM,2025,mai,05,manejo,interior,23.3896248709633,0,CERRADO,GR 3 - CENTRO-OESTE,-, ,,,,244530.340820313,2837.32250579764, 
358147,0000.00.0076,ESEC Serra Geral do Tocantins,33.4952829990902,queima prescrita,manejo,planet,Queima do dia 05/05,126,5/21/2025 12:00:00 AM,2025,mai,05,manejo,interior,33.4952829990902,0,CERRADO,GR 3 - CENTRO-OESTE,-, ,,,,350123.88671875,4174.39462815254, 
358148,0000.00.0076,ESEC Serra Geral do Tocantins,45.2448240467877,queima prescrita,manejo,planet,Queima do dia 05/05,126,5/21/2025 12:00:00 AM,2025,mai,05,manejo,interior,45.2448240467877,0,CERRADO,GR 3 - CENTRO-OESTE,-, ,,,,472904.532226563,4376.62471871679, 
358149,0000.00.0076,ESEC Serra Geral do Tocantins,35.2255510752516,queima prescrita,manejo,planet,Queima do dia 05/05,126,5/21/2025 12:00:00 AM,2025,mai,05,manejo,interior,35.2255510752516,0,CERRADO,GR 3 - CENTRO-OESTE,-, ,,,,368614.718261719,3113.96073594686, 
358150,0000.00.0023,APA do Planalto Central,72.1215931711832,incendio,incendio,planet, ,127,5/13/2025 12:00:00 AM,2025,mai,05,incendio,interior,72.1215931711832,0,CERRADO,GR 3 - CENTRO-OESTE,-, ,,,,780514.9453125,7925.1081442535, 
358151,0000.00.0023,APA do Planalto Central,3.65795854318055,incendio,incendio,planet, ,127,5/13/2025 12:00:00 AM,2025,mai,05,incendio,interior,3.65795854318055,0,CERRADO,GR 3 - CENTRO-OESTE,-, ,,,,39584.6435546875,808.398851831775, 
358152,0000.00.0023,APA do Planalto Central,67.4499961385587,incendio,incendio,planet, ,127,5/13/2025 12:00:00 AM,2025,mai,05,incendio,interior,67.4499961385587,0,CERRADO,GR 3 - CENTRO-OESTE,-, ,,,,730062.841796875,6780.97224149904, 
358153,0000.00.0076,ESEC Serra Geral do Tocantins,122.260209779508,queima prescrita,manejo,planet,Queima do dia 06/05,127,5/21/2025 12:00:00 AM,2025,mai,05,manejo,interior,122.260209779508,0,CERRADO,GR 3 - CENTRO-OESTE,-, ,,,,1273882.34375,7062.60796164223, 
358154,0000.00.0272,PARNA da Chapada das Mesas,9.3800227670671,queima prescrita,manejo,planet,Queima entre os dias 26/05 e 28/05,147,5/28/2025 12:00:00 AM,2025,mai,05,manejo,interior,9.3800227670671,0,CERRADO,GR 2 - NORDESTE,-, ,,,,95836.73046875,1510.04452365512,CT Fortaleza
358155,0000.00.0155,PARNA das Emas,28.0197209018435,aceiro,manejo,planet,Queima do dia 06/05,127,5/16/2025 12:00:00 AM,2025,mai,05,manejo,interior,28.0197209018435,0,CERRADO,GR 3 - CENTRO-OESTE,-, ,,,,312454.01953125,16750.8505637153, 
358156,0000.00.0076,ESEC Serra Geral do Tocantins,1805.96235207932,queima controlada,manejo,planet,Queima do dia 07/05,128,5/21/2025 12:00:00 AM,2025,mai,05,manejo,interior,1805.96235207932,0,CERRADO,GR 3 - CENTRO-OESTE,-, ,,,,18807266.0219727,24987.2953078988, 
358157,0000.00.0272,PARNA da Chapada das Mesas,164.752685460093,queima prescrita,manejo,planet,Queima entre os dias 11/05 e 13/05,132,5/28/2025 12:00:00 AM,2025,mai,05,manejo,interior,164.752685460093,0,CERRADO,GR 2 - NORDESTE,-, ,,,,1683790.98120117,8426.04887833693,CT Fortaleza
358158,0000.00.0144,PARNA da Serra da Canastra,446.213096429565,queima prescrita,manejo,planet,Queima do dia 11/05,132,5/16/2025 12:00:00 AM,2025,mai,05,manejo,interior,446.213096429565,0,CERRADO,GR 4 - SUDESTE,-, ,,,,5090170.52636719,20007.6222071048, 
358159,0000.00.0144,PARNA da Serra da Canastra,41.069225531013,aceiro,manejo,planet,Queima do dia 24/04,115,5/11/2025 12:00:00 AM,2025,mai,05,manejo,interior,41.069225531013,0,CERRADO,GR 4 - SUDESTE,-, ,,,,469092.592773438,5720.15689065916, 
358160,0000.00.0272,PARNA da Chapada das Mesas,57.1316768545738,queima prescrita,manejo,planet,Queima entre os dias 11/05 e 13/05,132,5/28/2025 12:00:00 AM,2025,mai,05,manejo,interior,57.1316768545738,0,CERRADO,GR 2 - NORDESTE,-, ,,,,583924.659667969,3427.7966959981,CT Fortaleza
358161,0000.00.0144,PARNA da Serra da Canastra,148.996119405637,queima prescrita,manejo,planet,Queima do dia 14/05,135,5/18/2025 12:00:00 AM,2025,mai,05,manejo,interior,148.996119405637,0,CERRADO,GR 4 - SUDESTE,-, ,,,,1700805.95800781,9152.20173826416, 
358162,0000.00.0144,PARNA da Serra da Canastra,11.9385503218652,queima prescrita,manejo,planet,Queima do dia 15/05,136,5/18/2025 12:00:00 AM,2025,mai,05,manejo,interior,11.9385503218652,0,CERRADO,GR 4 - SUDESTE,-, ,,,,136432.75,1612.07827785981, 
358163,0000.00.0144,PARNA da Serra da Canastra,15.9881841284191,queima prescrita,manejo,planet,Queima do dia 15/05,136,5/18/2025 12:00:00 AM,2025,mai,05,manejo,interior,15.9881841284191,0,CERRADO,GR 4 - SUDESTE,-, ,,,,182667.143554688,2737.15942430219, 
358164,0000.00.0144,PARNA da Serra da Canastra,70.9111009833224,queima prescrita,manejo,planet,Queima entre os dias 09/05 e 13/05,130,5/18/2025 12:00:00 AM,2025,mai,05,manejo,interior,70.9111009833224,0,CERRADO,GR 4 - SUDESTE,-, ,,,,809674.813476563,7995.03674502067, 
358165,0000.00.0144,PARNA da Serra da Canastra,238.838332048928,queima prescrita,manejo,planet,Queima entre os dias 09/05 e 13/05,130,5/18/2025 12:00:00 AM,2025,mai,05,manejo,interior,238.838332048928,0,CERRADO,GR 4 - SUDESTE,-, ,,,,2727737.11914063,16237.4592060717, 
358166,0000.00.0144,PARNA da Serra da Canastra,21.3283652309035,queima prescrita,manejo,planet,Queima entre os dias 09/05 e 13/05,130,5/18/2025 12:00:00 AM,2025,mai,05,manejo,interior,21.3283652309035,0,CERRADO,GR 4 - SUDESTE,-, ,,,,243512.76171875,1988.80450942391, 
358167,0000.00.0144,PARNA da Serra da Canastra,1359.77650235661,queima prescrita,manejo,planet,Queima do dia 12/05,133,5/18/2025 12:00:00 AM,2025,mai,05,manejo,interior,1359.77650235661,0,CERRADO,GR 4 - SUDESTE,-, ,,,,15520163.5859375,38663.2208776998, 
358168,0000.00.0144,PARNA da Serra da Canastra,7.68259412864671,queima prescrita,manejo,planet,Queima do dia 11/05,132,5/18/2025 12:00:00 AM,2025,mai,05,manejo,interior,7.68259412864671,0,CERRADO,GR 4 - SUDESTE,-, ,,,,87650.96875,1764.54377802115, 
358169,0000.00.0144,PARNA da Serra da Canastra,13.9073562346346,queima prescrita,manejo,planet,Queima do dia 11/05,132,5/18/2025 12:00:00 AM,2025,mai,05,manejo,interior,13.9073562346346,0,CERRADO,GR 4 - SUDESTE,-, ,,,,158671.44140625,2150.50648779384, 
358170,0000.00.0144,PARNA da Serra da Canastra,25.0348649900236,queima prescrita,manejo,planet,Queima do dia 15/04,106,5/8/2025 12:00:00 AM,2025,mai,05,manejo,interior,25.0348649900236,0,CERRADO,GR 4 - SUDESTE,-, ,,,,285871.438476563,2725.85743827798, 
358171,0000.00.0138,PARNA da Chapada dos Guimaraes,71.0176299368519,queima prescrita,manejo,planet,Queima do dia 08/05,129,5/19/2025 12:00:00 AM,2025,mai,05,manejo,interior,71.0176299368519,0,CERRADO,GR 3 - CENTRO-OESTE,-, ,,,,768109.494140625,9364.82116460007,CT - GR3
358172,0000.00.0219,REVIS das Veredas do Oeste Baiano,53.5123839421204,queima controlada,manejo,planet,Queima do dia 17/05,138,5/19/2025 12:00:00 AM,2025,mai,05,manejo,interior,53.5123839421204,0,CERRADO,GR 3 - CENTRO-OESTE,Núcleo de Gestão Integrada - ICMBio Mambaí, ,,,,572093.219238281,7601.92193179171, 
358173,0000.00.0076,ESEC Serra Geral do Tocantins,40.4405199823155,incendio,incendio,planet, ,128,5/21/2025 12:00:00 AM,2025,mai,05,incendio,interior,40.4405199823155,0,CERRADO,GR 3 - CENTRO-OESTE,-, ,,,,421275.361816406,2707.95874928558, 
358174,0000.00.0076,ESEC Serra Geral do Tocantins,42.6433866180106,queima controlada,manejo,planet,Queima do dia 07/05,128,5/21/2025 12:00:00 AM,2025,mai,05,manejo,interior,42.6433866180106,0,CERRADO,GR 3 - CENTRO-OESTE,-, ,,,,444538.938476563,3391.49180819027, 
358175,0000.00.0024,APA Meandros do Rio Araguaia,224.066255521004,incendio,incendio,planet, ,127,5/19/2025 12:00:00 AM,2025,mai,05,incendio,interior,224.066255521004,0,CERRADO,GR 3 - CENTRO-OESTE,Núcleo de Gestão Integrada - ICMBio Meandros do Rio Araguaia, ,,,,2381150.74902344,8473.05444977547, 
358176,0000.00.0144,PARNA da Serra da Canastra,11.7529698059597,aceiro,manejo,planet,Queima do dia 15/05,136,5/18/2025 12:00:00 AM,2025,mai,05,manejo,interior,11.7529698059597,0,CERRADO,GR 4 - SUDESTE,-, ,,,,134223.174804688,3665.46524547309, 
358177,0000.00.0144,PARNA da Serra da Canastra,37.8874461935775,aceiro,manejo,planet,Queima do dia 15/05,136,5/18/2025 12:00:00 AM,2025,mai,05,manejo,interior,37.8874461935775,0,CERRADO,GR 4 - SUDESTE,-, ,,,,432831.026367188,7474.97611092452, 
358178,0000.00.0155,PARNA das Emas,18.2768954483066,aceiro,manejo,planet,Queima do dia 16/05,137,5/17/2025 12:00:00 AM,2025,mai,05,manejo,interior,18.2768954483066,0,CERRADO,GR 3 - CENTRO-OESTE,-, ,,,,203832.061523438,12030.9125124844, 
358179,0000.00.0272,PARNA da Chapada das Mesas,151.264352883384,queima prescrita,manejo,planet,Queima entre os dias 26/05 e 28/05,147,5/15/2025 12:00:00 AM,2025,mai,05,manejo,interior,151.264352883384,0,CERRADO,GR 2 - NORDESTE,-, ,,,,1545489.60180664,5893.20717182037,CT Fortaleza
358180,0000.00.0076,ESEC Serra Geral do Tocantins,4588.46909828353,queima prescrita,manejo,planet,Queima do dia 06/05,127,5/21/2025 12:00:00 AM,2025,mai,05,manejo,interior,4588.46909828353,0,CERRADO,GR 3 - CENTRO-OESTE,-, ,,,,47812111.309082,69258.7955231023, 
358181,0000.00.0076,ESEC Serra Geral do Tocantins,976.708334579337,incendio,incendio,planet, ,259,10/27/2025 12:00:00 AM,2025,out,10,incendio,interior,976.708334579337,0,CERRADO,GR 3 - CENTRO-OESTE,-, ,,,,10183814.6416016,31592.626954299, 
358182,0000.00.0076,ESEC Serra Geral do Tocantins,149.374526356211,queima prescrita,manejo,planet,Queima do dia 08/05,129,5/21/2025 12:00:00 AM,2025,mai,05,manejo,interior,149.374526356211,0,CERRADO,GR 3 - CENTRO-OESTE,-, ,,,,1562217.96679688,7395.02764433311, 
358183,0000.00.0076,ESEC Serra Geral do Tocantins,446.22415030746,queima prescrita,manejo,planet,Queima do dia 08/05,129,5/21/2025 12:00:00 AM,2025,mai,05,manejo,interior,446.22415030746,0,CERRADO,GR 3 - CENTRO-OESTE,-, ,,,,4667175.78710938,12224.7378084597, 
358184,0000.00.0076,ESEC Serra Geral do Tocantins,10.1807854665875,queima prescrita,manejo,planet,Queima do dia 08/05,129,5/21/2025 12:00:00 AM,2025,mai,05,manejo,interior,10.1807854665875,0,CERRADO,GR 3 - CENTRO-OESTE,-, ,,,,106466.793457031,1725.24540838799, 
358185,0000.00.0076,ESEC Serra Geral do Tocantins,5.68296718444555,queima prescrita,manejo,planet,Queima do dia 08/05,129,5/21/2025 12:00:00 AM,2025,mai,05,manejo,interior,5.68296718444555,0,CERRADO,GR 3 - CENTRO-OESTE,-, ,,,,59430.1650390625,1480.04102690437, 
358186,0000.00.0076,ESEC Serra Geral do Tocantins,16.5806394597727,queima prescrita,manejo,planet,Queima do dia 08/05,129,5/21/2025 12:00:00 AM,2025,mai,05,manejo,interior,16.5806394597727,0,CERRADO,GR 3 - CENTRO-OESTE,-, ,,,,173384.915527344,1961.91644818426, 
358187,0000.00.0076,ESEC Serra Geral do Tocantins,11.4558767898888,queima prescrita,manejo,planet,Queima do dia 08/05,129,5/21/2025 12:00:00 AM,2025,mai,05,manejo,interior,11.4558767898888,0,CERRADO,GR 3 - CENTRO-OESTE,-, ,,,,119790.811035156,1701.12318460979, 
358188,0000.00.0076,ESEC Serra Geral do Tocantins,32.3668639873916,queima prescrita,manejo,planet,Queima do dia 08/05,129,5/21/2025 12:00:00 AM,2025,mai,05,manejo,interior,32.3668639873916,0,CERRADO,GR 3 - CENTRO-OESTE,-, ,,,,338432.23046875,2722.52593740499, 
358189,0000.00.0076,ESEC Serra Geral do Tocantins,1.53092620099978,queima prescrita,manejo,planet,Queima do dia 08/05,129,5/21/2025 12:00:00 AM,2025,mai,05,manejo,interior,1.53092620099978,0,CERRADO,GR 3 - CENTRO-OESTE,-, ,,,,16007.1948242188,538.585620670625, 
358190,0000.00.0076,ESEC Serra Geral do Tocantins,11.0860344478375,queima prescrita,manejo,planet,Queima do dia 08/05,129,5/21/2025 12:00:00 AM,2025,mai,05,manejo,interior,11.0860344478375,0,CERRADO,GR 3 - CENTRO-OESTE,-, ,,,,115913.677734375,1793.26190779509, 
358191,0000.00.0076,ESEC Serra Geral do Tocantins,70.3032492492741,queima prescrita,manejo,planet,Queima do dia 08/05,129,5/21/2025 12:00:00 AM,2025,mai,05,manejo,interior,70.3032492492741,0,CERRADO,GR 3 - CENTRO-OESTE,-, ,,,,735050.040039063,8376.13204863083, 
358192,0000.00.0076,ESEC Serra Geral do Tocantins,858.328021817201,incendio,incendio,planet, ,131,5/21/2025 12:00:00 AM,2025,mai,05,incendio,interior,858.328021817201,0,CERRADO,GR 3 - CENTRO-OESTE,-, ,,,,8949736.06591797,23804.0502063194, 
358193,0000.00.0076,ESEC Serra Geral do Tocantins,795.504428086992,queima prescrita,manejo,planet,Queima do dia 08/05,129,5/21/2025 12:00:00 AM,2025,mai,05,manejo,interior,795.504428086992,0,CERRADO,GR 3 - CENTRO-OESTE,-, ,,,,8318668.24853516,27052.6112566852, 
358194,0000.00.0076,ESEC Serra Geral do Tocantins,323.119790955251,incendio,incendio,planet, ,254,10/27/2025 12:00:00 AM,2025,out,10,incendio,interior,323.119790955251,0,CERRADO,GR 3 - CENTRO-OESTE,-, ,,,,3379433.265625,17061.021780783, 
358195,0000.00.0076,ESEC Serra Geral do Tocantins,21.038310896584,queima controlada,manejo,planet,Queima entre os dias 10/05 e 11/05,131,5/21/2025 12:00:00 AM,2025,mai,05,manejo,interior,21.038310896584,0,CERRADO,GR 3 - CENTRO-OESTE,-, ,,,,219312.427734375,3542.38511795109, 
358196,0000.00.0076,ESEC Serra Geral do Tocantins,92.6740375352913,queima controlada,manejo,planet,Queima do dia 10/05,131,5/21/2025 12:00:00 AM,2025,mai,05,manejo,interior,92.6740375352913,0,CERRADO,GR 3 - CENTRO-OESTE,-, ,,,,965717.812011719,6179.65493355932, 
358197,0000.00.0076,ESEC Serra Geral do Tocantins,117.423207407324,queima controlada,manejo,planet,Queima do dia 10/05,131,5/21/2025 12:00:00 AM,2025,mai,05,manejo,interior,117.423207407324,0,CERRADO,GR 3 - CENTRO-OESTE,-, ,,,,1223517.21777344,11022.3117075565, 
358198,0000.00.0076,ESEC Serra Geral do Tocantins,10.5667080404578,queima controlada,manejo,planet,Queima entre os dias 10/05 e 11/05,131,5/21/2025 12:00:00 AM,2025,mai,05,manejo,interior,10.5667080404578,0,CERRADO,GR 3 - CENTRO-OESTE,-, ,,,,110158.245605469,2169.78039600281, 
358199,0000.00.0076,ESEC Serra Geral do Tocantins,71.9044445800546,queima controlada,manejo,planet,Queima entre os dias 10/05 e 11/05,131,5/21/2025 12:00:00 AM,2025,mai,05,manejo,interior,71.9044445800546,0,CERRADO,GR 3 - CENTRO-OESTE,-, ,,,,749612.40625,3686.45939596681, 
358200,0000.00.0076,ESEC Serra Geral do Tocantins,162.891357921723,incendio,incendio,planet, ,132,5/21/2025 12:00:00 AM,2025,mai,05,incendio,interior,162.891357921723,0,CERRADO,GR 3 - CENTRO-OESTE,-, ,,,,1696892.14697266,11057.9050392808, 
358201,0000.00.0076,ESEC Serra Geral do Tocantins,2291.32695131859,incendio,incendio,planet, ,275,10/27/2025 12:00:00 AM,2025,out,10,incendio,interior,2291.32695131859,0,CERRADO,GR 3 - CENTRO-OESTE,-, ,,,,23911080.5512695,56277.0600715611, 
358202,0000.00.0076,ESEC Serra Geral do Tocantins,1400.53927634056,queima controlada,manejo,planet,Queima do dia 10/05,131,5/21/2025 12:00:00 AM,2025,mai,05,manejo,interior,1400.53927634056,0,CERRADO,GR 3 - CENTRO-OESTE,-, ,,,,14584402.5078125,24791.1891364973, 
358203,0000.00.0076,ESEC Serra Geral do Tocantins,112.342311216985,queima controlada,manejo,planet,Queima entre os dias 10/05 e 11/05,131,5/21/2025 12:00:00 AM,2025,mai,05,manejo,interior,112.342311216985,0,CERRADO,GR 3 - CENTRO-OESTE,-, ,,,,1170992.63720703,6721.64812717695, 
358204,0000.00.0076,ESEC Serra Geral do Tocantins,6.26116616103899,queima controlada,manejo,planet,Queima entre os dias 10/05 e 11/05,131,5/21/2025 12:00:00 AM,2025,mai,05,manejo,interior,6.26116616103899,0,CERRADO,GR 3 - CENTRO-OESTE,-, ,,,,65256.4213867188,1072.34635319016, 
358205,0000.00.0076,ESEC Serra Geral do Tocantins,14.4985548146858,incendio,incendio,planet, ,259,10/27/2025 12:00:00 AM,2025,out,10,incendio,interior,14.4985548146858,0,CERRADO,GR 3 - CENTRO-OESTE,-, ,,,,151155.524902344,2310.06605261437, 
358206,0000.00.0076,ESEC Serra Geral do Tocantins,7704.35801407226,incendio,incendio,planet, ,279,10/27/2025 12:00:00 AM,2025,out,10,incendio,interior,7704.35801407226,0,CERRADO,GR 3 - CENTRO-OESTE,-, ,,,,80462306.715332,105769.248497043, 
358207,0000.00.0076,ESEC Serra Geral do Tocantins,37.8877539051539,queima controlada,manejo,planet,Queima do dia 12/05,133,5/21/2025 12:00:00 AM,2025,mai,05,manejo,interior,37.8877539051539,0,CERRADO,GR 3 - CENTRO-OESTE,-, ,,,,394759.276855469,3835.34856241677, 
358208,0000.00.0272,PARNA da Chapada das Mesas,23.6362537104327,queima prescrita,manejo,planet,Queima entre os dias 26/05 e 28/05,147,5/15/2025 12:00:00 AM,2025,mai,05,manejo,interior,23.6362537104327,0,CERRADO,GR 2 - NORDESTE,-, ,,,,241498.253662109,2369.38402125102,CT Fortaleza
358209,0000.00.0076,ESEC Serra Geral do Tocantins,1134.5942853031,incendio,incendio,planet, ,275,10/27/2025 12:00:00 AM,2025,out,10,incendio,interior,1134.5942853031,0,CERRADO,GR 3 - CENTRO-OESTE,-, ,,,,11839875.7080078,38063.8406022768, 
358210,0000.00.0076,ESEC Serra Geral do Tocantins,4.16493789013133,incendio,incendio,planet, ,274,10/27/2025 12:00:00 AM,2025,out,10,incendio,interior,4.16493789013133,0,CERRADO,GR 3 - CENTRO-OESTE,-, ,,,,43429.1455078125,894.086612174937, 
358211,0000.00.0076,ESEC Serra Geral do Tocantins,57.2678840579349,queima controlada,manejo,planet,Queima do dia 12/05,133,5/21/2025 12:00:00 AM,2025,mai,05,manejo,interior,57.2678840579349,0,CERRADO,GR 3 - CENTRO-OESTE,-, ,,,,596547.514648438,6975.34571511408, 
358212,0000.00.0076,ESEC Serra Geral do Tocantins,35.04505958005,queima controlada,manejo,planet,Queima do dia 12/05,133,5/21/2025 12:00:00 AM,2025,mai,05,manejo,interior,35.04505958005,0,CERRADO,GR 3 - CENTRO-OESTE,-, ,,,,365154.000976563,4998.15453611782, 
358213,0000.00.0076,ESEC Serra Geral do Tocantins,88.7719591430981,queima controlada,manejo,planet,Queima do dia 12/05,133,5/21/2025 12:00:00 AM,2025,mai,05,manejo,interior,88.7719591430981,0,CERRADO,GR 3 - CENTRO-OESTE,-, ,,,,924971.498535156,7596.59976746764, 
358214,0000.00.0076,ESEC Serra Geral do Tocantins,100.519156014313,queima controlada,manejo,planet,Queima do dia 12/05,133,5/21/2025 12:00:00 AM,2025,mai,05,manejo,interior,100.519156014313,0,CERRADO,GR 3 - CENTRO-OESTE,-, ,,,,1047134.13671875,6687.50961318172, 
358215,0000.00.0076,ESEC Serra Geral do Tocantins,82.2784229132477,queima prescrita,manejo,planet,Queima do dia 13/05,134,5/21/2025 12:00:00 AM,2025,mai,05,manejo,interior,82.2784229132477,0,CERRADO,GR 3 - CENTRO-OESTE,-, ,,,,858107.060546875,7720.30939901215, 
358216,0000.00.0076,ESEC Serra Geral do Tocantins,430.037976648038,queima prescrita,manejo,planet,Queima do dia 13/05,134,5/21/2025 12:00:00 AM,2025,mai,05,manejo,interior,430.037976648038,0,CERRADO,GR 3 - CENTRO-OESTE,-, ,,,,4494758.89892578,17343.0441833619, 
358217,0000.00.0076,ESEC Serra Geral do Tocantins,60.2097316527926,queima controlada,manejo,planet,Queima do dia 13/05,134,5/21/2025 12:00:00 AM,2025,mai,05,manejo,interior,60.2097316527926,0,CERRADO,GR 3 - CENTRO-OESTE,-, ,,,,627325.078125,4707.90202570886, 
358218,0000.00.0076,ESEC Serra Geral do Tocantins,44.4239955584084,queima controlada,manejo,planet,Queima do dia 13/05,134,5/21/2025 12:00:00 AM,2025,mai,05,manejo,interior,44.4239955584084,0,CERRADO,GR 3 - CENTRO-OESTE,-, ,,,,462860.655273438,5876.59011247963, 
358219,0000.00.0076,ESEC Serra Geral do Tocantins,9.46871408232048,queima controlada,manejo,planet,Queima do dia 13/05,134,5/21/2025 12:00:00 AM,2025,mai,05,manejo,interior,9.46871408232048,0,CERRADO,GR 3 - CENTRO-OESTE,-, ,,,,98664.4418945313,1777.16299279597, 
358220,0000.00.0076,ESEC Serra Geral do Tocantins,43.7306305708763,queima controlada,manejo,planet,Queima do dia 13/05,134,5/21/2025 12:00:00 AM,2025,mai,05,manejo,interior,43.7306305708763,0,CERRADO,GR 3 - CENTRO-OESTE,-, ,,,,455615.903808594,4014.07180818066, 
358221,0000.00.0076,ESEC Serra Geral do Tocantins,34.1954223676118,incendio,incendio,planet, ,136,5/21/2025 12:00:00 AM,2025,mai,05,incendio,interior,34.1954223676118,0,CERRADO,GR 3 - CENTRO-OESTE,-, ,,,,356244.501464844,5211.02154710839, 
358222,0000.00.0157,PARNA das Sempre-Vivas,45.3863822469367,incendio,incendio,planet, ,136,5/26/2025 12:00:00 AM,2025,mai,05,incendio,interior,45.3863822469367,0,CERRADO,GR 4 - SUDESTE,-, ,,,,503619.046875,4508.2974002758, 
358223,0000.00.0076,ESEC Serra Geral do Tocantins,299.78143599359,incendio,incendio,planet, ,136,5/21/2025 12:00:00 AM,2025,mai,05,incendio,interior,299.78143599359,0,CERRADO,GR 3 - CENTRO-OESTE,-, ,,,,3122891.76708984,10868.400830441, 
358224,0000.00.0076,ESEC Serra Geral do Tocantins,105.830356780435,gestao de ignicao antropica,manejo,planet,Queima do dia 16/05,137,5/21/2025 12:00:00 AM,2025,mai,05,manejo,interior,105.830356780435,0,CERRADO,GR 3 - CENTRO-OESTE,-, ,,,,1104102.71386719,11532.3002225192, 
358225,0000.00.0139,PARNA da Chapada dos Veadeiros,144.525563322372,queima prescrita,manejo,planet,Queima do dia 21/05,142,5/25/2025 12:00:00 AM,2025,mai,05,manejo,interior,144.525563322372,0,CERRADO,GR 3 - CENTRO-OESTE,-, ,,,,1545829.85009766,9757.15570296119, 
358226,0000.00.0011,APA da Serra da Mantiqueira,69.0323020091635,incendio,incendio,planet, ,317,11/30/2025 12:00:00 AM,2025,nov,11,incendio,interior,69.0323020091635,0,MATA ATLÂNTICA,GR 4 - SUDESTE,Núcleo de Gestão Integrada - ICMBio Mantiqueira, ,,,,807187.723632813,8432.09185625946, 
358227,0000.00.0076,ESEC Serra Geral do Tocantins,72.0193719662318,queima prescrita,manejo,planet,Queima do dia 19/05,140,5/21/2025 12:00:00 AM,2025,mai,05,manejo,interior,72.0193719662318,0,CERRADO,GR 3 - CENTRO-OESTE,-, ,,,,750125.176269531,5253.14495994087, 
358228,0000.00.0168,PARNA do Araguaia,18.5519324348008,gestao de ignicao antropica,manejo,planet, ,134,5/15/2025 12:00:00 AM,2025,mai,05,manejo,interior,18.5519324348008,0,CERRADO,GR 3 - CENTRO-OESTE,-, ,,,,192610.129394531,1971.28690517515, 
358229,0000.00.0272,PARNA da Chapada das Mesas,14.2097341142011,queima prescrita,manejo,planet,Queima entre os dias 26/05 e 28/05,147,5/15/2025 12:00:00 AM,2025,mai,05,manejo,interior,14.2097341142011,0,CERRADO,GR 2 - NORDESTE,-, ,,,,145206.202880859,1541.81336441195,CT Fortaleza
358230,0000.00.0168,PARNA do Araguaia,9.83300938129413,gestao de ignicao antropica,manejo,planet, ,136,5/29/2025 12:00:00 AM,2025,mai,05,manejo,interior,9.83300938129413,0,CERRADO,GR 3 - CENTRO-OESTE,-, ,,,,102113.430175781,1854.20418752688, 
358231,0000.00.0076,ESEC Serra Geral do Tocantins,733.708073718616,queima prescrita,manejo,planet,Queima do dia 19/05,140,5/21/2025 12:00:00 AM,2025,mai,05,manejo,interior,733.708073718616,0,CERRADO,GR 3 - CENTRO-OESTE,-, ,,,,7644272.60644531,27861.6156298151, 
358232,0000.00.0076,ESEC Serra Geral do Tocantins,365.356083049718,queima prescrita,manejo,planet,Queima do dia 19/05,140,5/21/2025 12:00:00 AM,2025,mai,05,manejo,interior,365.356083049718,0,CERRADO,GR 3 - CENTRO-OESTE,-, ,,,,3806223.41699219,12235.0717976705, 
358233,0000.00.0168,PARNA do Araguaia,42.1708585934646,gestao de ignicao antropica,manejo,planet, ,134,5/15/2025 12:00:00 AM,2025,mai,05,manejo,interior,42.1708585934646,0,CERRADO,GR 3 - CENTRO-OESTE,-, ,,,,438947.980957031,3141.81105626611, 
358234,0000.00.0076,ESEC Serra Geral do Tocantins,145.282713476502,incendio,incendio,planet, ,274,10/27/2025 12:00:00 AM,2025,out,10,incendio,interior,145.282713476502,0,CERRADO,GR 3 - CENTRO-OESTE,-, ,,,,1514786.37451172,15541.3871054493, 
358235,0000.00.0011,APA da Serra da Mantiqueira,12.7566191371367,incendio,incendio,planet, ,316,11/30/2025 12:00:00 AM,2025,nov,11,incendio,interior,12.7566191371367,0,MATA ATLÂNTICA,GR 4 - SUDESTE,Núcleo de Gestão Integrada - ICMBio Mantiqueira, ,,,,149318.96484375,2426.39966346326, 
358236,0000.00.0168,PARNA do Araguaia,102.854651325781,gestao de ignicao antropica,manejo,planet, ,135,5/15/2025 12:00:00 AM,2025,mai,05,manejo,interior,102.854651325781,0,CERRADO,GR 3 - CENTRO-OESTE,-, ,,,,1067598.43457031,5451.72221500682, 
358237,0000.00.0076,ESEC Serra Geral do Tocantins,54.7409273255839,queima prescrita,manejo,planet,Queima do dia 20/05,141,5/21/2025 12:00:00 AM,2025,mai,05,manejo,interior,54.7409273255839,0,CERRADO,GR 3 - CENTRO-OESTE,-, ,,,,570678.755371094,3344.85107937222, 
358238,0000.00.0076,ESEC Serra Geral do Tocantins,14.1392436166624,queima prescrita,manejo,planet,Queima do dia 20/05,141,5/21/2025 12:00:00 AM,2025,mai,05,manejo,interior,14.1392436166624,0,CERRADO,GR 3 - CENTRO-OESTE,-, ,,,,147409.305175781,1670.98086305476, 
358239,0000.00.0076,ESEC Serra Geral do Tocantins,79.7407610899604,queima prescrita,manejo,planet,Queima do dia 20/05,141,5/21/2025 12:00:00 AM,2025,mai,05,manejo,interior,79.7407610899604,0,CERRADO,GR 3 - CENTRO-OESTE,-, ,,,,831036.456054688,5856.40151730247, 
358240,0000.00.0076,ESEC Serra Geral do Tocantins,8.17960374732232,queima prescrita,manejo,planet,Queima do dia 20/05,141,5/21/2025 12:00:00 AM,2025,mai,05,manejo,interior,8.17960374732232,0,CERRADO,GR 3 - CENTRO-OESTE,-, ,,,,85273.5634765625,1655.88172272998, 
358241,0000.00.0076,ESEC Serra Geral do Tocantins,4.75777886715785,queima prescrita,manejo,planet,Queima do dia 20/05,141,5/21/2025 12:00:00 AM,2025,mai,05,manejo,interior,4.75777886715785,0,CERRADO,GR 3 - CENTRO-OESTE,-, ,,,,49599.9057617188,1123.9267355091, 
358242,0000.00.0139,PARNA da Chapada dos Veadeiros,64.1728797286122,queima prescrita,manejo,planet,Queima do dia 23/05,144,5/25/2025 12:00:00 AM,2025,mai,05,manejo,interior,64.1728797286122,0,CERRADO,GR 3 - CENTRO-OESTE,-, ,,,,684605.092773438,5130.68807752189, 
358243,0000.00.0272,PARNA da Chapada das Mesas,40.4907179808192,queima prescrita,manejo,planet,Queima entre os dias 11/05 e 13/05,132,5/28/2025 12:00:00 AM,2025,mai,05,manejo,interior,40.4907179808192,0,CERRADO,GR 2 - NORDESTE,-, ,,,,413853.701660156,3694.63011204125,CT Fortaleza
358244,0000.00.0284,PARNA dos Campos Amazônicos,188.496952721632,queima prescrita,manejo,planet,Queima entre os dias 19/05 e 20/05,140,5/22/2025 12:00:00 AM,2025,mai,05,manejo,interior,188.496952721632,0,AMAZÔNIA,GR 1 - NORTE,Núcleo de Gestão Integrada - ICMBio Humaitá,CR Porto V,,,,1937410.46923828,12428.7299156989,CT Porto Velho
358245,0000.00.0284,PARNA dos Campos Amazônicos,195.166194470046,queima prescrita,manejo,planet,Queima entre os dias 20/05 e 22/05,143,5/22/2025 12:00:00 AM,2025,mai,05,manejo,interior,195.166194470046,0,AMAZÔNIA,GR 1 - NORTE,Núcleo de Gestão Integrada - ICMBio Humaitá,CR Porto V,,,,2006928.99462891,9967.13842404923,CT Porto Velho
358246,0000.00.0284,PARNA dos Campos Amazônicos,211.906669366253,queima prescrita,manejo,planet,Queima entre os dias 19/05 e 20/05,140,5/22/2025 12:00:00 AM,2025,mai,05,manejo,interior,211.906669366253,0,AMAZÔNIA,GR 1 - NORTE,Núcleo de Gestão Integrada - ICMBio Humaitá,CR Porto V,,,,2178520.29638672,11147.379612856,CT Porto Velho
358247,0000.00.0284,PARNA dos Campos Amazônicos,556.860468149588,queima prescrita,manejo,planet,Queima entre os dias 19/05 e 20/05,140,5/22/2025 12:00:00 AM,2025,mai,05,manejo,interior,556.860468149588,0,AMAZÔNIA,GR 1 - NORTE,Núcleo de Gestão Integrada - ICMBio Humaitá,CR Porto V,,,,5725059.48828125,27859.2192889509,CT Porto Velho
358248,0000.00.0284,PARNA dos Campos Amazônicos,175.968204407765,queima prescrita,manejo,planet,Queima entre os dias 19/05 e 20/05,140,5/22/2025 12:00:00 AM,2025,mai,05,manejo,interior,175.968204407765,0,AMAZÔNIA,GR 1 - NORTE,Núcleo de Gestão Integrada - ICMBio Humaitá,CR Porto V,,,,1808813.22851563,11487.9357612532,CT Porto Velho
358249,0000.00.0065,ESEC de Uruçuí-Una,40.2194825545835,queima prescrita,manejo,planet,Queima do dia 14/05,135,5/21/2025 12:00:00 AM,2025,mai,05,manejo,interior,40.2194825545835,0,CERRADO,GR 2 - NORDESTE,-, ,,,,414596.05859375,3485.90296790909,CT Fortaleza
358250,0000.00.0219,REVIS das Veredas do Oeste Baiano,71.2975139816061,queima prescrita,manejo,planet,Queima entre os dias 21/05 e 22/05,142,5/25/2025 12:00:00 AM,2025,mai,05,manejo,interior,71.2975139816061,0,CERRADO,GR 3 - CENTRO-OESTE,Núcleo de Gestão Integrada - ICMBio Mambaí, ,,,,763314.229003906,9418.25756317204, 
358251,0000.00.0065,ESEC de Uruçuí-Una,13.8725693516954,queima prescrita,manejo,planet,Queima do dia 14/05,135,5/21/2025 12:00:00 AM,2025,mai,05,manejo,interior,13.8725693516954,0,CERRADO,GR 2 - NORDESTE,-, ,,,,143008.823242188,1645.20947560586,CT Fortaleza
358252,0000.00.0065,ESEC de Uruçuí-Una,6.62551785125236,queima prescrita,manejo,planet,Queima do dia 14/05,135,5/21/2025 12:00:00 AM,2025,mai,05,manejo,interior,6.62551785125236,0,CERRADO,GR 2 - NORDESTE,-, ,,,,68281.5126953125,1825.17772160658,CT Fortaleza
358253,0000.00.0065,ESEC de Uruçuí-Una,18.9116825191131,queima prescrita,manejo,planet,Queima do dia 14/05,135,5/21/2025 12:00:00 AM,2025,mai,05,manejo,interior,18.9116825191131,0,CERRADO,GR 2 - NORDESTE,-, ,,,,194893.464355469,2091.57162880238,CT Fortaleza
358254,0000.00.0284,PARNA dos Campos Amazônicos,76.5466120253241,queima prescrita,manejo,planet,Queima do dia 16/05,137,5/22/2025 12:00:00 AM,2025,mai,05,manejo,interior,76.5466120253241,0,AMAZÔNIA,GR 1 - NORTE,Núcleo de Gestão Integrada - ICMBio Humaitá,CR Porto V,,,,787481.075683594,7816.59535037967,CT Porto Velho
358255,0000.00.0144,PARNA da Serra da Canastra,305.64528356862,queima prescrita,manejo,planet,Queima do dia 20/05,141,5/21/2025 12:00:00 AM,2025,mai,05,manejo,interior,305.64528356862,0,CERRADO,GR 4 - SUDESTE,-, ,,,,3483816.9609375,10629.2554383528, 
358256,0000.00.0065,ESEC de Uruçuí-Una,85.4474015535753,queima prescrita,manejo,planet,Queima do dia 20/05,141,5/21/2025 12:00:00 AM,2025,mai,05,manejo,interior,85.4474015535753,0,CERRADO,GR 2 - NORDESTE,-, ,,,,881457.07421875,4437.32927330009,CT Fortaleza
358257,0000.00.0065,ESEC de Uruçuí-Una,243.811565181172,queima prescrita,manejo,planet,Queima do dia 20/05,141,5/21/2025 12:00:00 AM,2025,mai,05,manejo,interior,243.811565181172,0,CERRADO,GR 2 - NORDESTE,-, ,,,,2515177.67724609,10634.5034896335,CT Fortaleza
358258,0000.00.0065,ESEC de Uruçuí-Una,20.6430865971963,queima prescrita,manejo,planet,Queima do dia 14/05,135,5/21/2025 12:00:00 AM,2025,mai,05,manejo,interior,20.6430865971963,0,CERRADO,GR 2 - NORDESTE,-, ,,,,212755.099121094,2723.68024455183,CT Fortaleza
358259,0000.00.0065,ESEC de Uruçuí-Una,21.396763810927,queima prescrita,manejo,planet,Queima do dia 14/05,135,5/21/2025 12:00:00 AM,2025,mai,05,manejo,interior,21.396763810927,0,CERRADO,GR 2 - NORDESTE,-, ,,,,220544.310546875,3344.02261996798,CT Fortaleza
358260,0000.00.0272,PARNA da Chapada das Mesas,13.5421991033726,queima prescrita,manejo,planet,Queima do dia 12/05,133,5/15/2025 12:00:00 AM,2025,mai,05,manejo,interior,13.5421991033726,0,CERRADO,GR 2 - NORDESTE,-, ,,,,138353.739013672,1945.15498422927,CT Fortaleza
358261,0000.00.0144,PARNA da Serra da Canastra,111.164447461822,queima controlada,manejo,planet,Queima do dia 19/05,140,5/19/2025 12:00:00 AM,2025,mai,05,manejo,interior,111.164447461822,0,CERRADO,GR 4 - SUDESTE,-, ,,,,1268283.86328125,7353.12981547388, 
358262,0000.00.0028,APA das Nascentes do Rio Vermelho,293.502948825535,incendio,incendio,planet, ,140,5/21/2025 12:00:00 AM,2025,mai,05,incendio,interior,293.502948825535,0,CERRADO,GR 3 - CENTRO-OESTE,Núcleo de Gestão Integrada - ICMBio Mambaí, ,,,,3147225.09277344,10274.3895493538, 
358263,0000.00.0284,PARNA dos Campos Amazônicos,257.125956746745,queima prescrita,manejo,planet,Queima entre os dias 19/05 e 20/05,140,5/22/2025 12:00:00 AM,2025,mai,05,manejo,interior,257.125956746745,0,AMAZÔNIA,GR 1 - NORTE,Núcleo de Gestão Integrada - ICMBio Humaitá,CR Porto V,,,,2643161.79394531,11977.1674422679,CT Porto Velho
358264,0000.00.0284,PARNA dos Campos Amazônicos,826.265631844556,queima prescrita,manejo,planet,Queima entre os dias 19/05 e 20/05,140,5/22/2025 12:00:00 AM,2025,mai,05,manejo,interior,826.265631844556,0,AMAZÔNIA,GR 1 - NORTE,Núcleo de Gestão Integrada - ICMBio Humaitá,CR Porto V,,,,8494491.62011719,25886.7639596044,CT Porto Velho
358265,0000.00.3136,PARNA da Serra do Gandarela,133.120631557138,queima prescrita,manejo,planet,Queima do dia 21/05,142,5/26/2025 12:00:00 AM,2025,mai,05,manejo,interior,133.120631557138,0,MATA ATLÂNTICA,GR 4 - SUDESTE,-, ,,,,1518147.609375,8447.14383657326, 
358266,0000.00.0284,PARNA dos Campos Amazônicos,324.62760096259,queima prescrita,manejo,planet,Queima entre os dias 20/05 e 22/05,143,5/22/2025 12:00:00 AM,2025,mai,05,manejo,interior,324.62760096259,0,AMAZÔNIA,GR 1 - NORTE,Núcleo de Gestão Integrada - ICMBio Humaitá,CR Porto V,,,,3338192.85400391,12988.1953135614,CT Porto Velho
358267,0000.00.0284,PARNA dos Campos Amazônicos,391.793633041431,queima prescrita,manejo,planet,Queima entre os dias 20/05 e 22/05,143,5/26/2025 12:00:00 AM,2025,mai,05,manejo,interior,391.793633041431,0,AMAZÔNIA,GR 1 - NORTE,Núcleo de Gestão Integrada - ICMBio Humaitá,CR Porto V,,,,4029222.57128906,15335.0260717506,CT Porto Velho
358268,0000.00.3136,PARNA da Serra do Gandarela,3.08587368736087,queima prescrita,manejo,planet,Queima do dia 21/05,142,5/26/2025 12:00:00 AM,2025,mai,05,manejo,interior,3.08587368736087,0,MATA ATLÂNTICA,GR 4 - SUDESTE,-, ,,,,35188.8896484375,850.01949455499, 
358269,0000.00.0284,PARNA dos Campos Amazônicos,399.034500247581,queima prescrita,manejo,planet,Queima entre os dias 20/05 e 22/05,143,5/26/2025 12:00:00 AM,2025,mai,05,manejo,interior,399.034500247581,0,AMAZÔNIA,GR 1 - NORTE,Núcleo de Gestão Integrada - ICMBio Humaitá,CR Porto V,,,,4103397.02246094,20076.5039011836,CT Porto Velho
358270,0000.00.3136,PARNA da Serra do Gandarela,29.0970683935743,queima prescrita,manejo,planet,Queima do dia 21/05,142,5/26/2025 12:00:00 AM,2025,mai,05,manejo,interior,29.0970683935743,0,MATA ATLÂNTICA,GR 4 - SUDESTE,-, ,,,,331773.745117188,3613.45227740019, 
358271,0000.00.0284,PARNA dos Campos Amazônicos,476.688154157255,queima prescrita,manejo,planet,Queima entre os dias 20/05 e 22/05,141,5/26/2025 12:00:00 AM,2025,mai,05,manejo,interior,476.688154157255,0,AMAZÔNIA,GR 1 - NORTE,Núcleo de Gestão Integrada - ICMBio Humaitá,CR Porto V,,,,4901772.75341797,17609.45385055,CT Porto Velho
358272,0000.00.3136,PARNA da Serra do Gandarela,2.15339133421825,queima prescrita,manejo,planet,Queima do dia 21/05,142,5/26/2025 12:00:00 AM,2025,mai,05,manejo,interior,2.15339133421825,0,MATA ATLÂNTICA,GR 4 - SUDESTE,-, ,,,,24532.7451171875,675.617456138212, 
358273,0000.00.3136,PARNA da Serra do Gandarela,21.4430268370839,queima prescrita,manejo,planet,Queima do dia 21/05,142,5/26/2025 12:00:00 AM,2025,mai,05,manejo,interior,21.4430268370839,0,MATA ATLÂNTICA,GR 4 - SUDESTE,-, ,,,,244277.59375,3141.72079833681, 
358274,0000.00.3136,PARNA da Serra do Gandarela,97.6431878144665,queima prescrita,manejo,planet,Queima do dia 21/05,142,5/26/2025 12:00:00 AM,2025,mai,05,manejo,interior,97.6431878144665,0,MATA ATLÂNTICA,GR 4 - SUDESTE,-, ,,,,1112333.91992188,11417.3180173075, 
358275,0000.00.3136,PARNA da Serra do Gandarela,115.455882234241,queima prescrita,manejo,planet,Queima do dia 21/05,142,5/26/2025 12:00:00 AM,2025,mai,05,manejo,interior,115.455882234241,0,MATA ATLÂNTICA,GR 4 - SUDESTE,-, ,,,,1315031.6875,6793.16709150283, 
358276,0000.00.0138,PARNA da Chapada dos Guimaraes,8.30548763946826,queima prescrita,manejo,planet,Queima do dia 17/05,138,5/24/2025 12:00:00 AM,2025,mai,05,manejo,interior,8.30548763946826,0,CERRADO,GR 3 - CENTRO-OESTE,-, ,,,,89747.82421875,2397.97667017649,CT - GR3
358277,0000.00.0138,PARNA da Chapada dos Guimaraes,4.02585498235622,queima prescrita,manejo,planet,Queima do dia 17/05,138,5/24/2025 12:00:00 AM,2025,mai,05,manejo,interior,4.02585498235622,0,CERRADO,GR 3 - CENTRO-OESTE,-, ,,,,43504.6591796875,885.510794262151,CT - GR3
358278,0000.00.3136,PARNA da Serra do Gandarela,104.200885532337,queima prescrita,manejo,planet,Queima do dia 21/05,142,5/26/2025 12:00:00 AM,2025,mai,05,manejo,interior,104.200885532337,0,MATA ATLÂNTICA,GR 4 - SUDESTE,-, ,,,,1186726.9609375,13564.5040159424, 
358279,0000.00.0065,ESEC de Uruçuí-Una,26.127407229394,queima prescrita,manejo,planet,Queima do dia 13/05,134,5/26/2025 12:00:00 AM,2025,mai,05,manejo,interior,26.127407229394,0,CERRADO,GR 2 - NORDESTE,-, ,,,,269191.668945313,3113.09484710546,CT Fortaleza
358280,0000.00.0065,ESEC de Uruçuí-Una,40.901901025565,queima prescrita,manejo,planet,Queima do dia 20/05,141,5/26/2025 12:00:00 AM,2025,mai,05,manejo,interior,40.901901025565,0,CERRADO,GR 2 - NORDESTE,-, ,,,,421799.872558594,4469.77270006167,CT Fortaleza
358281,0000.00.3655,APA do Boqueirão da Onça,39.1921373987102,incendio,incendio,planet, ,322,11/18/2025 12:00:00 AM,2025,nov,11,incendio,interior,39.1921373987102,0,CAATINGA,GR 2 - NORDESTE,Núcleo de Gestão Integrada - ICMBio Juazeiro, ,,,,406936.742675781,3618.03835906233,CT Salvador
358282,0000.00.0139,PARNA da Chapada dos Veadeiros,257.258705857405,queima prescrita,manejo,planet,Queima do dia 21/05,142,5/25/2025 12:00:00 AM,2025,mai,05,manejo,interior,257.258705857405,0,CERRADO,GR 3 - CENTRO-OESTE,-, ,,,,2752223.94726563,19834.3946932715, 
358283,0000.00.0272,PARNA da Chapada das Mesas,71.0639655716512,queima prescrita,manejo,planet,Queima entre os dias 26/05 e 28/05,147,5/28/2025 12:00:00 AM,2025,mai,05,manejo,interior,71.0639655716512,0,CERRADO,GR 2 - NORDESTE,-, ,,,,726143.284423828,5728.7122234987,CT Fortaleza
358284,0000.00.0065,ESEC de Uruçuí-Una,5.95117762525394,queima prescrita,manejo,planet,Queima do dia 23/05,143,5/26/2025 12:00:00 AM,2025,mai,05,manejo,interior,5.95117762525394,0,CERRADO,GR 2 - NORDESTE,-, ,,,,61374.3071289063,1167.80800136524,CT Fortaleza
358285,0000.00.0157,PARNA das Sempre-Vivas,111.134506320811,incendio,incendio,planet, ,142,5/26/2025 12:00:00 AM,2025,mai,05,incendio,interior,111.134506320811,0,CERRADO,GR 4 - SUDESTE,-, ,,,,1233448.02539063,11443.7834587543, 
358286,0000.00.0076,ESEC Serra Geral do Tocantins,535.541519965254,queima prescrita,manejo,planet,Queima do dia 20/05,141,5/21/2025 12:00:00 AM,2025,mai,05,manejo,interior,535.541519965254,0,CERRADO,GR 3 - CENTRO-OESTE,-, ,,,,5581528.34130859,20081.5104657114, 
358287,0000.00.3655,APA do Boqueirão da Onça,88.8906777922778,incendio,incendio,planet, ,307,11/5/2025 12:00:00 AM,2025,nov,11,incendio,interior,88.8906777922778,0,CAATINGA,GR 2 - NORDESTE,Núcleo de Gestão Integrada - ICMBio Juazeiro, ,,,,924407.452636719,6685.7961957003,CT Salvador
358288,0000.00.0168,PARNA do Araguaia,266.203785658879,gestao de ignicao antropica,manejo,planet, ,137,5/18/2025 12:00:00 AM,2025,mai,05,manejo,interior,266.203785658879,0,CERRADO,GR 3 - CENTRO-OESTE,-, ,,,,2771235.01123047,9587.36299358495, 
358289,0000.00.0168,PARNA do Araguaia,437.122793246173,gestao de ignicao antropica,manejo,planet, ,145,5/26/2025 12:00:00 AM,2025,mai,05,manejo,interior,437.122793246173,0,CERRADO,GR 3 - CENTRO-OESTE,-, ,,,,4543197.83154297,10773.0662922448, 
358290,0000.00.0183,PARNA Grande Sertão Veredas,36.4356674641018,incendio,incendio,planet, ,142,5/21/2025 12:00:00 AM,2025,mai,05,incendio,interior,36.4356674641018,0,CERRADO,GR 4 - SUDESTE,-, ,,,,392969.975585938,3481.52425429264, 
358291,0000.00.0065,ESEC de Uruçuí-Una,64.1806195386061,queima prescrita,manejo,planet,Queima do dia 27/05,148,5/28/2025 12:00:00 AM,2025,mai,05,manejo,interior,64.1806195386061,0,CERRADO,GR 2 - NORDESTE,-, ,,,,661771.532714844,4218.89368123994,CT Fortaleza
358292,0000.00.0159,PARNA de Brasília,14.4922200772175,queima prescrita,manejo,planet,Queima do dia 08/04,99,5/4/2025 12:00:00 AM,2025,mai,05,manejo,interior,14.4922200772175,0,CERRADO,GR 3 - CENTRO-OESTE,Núcleo de Gestão Integrada - ICMBio Brasília-Contagem, ,,,,157285.423828125,2909.49218878403, 
358293,0000.00.0168,PARNA do Araguaia,391.048805904748,gestao de ignicao antropica,manejo,planet, ,147,5/27/2025 12:00:00 AM,2025,mai,05,manejo,interior,391.048805904748,0,CERRADO,GR 3 - CENTRO-OESTE,-, ,,,,4059223.75439453,12047.303173128, 
358294,0000.00.0168,PARNA do Araguaia,33.047112398066,gestao de ignicao antropica,manejo,planet, ,137,5/27/2025 12:00:00 AM,2025,mai,05,manejo,interior,33.047112398066,0,CERRADO,GR 3 - CENTRO-OESTE,-, ,,,,344038.717285156,3202.31419345877, 
358295,0000.00.0168,PARNA do Araguaia,19.5391881881747,gestao de ignicao antropica,manejo,planet, ,137,5/27/2025 12:00:00 AM,2025,mai,05,manejo,interior,19.5391881881747,0,CERRADO,GR 3 - CENTRO-OESTE,-, ,,,,203432.090332031,2432.85303285377, 
358296,0000.00.0155,PARNA das Emas,18.9441915088252,aceiro,manejo,planet,Queima entre os dias 03/06 e 05/06,155,6/8/2025 12:00:00 AM,2025,jun,06,manejo,interior,18.9441915088252,0,CERRADO,GR 3 - CENTRO-OESTE,-, ,,,,210755.840820313,8510.28287764352, 
358297,0000.00.0065,ESEC de Uruçuí-Una,10.5044955424742,queima prescrita,manejo,planet,Queima do dia 27/05,148,5/28/2025 12:00:00 AM,2025,mai,05,manejo,interior,10.5044955424742,0,CERRADO,GR 2 - NORDESTE,-, ,,,,108315.868164063,1827.55640018836,CT Fortaleza
358298,0000.00.0208,REBIO do Jaru,80.384339095544,incendio,incendio,planet, ,132,5/24/2025 12:00:00 AM,2025,mai,05,incendio,interior,80.384339095544,0,AMAZÔNIA,GR 1 - NORTE,-,CR Porto V,,,,833976.517578125,5610.05235054923,CT Porto Velho
358299,0000.00.0208,REBIO do Jaru,27.7623380814,incendio,incendio,planet, ,132,5/24/2025 12:00:00 AM,2025,mai,05,incendio,interior,27.7623380814,0,AMAZÔNIA,GR 1 - NORTE,-,CR Porto V,,,,288009.853027344,2940.45273125881,CT Porto Velho
358300,0000.00.0208,REBIO do Jaru,40.1252233825127,incendio,incendio,planet, ,129,5/24/2025 12:00:00 AM,2025,mai,05,incendio,interior,40.1252233825127,0,AMAZÔNIA,GR 1 - NORTE,-,CR Porto V,,,,416480.271484375,4048.40029970692,CT Porto Velho
358301,0000.00.3136,PARNA da Serra do Gandarela,3.22517852113766,incendio,incendio,planet, ,146,5/26/2025 12:00:00 AM,2025,mai,05,incendio,interior,3.22517852113766,0,MATA ATLÂNTICA,GR 4 - SUDESTE,-, ,,,,36720.8779296875,985.414712294436, 
358302,0000.00.0139,PARNA da Chapada dos Veadeiros,5.7472502545369,queima prescrita,manejo,planet,Queima do dia 08/04,99,4/20/2025 12:00:00 AM,2025,abr,04,manejo,interior,5.7472502545369,0,CERRADO,GR 3 - CENTRO-OESTE,-, ,,,,61474.0791015625,1418.4737884001, 
358303,0000.00.0139,PARNA da Chapada dos Veadeiros,5.46642374492514,queima prescrita,manejo,planet,Queima do dia 08/04,99,4/20/2025 12:00:00 AM,2025,abr,04,manejo,interior,5.46642374492514,0,CERRADO,GR 3 - CENTRO-OESTE,-, ,,,,58472.1606445313,1033.09978780973, 
358304,0000.00.0286,RESEX de Recanto das Araras de Terra Ronca,40.5023601154512,incendio,incendio,planet, ,148,5/28/2025 12:00:00 AM,2025,mai,05,incendio,interior,40.5023601154512,0,CERRADO,GR 3 - CENTRO-OESTE,Núcleo de Gestão Integrada - ICMBio Mata Grande/Terra Ronca, ,,,,431703.444335938,3858.99506304194, 
358305,0000.00.0023,APA do Planalto Central,11.8584500805351,incendio,incendio,planet, ,135,5/25/2025 12:00:00 AM,2025,mai,05,incendio,interior,11.8584500805351,0,CERRADO,GR 3 - CENTRO-OESTE,-, ,,,,128330.956054688,1746.3162771693, 
358306,0000.00.0023,APA do Planalto Central,65.7221256089149,incendio,incendio,planet, ,135,5/25/2025 12:00:00 AM,2025,mai,05,incendio,interior,65.7221256089149,0,CERRADO,GR 3 - CENTRO-OESTE,-, ,,,,711072.755859375,7321.67465213567, 
358307,0000.00.0023,APA do Planalto Central,9.87540339732815,incendio,incendio,planet, ,139,5/25/2025 12:00:00 AM,2025,mai,05,incendio,interior,9.87540339732815,0,CERRADO,GR 3 - CENTRO-OESTE,-, ,,,,106805.443359375,1641.17648887634, 
358308,0000.00.0023,APA do Planalto Central,10.8839862976912,incendio,incendio,planet, ,139,5/25/2025 12:00:00 AM,2025,mai,05,incendio,interior,10.8839862976912,0,CERRADO,GR 3 - CENTRO-OESTE,-, ,,,,117623.094726563,1371.16938075834, 
358309,0000.00.0159,PARNA de Brasília,64.8775286269412,queima prescrita,manejo,planet,Queima entre os dias 15/05 e 20/05,136,5/27/2025 12:00:00 AM,2025,mai,05,manejo,interior,64.8775286269412,0,CERRADO,GR 3 - CENTRO-OESTE,Núcleo de Gestão Integrada - ICMBio Brasília-Contagem, ,,,,704373.556640625,4911.37259688212, 
358310,0000.00.0159,PARNA de Brasília,3.96289762472584,queima prescrita,manejo,planet,Queima entre os dias 15/05 e 20/05,136,5/27/2025 12:00:00 AM,2025,mai,05,manejo,interior,3.96289762472584,0,CERRADO,GR 3 - CENTRO-OESTE,Núcleo de Gestão Integrada - ICMBio Brasília-Contagem, ,,,,43021.98828125,1470.3908189953, 
358311,0000.00.0139,PARNA da Chapada dos Veadeiros,50.5338972072939,queima prescrita,manejo,planet,Queima do dia 08/04,99,4/20/2025 12:00:00 AM,2025,abr,04,manejo,interior,50.5338972072939,0,CERRADO,GR 3 - CENTRO-OESTE,-, ,,,,540583.399902344,6130.8781973406, 
358312,0000.00.0139,PARNA da Chapada dos Veadeiros,31.4615041055688,queima prescrita,manejo,planet,Queima do dia 08/04,99,4/20/2025 12:00:00 AM,2025,abr,04,manejo,interior,31.4615041055688,0,CERRADO,GR 3 - CENTRO-OESTE,-, ,,,,336512.459960938,3275.13849744425, 
358313,0000.00.0139,PARNA da Chapada dos Veadeiros,10.0152489334994,queima prescrita,manejo,planet,Queima do dia 08/04,99,4/20/2025 12:00:00 AM,2025,abr,04,manejo,interior,10.0152489334994,0,CERRADO,GR 3 - CENTRO-OESTE,-, ,,,,107130.345703125,1876.67752909375, 
358314,0000.00.0139,PARNA da Chapada dos Veadeiros,3.51940175470795,queima prescrita,manejo,planet,Queima do dia 08/04,99,4/20/2025 12:00:00 AM,2025,abr,04,manejo,interior,3.51940175470795,0,CERRADO,GR 3 - CENTRO-OESTE,-, ,,,,37644.3208007813,939.679486768399, 
358315,0000.00.0272,PARNA da Chapada das Mesas,177.087679953496,queima prescrita,manejo,planet,Queima entre os dias 26/05 e 28/05,147,5/15/2025 12:00:00 AM,2025,mai,05,manejo,interior,177.087679953496,0,CERRADO,GR 2 - NORDESTE,-, ,,,,1809566.25561523,12727.125790502,CT Fortaleza
358316,0000.00.0272,PARNA da Chapada das Mesas,13.8124711477357,queima prescrita,manejo,planet,Queima entre os dias 26/05 e 28/05,147,5/15/2025 12:00:00 AM,2025,mai,05,manejo,interior,13.8124711477357,0,CERRADO,GR 2 - NORDESTE,-, ,,,,141127.057617188,2280.34162042376,CT Fortaleza
358317,0000.00.0272,PARNA da Chapada das Mesas,12.0036804005362,queima prescrita,manejo,planet,Queima entre os dias 26/05 e 28/05,147,5/15/2025 12:00:00 AM,2025,mai,05,manejo,interior,12.0036804005362,0,CERRADO,GR 2 - NORDESTE,-, ,,,,122648.775146484,1436.72937903952,CT Fortaleza
358318,0000.00.0272,PARNA da Chapada das Mesas,7.25212120654316,queima prescrita,manejo,planet,Queima entre os dias 26/05 e 28/05,147,5/15/2025 12:00:00 AM,2025,mai,05,manejo,interior,7.25212120654316,0,CERRADO,GR 2 - NORDESTE,-, ,,,,74100.9304199219,1254.55766338954,CT Fortaleza
358319,0000.00.0272,PARNA da Chapada das Mesas,397.340389183244,queima prescrita,manejo,planet,Queima entre os dias 26/05 e 28/05,147,5/28/2025 12:00:00 AM,2025,mai,05,manejo,interior,397.340389183244,0,CERRADO,GR 2 - NORDESTE,-, ,,,,4060483.63647461,17654.6044388424,CT Fortaleza
358320,0000.00.0272,PARNA da Chapada das Mesas,23.43180508557,queima prescrita,manejo,planet,Queima do dia 17/05,138,5/28/2025 12:00:00 AM,2025,mai,05,manejo,interior,23.43180508557,0,CERRADO,GR 2 - NORDESTE,-, ,,,,239352.715332031,2606.119045965,CT Fortaleza
358321,0000.00.0272,PARNA da Chapada das Mesas,67.2340186313961,queima prescrita,manejo,planet,Queima entre os dias 26/05 e 28/05,147,5/28/2025 12:00:00 AM,2025,mai,05,manejo,interior,67.2340186313961,0,CERRADO,GR 2 - NORDESTE,-, ,,,,686902.350585938,5617.32372912822,CT Fortaleza
358322,0000.00.0272,PARNA da Chapada das Mesas,5.02906235729819,queima prescrita,manejo,planet,Queima entre os dias 26/05 e 28/05,147,5/28/2025 12:00:00 AM,2025,mai,05,manejo,interior,5.02906235729819,0,CERRADO,GR 2 - NORDESTE,-, ,,,,51381.0864257813,992.752565668738,CT Fortaleza
358323,0000.00.0272,PARNA da Chapada das Mesas,7.34674375670854,queima prescrita,manejo,planet,Queima entre os dias 11/05 e 13/05,132,5/15/2025 12:00:00 AM,2025,mai,05,manejo,interior,7.34674375670854,0,CERRADO,GR 2 - NORDESTE,-, ,,,,75092.3186035156,1221.12167611463,CT Fortaleza
358324,0000.00.0272,PARNA da Chapada das Mesas,43.9798916364483,queima prescrita,manejo,planet,Queima entre os dias 11/05 e 13/05,132,5/15/2025 12:00:00 AM,2025,mai,05,manejo,interior,43.9798916364483,0,CERRADO,GR 2 - NORDESTE,-, ,,,,449536.293212891,2759.60890978127,CT Fortaleza
358325,0000.00.0272,PARNA da Chapada das Mesas,94.1362818797284,queima prescrita,manejo,planet,Queima entre os dias 11/05 e 13/05,132,5/15/2025 12:00:00 AM,2025,mai,05,manejo,interior,94.1362818797284,0,CERRADO,GR 2 - NORDESTE,-, ,,,,962147.827392578,10960.5727456687,CT Fortaleza
358326,0000.00.0272,PARNA da Chapada das Mesas,19.9868573711515,queima prescrita,manejo,planet,Queima do dia 12/05,133,5/15/2025 12:00:00 AM,2025,mai,05,manejo,interior,19.9868573711515,0,CERRADO,GR 2 - NORDESTE,-, ,,,,204202.162841797,2193.40962893969,CT Fortaleza
358327,0000.00.0272,PARNA da Chapada das Mesas,70.2822466669281,queima prescrita,manejo,planet,Queima entre os dias 11/05 e 13/05,132,5/15/2025 12:00:00 AM,2025,mai,05,manejo,interior,70.2822466669281,0,CERRADO,GR 2 - NORDESTE,-, ,,,,718375.874023438,6327.50149064668,CT Fortaleza
358328,0000.00.0272,PARNA da Chapada das Mesas,86.1311407902969,queima prescrita,manejo,planet,Queima entre os dias 11/05 e 13/05,132,5/28/2025 12:00:00 AM,2025,mai,05,manejo,interior,86.1311407902969,0,CERRADO,GR 2 - NORDESTE,-, ,,,,880283.871826172,8250.6986847409,CT Fortaleza
358329,0000.00.0272,PARNA da Chapada das Mesas,121.15843080646,queima prescrita,manejo,planet,Queima do dia 16/05,137,5/15/2025 12:00:00 AM,2025,mai,05,manejo,interior,121.15843080646,0,CERRADO,GR 2 - NORDESTE,-, ,,,,1238397.41186523,6279.80799821897,CT Fortaleza
358330,0000.00.0272,PARNA da Chapada das Mesas,528.94822514786,queima prescrita,manejo,planet,Queima do dia 13/05,134,5/15/2025 12:00:00 AM,2025,mai,05,manejo,interior,528.94822514786,0,CERRADO,GR 2 - NORDESTE,-, ,,,,5406891.94384766,23073.8266744947,CT Fortaleza
358331,0000.00.0065,ESEC de Uruçuí-Una,313.229875106466,queima prescrita,manejo,planet,Queima do dia 28/05,149,5/29/2025 12:00:00 AM,2025,mai,05,manejo,interior,313.229875106466,0,CERRADO,GR 2 - NORDESTE,-, ,,,,3229800.00537109,16495.1376733255,CT Fortaleza
358332,0000.00.0272,PARNA da Chapada das Mesas,39.2826838504042,queima prescrita,manejo,planet,Queima do dia 27/05,148,5/28/2025 12:00:00 AM,2025,mai,05,manejo,interior,39.2826838504042,0,CERRADO,GR 2 - NORDESTE,-, ,,,,401358.021972656,3993.85150752325,CT Fortaleza
358333,0000.00.0144,PARNA da Serra da Canastra,12.6765095776164,queima prescrita,manejo,planet,Queima do dia 21/05,142,5/26/2025 12:00:00 AM,2025,mai,05,manejo,interior,12.6765095776164,0,CERRADO,GR 4 - SUDESTE,-, ,,,,144702.55078125,2363.92313253639, 
358334,0000.00.0272,PARNA da Chapada das Mesas,290.838284508116,queima prescrita,manejo,planet,Queima do dia 26/05,147,5/28/2025 12:00:00 AM,2025,mai,05,manejo,interior,290.838284508116,0,CERRADO,GR 2 - NORDESTE,-, ,,,,2972442.18310547,12912.7240557109,CT Fortaleza
358335,0000.00.0272,PARNA da Chapada das Mesas,222.008982143334,queima prescrita,manejo,planet,Queima do dia 13/05,134,5/15/2025 12:00:00 AM,2025,mai,05,manejo,interior,222.008982143334,0,CERRADO,GR 2 - NORDESTE,-, ,,,,2269469.38500977,11917.0350195077,CT Fortaleza
358336,0000.00.0272,PARNA da Chapada das Mesas,8.1762701896475,queima prescrita,manejo,planet,Queima do dia 26/05,147,5/28/2025 12:00:00 AM,2025,mai,05,manejo,interior,8.1762701896475,0,CERRADO,GR 2 - NORDESTE,-, ,,,,83564.9138183594,1392.20150085884,CT Fortaleza
358337,0000.00.0159,PARNA de Brasília,1.19275333738947,queima prescrita,manejo,planet,Queima do dia 08/04,99,5/4/2025 12:00:00 AM,2025,mai,05,manejo,interior,1.19275333738947,0,CERRADO,GR 3 - CENTRO-OESTE,Núcleo de Gestão Integrada - ICMBio Brasília-Contagem, ,,,,12943.55859375,534.580795624152, 
358338,0000.00.0272,PARNA da Chapada das Mesas,39.1433444962282,queima prescrita,manejo,planet,Queima do dia 12/05,133,5/15/2025 12:00:00 AM,2025,mai,05,manejo,interior,39.1433444962282,0,CERRADO,GR 2 - NORDESTE,-, ,,,,399940.385986328,4058.47130191374,CT Fortaleza
358339,0000.00.0272,PARNA da Chapada das Mesas,73.1360872747304,queima prescrita,manejo,planet,Queima do dia 17/05,138,5/15/2025 12:00:00 AM,2025,mai,05,manejo,interior,73.1360872747304,0,CERRADO,GR 2 - NORDESTE,-, ,,,,747072.856933594,6600.29499670045,CT Fortaleza
358340,0000.00.0272,PARNA da Chapada das Mesas,76.2218539985357,queima prescrita,manejo,planet,Queima do dia 12/05,133,5/15/2025 12:00:00 AM,2025,mai,05,manejo,interior,76.2218539985357,0,CERRADO,GR 2 - NORDESTE,-, ,,,,778779.139648438,7980.72378468904,CT Fortaleza
358341,0000.00.0272,PARNA da Chapada das Mesas,103.974227874723,queima prescrita,manejo,planet,Queima do dia 17/05,138,5/15/2025 12:00:00 AM,2025,mai,05,manejo,interior,103.974227874723,0,CERRADO,GR 2 - NORDESTE,-, ,,,,1062094.41918945,6664.97496589254,CT Fortaleza
358342,0000.00.0272,PARNA da Chapada das Mesas,164.740505959846,queima prescrita,manejo,planet,Queima do dia 11/05,132,5/15/2025 12:00:00 AM,2025,mai,05,manejo,interior,164.740505959846,0,CERRADO,GR 2 - NORDESTE,-, ,,,,1683035.41333008,5724.25671196826,CT Fortaleza
358343,0000.00.0272,PARNA da Chapada das Mesas,32.750702772116,queima prescrita,manejo,planet,Queima do dia 17/05,138,5/15/2025 12:00:00 AM,2025,mai,05,manejo,interior,32.750702772116,0,CERRADO,GR 2 - NORDESTE,-, ,,,,334546.632568359,2386.46474490326,CT Fortaleza
358344,0000.00.0074,ESEC Raso da Catarina,28.9089989042726,incendio,incendio,planet, ,122,5/30/2025 12:00:00 AM,2025,mai,05,incendio,interior,28.9089989042726,0,CAATINGA,GR 2 - NORDESTE,Núcleo de Gestão Integrada - ICMBio Paulo Afonso, ,,,,299571.086914063,3416.70714841231,CT Salvador
358345,0000.00.0144,PARNA da Serra da Canastra,54.0234248007469,queima controlada,manejo,planet,Queima do dia 07/06,159,6/12/2025 12:00:00 AM,2025,jun,06,manejo,interior,54.0234248007469,0,CERRADO,GR 4 - SUDESTE,-, ,,,,616159.252929688,5252.55807966264, 
358346,0000.00.0272,PARNA da Chapada das Mesas,178.130255034417,queima prescrita,manejo,planet,Queima do dia 11/05,132,5/15/2025 12:00:00 AM,2025,mai,05,manejo,interior,178.130255034417,0,CERRADO,GR 2 - NORDESTE,-, ,,,,1820155.40234375,9759.66095450716,CT Fortaleza
358347,0000.00.0272,PARNA da Chapada das Mesas,262.390167367805,queima prescrita,manejo,planet,Queima do dia 16/05,137,5/15/2025 12:00:00 AM,2025,mai,05,manejo,interior,262.390167367805,0,CERRADO,GR 2 - NORDESTE,-, ,,,,2681962.20336914,10050.5420070503,CT Fortaleza
358348,0000.00.0272,PARNA da Chapada das Mesas,143.40464550629,queima prescrita,manejo,planet,Queima do dia 11/05,132,5/15/2025 12:00:00 AM,2025,mai,05,manejo,interior,143.40464550629,0,CERRADO,GR 2 - NORDESTE,-, ,,,,1465525.84838867,5073.13619964525,CT Fortaleza
358349,0000.00.0272,PARNA da Chapada das Mesas,37.8603184551257,queima prescrita,manejo,planet,Queima do dia 12/06,164,5/15/2025 12:00:00 AM,2025,mai,05,manejo,interior,37.8603184551257,0,CERRADO,GR 2 - NORDESTE,-, ,,,,387241.3984375,3457.75995360101,CT Fortaleza
358350,0000.00.0272,PARNA da Chapada das Mesas,489.673953912258,queima prescrita,manejo,planet,Queima do dia 11/05,132,5/15/2025 12:00:00 AM,2025,mai,05,manejo,interior,489.673953912258,0,CERRADO,GR 2 - NORDESTE,-, ,,,,5004473.28125,20472.075647963,CT Fortaleza
358351,0000.00.0272,PARNA da Chapada das Mesas,39.1739063202677,queima prescrita,manejo,planet,Queima do dia 11/05,132,5/15/2025 12:00:00 AM,2025,mai,05,manejo,interior,39.1739063202677,0,CERRADO,GR 2 - NORDESTE,-, ,,,,400384.552246094,4274.01763879003,CT Fortaleza
358352,0000.00.0024,APA Meandros do Rio Araguaia,3.14676152593022,incendio,incendio,planet, ,148,5/29/2025 12:00:00 AM,2025,mai,05,incendio,interior,3.14676152593022,0,CERRADO,GR 3 - CENTRO-OESTE,Núcleo de Gestão Integrada - ICMBio Meandros do Rio Araguaia, ,,,,33442.4350585938,933.473480392102, 
358353,0000.00.0024,APA Meandros do Rio Araguaia,24.9558128200676,incendio,incendio,planet, ,148,5/29/2025 12:00:00 AM,2025,mai,05,incendio,interior,24.9558128200676,0,CERRADO,GR 3 - CENTRO-OESTE,Núcleo de Gestão Integrada - ICMBio Meandros do Rio Araguaia, ,,,,265268.034179688,2368.67232448409, 
358354,0000.00.0024,APA Meandros do Rio Araguaia,118.184947364815,incendio,incendio,planet, ,148,5/29/2025 12:00:00 AM,2025,mai,05,incendio,interior,118.184947364815,0,CERRADO,GR 3 - CENTRO-OESTE,Núcleo de Gestão Integrada - ICMBio Meandros do Rio Araguaia, ,,,,1255854.90429688,7355.9003980002, 
358355,0000.00.1564,RESEX Chapada Limpa,0.661894721832557,incendio,incendio,planet, ,125,5/28/2025 12:00:00 AM,2025,mai,05,incendio,interior,0.661894721832557,0,CERRADO,GR 2 - NORDESTE,-, ,,,,6695.18811035156,351.629687317311,CT Fortaleza
358356,0000.00.0011,APA da Serra da Mantiqueira,3.90931785254078,incendio,incendio,planet, ,132,5/26/2025 12:00:00 AM,2025,mai,05,incendio,interior,3.90931785254078,0,MATA ATLÂNTICA,GR 4 - SUDESTE,Núcleo de Gestão Integrada - ICMBio Mantiqueira, ,,,,45778.73046875,1130.05277992472, 
358357,0000.00.0168,PARNA do Araguaia,4.65830030113842,gestao de ignicao antropica,manejo,planet, ,136,5/29/2025 12:00:00 AM,2025,mai,05,manejo,interior,4.65830030113842,0,CERRADO,GR 3 - CENTRO-OESTE,-, ,,,,48376.4213867188,937.746362798894, 
358358,0000.00.0168,PARNA do Araguaia,104.958087791869,gestao de ignicao antropica,manejo,planet, ,147,5/29/2025 12:00:00 AM,2025,mai,05,manejo,interior,104.958087791869,0,CERRADO,GR 3 - CENTRO-OESTE,-, ,,,,1090777.47998047,5905.41013218962, 
358359,0000.00.0139,PARNA da Chapada dos Veadeiros,76.817743402513,queima prescrita,manejo,planet,Queima entre os dias 29/05 e 31/05,150,6/1/2025 12:00:00 AM,2025,jun,06,manejo,interior,76.817743402513,0,CERRADO,GR 3 - CENTRO-OESTE,-, ,,,,821601.594238281,4237.39259368957, 
358360,0000.00.3136,PARNA da Serra do Gandarela,7.87119379276489,queima prescrita,manejo,planet,Queima do dia 21/05,142,6/1/2025 12:00:00 AM,2025,jun,06,manejo,interior,7.87119379276489,0,MATA ATLÂNTICA,GR 4 - SUDESTE,-, ,,,,89663.099609375,1820.4262766517, 
358361,0000.00.0219,REVIS das Veredas do Oeste Baiano,289.947523996285,queima prescrita,manejo,planet,Queima do dia 30/05,151,5/31/2025 12:00:00 AM,2025,mai,05,manejo,interior,289.947523996285,0,CERRADO,GR 3 - CENTRO-OESTE,Núcleo de Gestão Integrada - ICMBio Mambaí, ,,,,3097276.37792969,39279.1442242903, 
358362,0000.00.0139,PARNA da Chapada dos Veadeiros,1261.44361134409,queima prescrita,manejo,planet,Queima entre os dias 29/05 e 31/05,150,6/1/2025 12:00:00 AM,2025,jun,06,manejo,interior,1261.44361134409,0,CERRADO,GR 3 - CENTRO-OESTE,-, ,,,,13487718.6435547,26757.6791955495, 
358363,0000.00.0144,PARNA da Serra da Canastra,274.57588255276,queima prescrita,manejo,planet,Queima entre os dias 06/02 e 08/02,38,2/15/2025 12:00:00 AM,2025,fev,02,manejo,interior,274.57588255276,0,CERRADO,GR 4 - SUDESTE,-, ,,,,3131889.14160156,9689.6356696501, 
358364,0000.00.0219,REVIS das Veredas do Oeste Baiano,265.191332967247,queima prescrita,manejo,planet,Queima do dia 30/05,151,5/31/2025 12:00:00 AM,2025,mai,05,manejo,interior,265.191332967247,0,CERRADO,GR 3 - CENTRO-OESTE,Núcleo de Gestão Integrada - ICMBio Mambaí, ,,,,2831657.66259766,24505.2973221832, 
358365,0000.00.0284,PARNA dos Campos Amazônicos,68.3795074152812,queima prescrita,manejo,planet,Queima do dia 23/05,144,5/31/2025 12:00:00 AM,2025,mai,05,manejo,interior,68.3795074152812,0,AMAZÔNIA,GR 1 - NORTE,Núcleo de Gestão Integrada - ICMBio Humaitá,CR Porto V,,,,703369.792480469,4970.94411164505,CT Porto Velho
358366,0000.00.0168,PARNA do Araguaia,24.7252257325373,gestao de ignicao antropica,manejo,planet, ,134,5/15/2025 12:00:00 AM,2025,mai,05,manejo,interior,24.7252257325373,0,CERRADO,GR 3 - CENTRO-OESTE,-, ,,,,256877.778320313,2438.69403980822, 
358367,0000.00.0139,PARNA da Chapada dos Veadeiros,37.0666003375163,queima prescrita,manejo,planet,Queima entre os dias 03/06 e 04/06,155,6/4/2025 12:00:00 AM,2025,jun,06,manejo,interior,37.0666003375163,0,CERRADO,GR 3 - CENTRO-OESTE,-, ,,,,396287.162109375,4640.69029717664, 
358368,0000.00.0219,REVIS das Veredas do Oeste Baiano,23.0411246405831,queima prescrita,manejo,planet,Queima entre os dias 04/06 e 06/06,156,6/8/2025 12:00:00 AM,2025,jun,06,manejo,interior,23.0411246405831,0,CERRADO,GR 3 - CENTRO-OESTE,Núcleo de Gestão Integrada - ICMBio Mambaí, ,,,,246335.852539063,4502.18187720659, 
358369,0000.00.0074,ESEC Raso da Catarina,2.53174138655617,incendio,incendio,planet, ,122,5/30/2025 12:00:00 AM,2025,mai,05,incendio,interior,2.53174138655617,0,CAATINGA,GR 2 - NORDESTE,Núcleo de Gestão Integrada - ICMBio Paulo Afonso, ,,,,26234.3330078125,668.249005788762,CT Salvador
358370,0000.00.0076,ESEC Serra Geral do Tocantins,3.03897112581162,queima controlada,manejo,planet,Queima do dia 09/04,100,5/21/2025 12:00:00 AM,2025,mai,05,manejo,interior,3.03897112581162,0,CERRADO,GR 3 - CENTRO-OESTE,-, ,,,,31655.3325195313,755.01727828985, 
358371,0000.00.0074,ESEC Raso da Catarina,1.67486371618006,incendio,incendio,planet, ,122,5/30/2025 12:00:00 AM,2025,mai,05,incendio,interior,1.67486371618006,0,CAATINGA,GR 2 - NORDESTE,Núcleo de Gestão Integrada - ICMBio Paulo Afonso, ,,,,17355.8217773438,547.896672011891,CT Salvador
358372,0000.00.0219,REVIS das Veredas do Oeste Baiano,155.639649728944,queima prescrita,manejo,planet,Queima entre os dias 04/06 e 06/06,156,6/8/2025 12:00:00 AM,2025,jun,06,manejo,interior,155.639649728944,0,CERRADO,GR 3 - CENTRO-OESTE,Núcleo de Gestão Integrada - ICMBio Mambaí, ,,,,1662312.58447266,17367.4144592836, 
358373,0000.00.0219,REVIS das Veredas do Oeste Baiano,66.169764001323,gestao de ignicao antropica,manejo,planet, ,124,5/7/2025 12:00:00 AM,2025,mai,05,manejo,interior,66.169764001323,0,CERRADO,GR 3 - CENTRO-OESTE,Núcleo de Gestão Integrada - ICMBio Mambaí, ,,,,707417.506347656,5822.13366440144, 
358374,0000.00.0219,REVIS das Veredas do Oeste Baiano,80.7400952334448,queima prescrita,manejo,planet,Queima entre os dias 04/06 e 06/06,156,6/8/2025 12:00:00 AM,2025,jun,06,manejo,interior,80.7400952334448,0,CERRADO,GR 3 - CENTRO-OESTE,Núcleo de Gestão Integrada - ICMBio Mambaí, ,,,,863227.777832031,7711.09671429802, 
358375,0000.00.0219,REVIS das Veredas do Oeste Baiano,550.674376259298,queima prescrita,manejo,planet,Queima entre os dias 04/06 e 06/06,156,6/8/2025 12:00:00 AM,2025,jun,06,manejo,interior,550.674376259298,0,CERRADO,GR 3 - CENTRO-OESTE,Núcleo de Gestão Integrada - ICMBio Mambaí, ,,,,5883430.39208984,62996.4648266764, 
358376,0000.00.0076,ESEC Serra Geral do Tocantins,51.9183961581444,queima controlada,manejo,planet,Queima do dia 04/04,95,5/21/2025 12:00:00 AM,2025,mai,05,manejo,interior,51.9183961581444,0,CERRADO,GR 3 - CENTRO-OESTE,-, ,,,,541041.467285156,6085.95927137706, 
358377,0000.00.0284,PARNA dos Campos Amazônicos,293.427020574364,queima prescrita,manejo,planet,Queima entre os dias 01/06 e 02/06,153,6/2/2025 12:00:00 AM,2025,jun,06,manejo,interior,293.427020574364,0,AMAZÔNIA,GR 1 - NORTE,Núcleo de Gestão Integrada - ICMBio Humaitá,CR Porto V,,,,3018485.60839844,16922.2701112378,CT Porto Velho
358378,0000.00.0219,REVIS das Veredas do Oeste Baiano,2.33386780268302,queima prescrita,manejo,planet,Queima entre os dias 04/06 e 06/06,156,6/8/2025 12:00:00 AM,2025,jun,06,manejo,interior,2.33386780268302,0,CERRADO,GR 3 - CENTRO-OESTE,Núcleo de Gestão Integrada - ICMBio Mambaí, ,,,,24931.1479492188,754.092021826082, 
358379,0000.00.0219,REVIS das Veredas do Oeste Baiano,67.2540272142553,queima prescrita,manejo,planet,Queima do dia 28/05,149,6/1/2025 12:00:00 AM,2025,jun,06,manejo,interior,67.2540272142553,0,CERRADO,GR 3 - CENTRO-OESTE,Núcleo de Gestão Integrada - ICMBio Mambaí, ,,,,720486.509765625,6387.30666138988, 
358380,0000.00.0183,PARNA Grande Sertão Veredas,110.501624595699,queima prescrita,manejo,planet,Queima do dia 04/06,156,6/8/2025 12:00:00 AM,2025,jun,06,manejo,interior,110.501624595699,0,CERRADO,GR 4 - SUDESTE,-, ,,,,1191227.09667969,10645.616925211, 
358381,0000.00.0155,PARNA das Emas,25.2601144133944,aceiro,manejo,planet,Queima do dia 22/05,143,5/31/2025 12:00:00 AM,2025,mai,05,manejo,interior,25.2601144133944,0,CERRADO,GR 3 - CENTRO-OESTE,-, ,,,,281276.02734375,11709.3283484369, 
358382,0000.00.0076,ESEC Serra Geral do Tocantins,39.4905342023926,queima controlada,manejo,planet,Queima do dia 09/04,100,5/21/2025 12:00:00 AM,2025,mai,05,manejo,interior,39.4905342023926,0,CERRADO,GR 3 - CENTRO-OESTE,-, ,,,,411332.458496094,3578.89789629426, 
358383,0000.00.0155,PARNA das Emas,4.79812233673045,aceiro,manejo,planet,Queima do dia 22/05,143,5/31/2025 12:00:00 AM,2025,mai,05,manejo,interior,4.79812233673045,0,CERRADO,GR 3 - CENTRO-OESTE,-, ,,,,53464.0478515625,3304.55972797372, 
358384,0000.00.0183,PARNA Grande Sertão Veredas,1145.02100704961,queima prescrita,manejo,planet,Queima do dia 04/06,156,6/8/2025 12:00:00 AM,2025,jun,06,manejo,interior,1145.02100704961,0,CERRADO,GR 4 - SUDESTE,-, ,,,,12327369.84375,32608.2367831117, 
358385,0000.00.0074,ESEC Raso da Catarina,2.1278387398016,incendio,incendio,planet, ,122,5/30/2025 12:00:00 AM,2025,mai,05,incendio,interior,2.1278387398016,0,CAATINGA,GR 2 - NORDESTE,Núcleo de Gestão Integrada - ICMBio Paulo Afonso, ,,,,22049.607421875,641.944106473108,CT Salvador
358386,0000.00.3519,PARNA dos Campos Ferruginosos,126.265242905607,incendio,incendio,planet, ,160,6/11/2025 12:00:00 AM,2025,jun,06,incendio,interior,126.265242905607,0,AMAZÔNIA,GR 1 - NORTE,Núcleo de Gestão Integrada - ICMBio Carajás,CR Belém,,,,1286559.91796875,6654.28814089999,CT Santarém
358387,0000.00.0183,PARNA Grande Sertão Veredas,73.984137863313,queima prescrita,manejo,planet,Queima do dia 04/06,156,6/8/2025 12:00:00 AM,2025,jun,06,manejo,interior,73.984137863313,0,CERRADO,GR 4 - SUDESTE,-, ,,,,797657.4765625,5713.76113684494, 
358388,0000.00.0219,REVIS das Veredas do Oeste Baiano,23.3551205008888,queima prescrita,manejo,planet,Queima entre os dias 04/06 e 06/06,156,6/8/2025 12:00:00 AM,2025,jun,06,manejo,interior,23.3551205008888,0,CERRADO,GR 3 - CENTRO-OESTE,Núcleo de Gestão Integrada - ICMBio Mambaí, ,,,,249702.961425781,3132.50800961058, 
358389,0000.00.0076,ESEC Serra Geral do Tocantins,41.3998179749167,queima prescrita,manejo,planet,Queima do dia 07/04,98,5/21/2025 12:00:00 AM,2025,mai,05,manejo,interior,41.3998179749167,0,CERRADO,GR 3 - CENTRO-OESTE,-, ,,,,432005.2265625,4370.65852789937, 
358390,0000.00.0183,PARNA Grande Sertão Veredas,21.5301667985073,queima prescrita,manejo,planet,Queima do dia 04/06,156,6/8/2025 12:00:00 AM,2025,jun,06,manejo,interior,21.5301667985073,0,CERRADO,GR 4 - SUDESTE,-, ,,,,232112.594726563,2795.16470134752, 
358391,0000.00.0284,PARNA dos Campos Amazônicos,202.82069034548,queima prescrita,manejo,planet,Queima do dia 23/05,144,5/31/2025 12:00:00 AM,2025,mai,05,manejo,interior,202.82069034548,0,AMAZÔNIA,GR 1 - NORTE,Núcleo de Gestão Integrada - ICMBio Humaitá,CR Porto V,,,,2085989.08154297,13052.3802903131,CT Porto Velho
358392,0000.00.3136,PARNA da Serra do Gandarela,24.0947227817477,queima prescrita,manejo,planet,Queima do dia 21/05,142,6/1/2025 12:00:00 AM,2025,jun,06,manejo,interior,24.0947227817477,0,MATA ATLÂNTICA,GR 4 - SUDESTE,-, ,,,,274447.56640625,2621.20686095231, 
358393,0000.00.0144,PARNA da Serra da Canastra,63.8894537076963,queima prescrita,manejo,planet,Queima do dia 21/05,142,5/26/2025 12:00:00 AM,2025,mai,05,manejo,interior,63.8894537076963,0,CERRADO,GR 4 - SUDESTE,-, ,,,,729304.763671875,7462.0342059404, 
358394,0000.00.3136,PARNA da Serra do Gandarela,19.6973244077438,queima prescrita,manejo,planet,Queima do dia 21/05,142,6/1/2025 12:00:00 AM,2025,jun,06,manejo,interior,19.6973244077438,0,MATA ATLÂNTICA,GR 4 - SUDESTE,-, ,,,,224374.3203125,3766.41309942368, 
358395,0000.00.0028,APA das Nascentes do Rio Vermelho,45.0600216417498,aceiro,manejo,planet,Queima do dia 11/06,163,6/12/2025 12:00:00 AM,2025,jun,06,manejo,interior,45.0600216417498,0,CERRADO,GR 3 - CENTRO-OESTE,Núcleo de Gestão Integrada - ICMBio Mambaí, ,,,,483714.712890625,5461.5348173766, 
358396,0000.00.0139,PARNA da Chapada dos Veadeiros,2.43705301229916,queima prescrita,manejo,planet,Queima entre os dias 03/06 e 04/06,155,6/4/2025 12:00:00 AM,2025,jun,06,manejo,interior,2.43705301229916,0,CERRADO,GR 3 - CENTRO-OESTE,-, ,,,,26060.232421875,885.983621399316, 
358397,0000.00.0139,PARNA da Chapada dos Veadeiros,33.5874840926665,queima prescrita,manejo,planet,Queima entre os dias 03/06 e 04/06,155,6/4/2025 12:00:00 AM,2025,jun,06,manejo,interior,33.5874840926665,0,CERRADO,GR 3 - CENTRO-OESTE,-, ,,,,359132.704101563,2664.40416927846, 
358398,0000.00.0139,PARNA da Chapada dos Veadeiros,56.1878990931675,queima prescrita,manejo,planet,Queima entre os dias 04/06 e 06/06,156,6/7/2025 12:00:00 AM,2025,jun,06,manejo,interior,56.1878990931675,0,CERRADO,GR 3 - CENTRO-OESTE,-, ,,,,600089.022949219,7241.65924944283, 
358399,0000.00.0076,ESEC Serra Geral do Tocantins,14.3095124969815,queima controlada,manejo,planet,Queima do dia 09/04,100,5/21/2025 12:00:00 AM,2025,mai,05,manejo,interior,14.3095124969815,0,CERRADO,GR 3 - CENTRO-OESTE,-, ,,,,149067.728515625,2590.21009525017, 
358400,0000.00.0183,PARNA Grande Sertão Veredas,1779.52437697688,queima prescrita,manejo,planet,Queima entre os dias 04/06 e 05/06,156,6/8/2025 12:00:00 AM,2025,jun,06,manejo,interior,1779.52437697688,0,CERRADO,GR 4 - SUDESTE,-, ,,,,19169767.2958984,48537.5575070091, 
358401,0000.00.0139,PARNA da Chapada dos Veadeiros,0.939316062734158,queima prescrita,manejo,planet,Queima entre os dias 04/06 e 06/06,156,6/7/2025 12:00:00 AM,2025,jun,06,manejo,interior,0.939316062734158,0,CERRADO,GR 3 - CENTRO-OESTE,-, ,,,,10028.6845703125,478.04328788188, 
358402,0000.00.0139,PARNA da Chapada dos Veadeiros,0.531350868814809,queima prescrita,manejo,planet,Queima entre os dias 04/06 e 06/06,156,6/7/2025 12:00:00 AM,2025,jun,06,manejo,interior,0.531350868814809,0,CERRADO,GR 3 - CENTRO-OESTE,-, ,,,,5672.9580078125,337.291392663458, 
358403,0000.00.0139,PARNA da Chapada dos Veadeiros,1.48532606777905,queima prescrita,manejo,planet,Queima entre os dias 04/06 e 06/06,156,6/7/2025 12:00:00 AM,2025,jun,06,manejo,interior,1.48532606777905,0,CERRADO,GR 3 - CENTRO-OESTE,-, ,,,,15857.8647460938,683.038775731805, 
358404,0000.00.0139,PARNA da Chapada dos Veadeiros,249.088028666303,queima prescrita,manejo,planet,Queima entre os dias 04/06 e 06/06,156,6/7/2025 12:00:00 AM,2025,jun,06,manejo,interior,249.088028666303,0,CERRADO,GR 3 - CENTRO-OESTE,-, ,,,,2659880.25195313,14617.9019925217, 
358405,0000.00.0139,PARNA da Chapada dos Veadeiros,4.54736709238499,queima prescrita,manejo,planet,Queima entre os dias 04/06 e 06/06,156,6/7/2025 12:00:00 AM,2025,jun,06,manejo,interior,4.54736709238499,0,CERRADO,GR 3 - CENTRO-OESTE,-, ,,,,48553.0405273438,1036.47459221863, 
358406,0000.00.0139,PARNA da Chapada dos Veadeiros,7.48257028665273,queima prescrita,manejo,planet,Queima entre os dias 04/06 e 06/06,156,6/7/2025 12:00:00 AM,2025,jun,06,manejo,interior,7.48257028665273,0,CERRADO,GR 3 - CENTRO-OESTE,-, ,,,,79895.8515625,1318.30188342895, 
358407,0000.00.0139,PARNA da Chapada dos Veadeiros,21.1696107803313,queima prescrita,manejo,planet,Queima entre os dias 04/06 e 06/06,156,6/7/2025 12:00:00 AM,2025,jun,06,manejo,interior,21.1696107803313,0,CERRADO,GR 3 - CENTRO-OESTE,-, ,,,,226047.211425781,1897.95606843166, 
358408,0000.00.0139,PARNA da Chapada dos Veadeiros,275.019005235531,queima prescrita,manejo,planet,Queima entre os dias 04/06 e 06/06,156,6/7/2025 12:00:00 AM,2025,jun,06,manejo,interior,275.019005235531,0,CERRADO,GR 3 - CENTRO-OESTE,-, ,,,,2935710.11035156,17859.3219924111, 
358409,0000.00.0139,PARNA da Chapada dos Veadeiros,21.7193194580834,queima prescrita,manejo,planet,Queima entre os dias 04/06 e 06/06,156,6/7/2025 12:00:00 AM,2025,jun,06,manejo,interior,21.7193194580834,0,CERRADO,GR 3 - CENTRO-OESTE,-, ,,,,231867.687988281,2626.31369658862, 
358410,0000.00.0139,PARNA da Chapada dos Veadeiros,40.3376277506656,queima prescrita,manejo,planet,Queima entre os dias 04/06 e 06/06,156,6/7/2025 12:00:00 AM,2025,jun,06,manejo,interior,40.3376277506656,0,CERRADO,GR 3 - CENTRO-OESTE,-, ,,,,430660.48046875,5015.28497562301, 
358411,0000.00.0139,PARNA da Chapada dos Veadeiros,2.40713798826256,queima prescrita,manejo,planet,Queima entre os dias 04/06 e 06/06,156,6/7/2025 12:00:00 AM,2025,jun,06,manejo,interior,2.40713798826256,0,CERRADO,GR 3 - CENTRO-OESTE,-, ,,,,25699.9702148438,822.753901227883, 
358412,0000.00.0139,PARNA da Chapada dos Veadeiros,61.5583657566685,queima prescrita,manejo,planet,Queima entre os dias 04/06 e 06/06,156,6/7/2025 12:00:00 AM,2025,jun,06,manejo,interior,61.5583657566685,0,CERRADO,GR 3 - CENTRO-OESTE,-, ,,,,657330.859375,9582.83963793268, 
358413,0000.00.0139,PARNA da Chapada dos Veadeiros,11.1500934865588,queima prescrita,manejo,planet,Queima entre os dias 04/06 e 06/06,156,6/7/2025 12:00:00 AM,2025,jun,06,manejo,interior,11.1500934865588,0,CERRADO,GR 3 - CENTRO-OESTE,-, ,,,,119078.607910156,2679.6206494153, 
358414,0000.00.0139,PARNA da Chapada dos Veadeiros,30.8832325458577,queima prescrita,manejo,planet,Queima entre os dias 04/06 e 06/06,156,6/7/2025 12:00:00 AM,2025,jun,06,manejo,interior,30.8832325458577,0,CERRADO,GR 3 - CENTRO-OESTE,-, ,,,,329826.283203125,5833.51116362382, 
358415,0000.00.0157,PARNA das Sempre-Vivas,31.5893299694696,incendio,incendio,planet, ,351,10/17/2025 12:00:00 AM,2025,out,10,incendio,interior,31.5893299694696,0,CERRADO,GR 4 - SUDESTE,-, ,,,,349879.15234375,3112.8773165249, 
358416,0000.00.0139,PARNA da Chapada dos Veadeiros,21.429171741851,queima prescrita,manejo,planet,Queima entre os dias 04/06 e 06/06,156,6/7/2025 12:00:00 AM,2025,jun,06,manejo,interior,21.429171741851,0,CERRADO,GR 3 - CENTRO-OESTE,-, ,,,,228883.388671875,2364.7599739528, 
358417,0000.00.0139,PARNA da Chapada dos Veadeiros,3.9223928129527,queima prescrita,manejo,planet,Queima entre os dias 04/06 e 06/06,156,6/7/2025 12:00:00 AM,2025,jun,06,manejo,interior,3.9223928129527,0,CERRADO,GR 3 - CENTRO-OESTE,-, ,,,,41897.7548828125,780.105630611003, 
358418,0000.00.0155,PARNA das Emas,10.1050393916475,aceiro,manejo,planet,Queima entre os dias 03/06 e 05/06,155,6/8/2025 12:00:00 AM,2025,jun,06,manejo,interior,10.1050393916475,0,CERRADO,GR 3 - CENTRO-OESTE,-, ,,,,112569.69921875,7143.13773568826, 
358419,0000.00.0182,PARNA e Histórico do Monte Pascoal,16.7317550162457,incendio,incendio,planet, ,227,8/31/2025 12:00:00 AM,2025,ago,08,incendio,interior,16.7317550162457,0,MATA ATLÂNTICA,GR 2 - NORDESTE,-, ,,,,183691.4375,2819.10111698005,CT Salvador
358420,0000.00.0076,ESEC Serra Geral do Tocantins,190.716845503547,incendio,incendio,planet, ,291,10/28/2025 12:00:00 AM,2025,out,10,incendio,interior,190.716845503547,0,CERRADO,GR 3 - CENTRO-OESTE,-, ,,,,1988850.24267578,8239.78334395286, 
358421,0000.00.0076,ESEC Serra Geral do Tocantins,5656.6573287469,incendio,incendio,planet, ,256,10/1/2025 12:00:00 AM,2025,out,10,incendio,interior,5656.6573287469,0,CERRADO,GR 3 - CENTRO-OESTE,-, ,,,,59084834.5268555,129527.15884189, 
358422,0000.00.0076,ESEC Serra Geral do Tocantins,23977.6138409612,incendio,incendio,planet, ,266,10/1/2025 12:00:00 AM,2025,out,10,incendio,interior,23977.6138409612,0,CERRADO,GR 3 - CENTRO-OESTE,-, ,,,,249890921.288574,269119.421911658, 
358423,0000.00.0139,PARNA da Chapada dos Veadeiros,56.5910385292979,queima prescrita,manejo,planet,Queima entre os dias 04/06 e 06/06,156,6/7/2025 12:00:00 AM,2025,jun,06,manejo,interior,56.5910385292979,0,CERRADO,GR 3 - CENTRO-OESTE,-, ,,,,604442.869140625,7809.86859079121, 
358424,0000.00.0139,PARNA da Chapada dos Veadeiros,5.80290308961228,queima prescrita,manejo,planet,Queima entre os dias 04/06 e 06/06,156,6/7/2025 12:00:00 AM,2025,jun,06,manejo,interior,5.80290308961228,0,CERRADO,GR 3 - CENTRO-OESTE,-, ,,,,61975.58203125,1081.6651630876, 
358425,0000.00.0284,PARNA dos Campos Amazônicos,57.2617319535105,queima prescrita,manejo,planet,Queima entre os dias 01/06 e 02/06,153,6/2/2025 12:00:00 AM,2025,jun,06,manejo,interior,57.2617319535105,0,AMAZÔNIA,GR 1 - NORTE,Núcleo de Gestão Integrada - ICMBio Humaitá,CR Porto V,,,,589162.919433594,6296.53683930235,CT Porto Velho
358426,0000.00.0139,PARNA da Chapada dos Veadeiros,35.5667453059857,queima prescrita,manejo,planet,Queima entre os dias 04/06 e 06/06,156,6/7/2025 12:00:00 AM,2025,jun,06,manejo,interior,35.5667453059857,0,CERRADO,GR 3 - CENTRO-OESTE,-, ,,,,379881.3984375,4873.49567709548, 
358427,0000.00.0076,ESEC Serra Geral do Tocantins,4611.01218182722,incendio,incendio,planet, ,256,10/1/2025 12:00:00 AM,2025,out,10,incendio,interior,4611.01218182722,0,CERRADO,GR 3 - CENTRO-OESTE,-, ,,,,48145263.7231445,117495.132957861, 
358428,0000.00.0139,PARNA da Chapada dos Veadeiros,315.922562335315,queima prescrita,manejo,planet,Queima entre os dias 04/06 e 06/06,156,6/7/2025 12:00:00 AM,2025,jun,06,manejo,interior,315.922562335315,0,CERRADO,GR 3 - CENTRO-OESTE,-, ,,,,3373702.57226563,20931.3895283897, 
358429,0000.00.0139,PARNA da Chapada dos Veadeiros,15.3418898600083,queima prescrita,manejo,planet,Queima entre os dias 04/06 e 06/06,156,6/7/2025 12:00:00 AM,2025,jun,06,manejo,interior,15.3418898600083,0,CERRADO,GR 3 - CENTRO-OESTE,-, ,,,,163842.038085938,1699.25046521204, 
358430,0000.00.0065,ESEC de Uruçuí-Una,7.26761187221616,incendio,incendio,planet, ,151,6/1/2025 12:00:00 AM,2025,jun,06,incendio,interior,7.26761187221616,0,CERRADO,GR 2 - NORDESTE,-, ,,,,74884.4135742188,1428.44313467548,CT Fortaleza
358431,0000.00.0076,ESEC Serra Geral do Tocantins,1456.00689200061,incendio,incendio,planet, ,278,10/27/2025 12:00:00 AM,2025,out,10,incendio,interior,1456.00689200061,0,CERRADO,GR 3 - CENTRO-OESTE,-, ,,,,15178572.5605469,68486.0539132561, 
358432,0000.00.0155,PARNA das Emas,20.7299442555372,aceiro,manejo,planet,Queima entre os dias 03/06 e 05/06,155,6/8/2025 12:00:00 AM,2025,jun,06,manejo,interior,20.7299442555372,0,CERRADO,GR 3 - CENTRO-OESTE,-, ,,,,230615.266601563,11672.7343675293, 
358433,0000.00.0076,ESEC Serra Geral do Tocantins,227.493375377369,incendio,incendio,planet, ,265,10/27/2025 12:00:00 AM,2025,out,10,incendio,interior,227.493375377369,0,CERRADO,GR 3 - CENTRO-OESTE,-, ,,,,2372721.81103516,11076.7768131495, 
358434,0000.00.0159,PARNA de Brasília,3.3549689928051,queima prescrita,manejo,planet,Queima do dia 09/04,100,5/19/2025 12:00:00 AM,2025,mai,05,manejo,interior,3.3549689928051,0,CERRADO,GR 3 - CENTRO-OESTE,Núcleo de Gestão Integrada - ICMBio Brasília-Contagem, ,,,,36366.833984375,900.716739134605, 
358435,0000.00.0155,PARNA das Emas,147.664240125396,aceiro,manejo,planet,Queima entre os dias 03/06 e 05/06,155,6/8/2025 12:00:00 AM,2025,jun,06,manejo,interior,147.664240125396,0,CERRADO,GR 3 - CENTRO-OESTE,-, ,,,,1644566.61132813,50140.6073306043, 
358436,0000.00.0155,PARNA das Emas,49.371894864675,aceiro,manejo,planet,Queima entre os dias 03/06 e 05/06,155,6/8/2025 12:00:00 AM,2025,jun,06,manejo,interior,49.371894864675,0,CERRADO,GR 3 - CENTRO-OESTE,-, ,,,,549429.704101563,19698.6869077433, 
358437,0000.00.0159,PARNA de Brasília,4.76293774239279,queima prescrita,manejo,planet,Queima do dia 09/04,100,5/19/2025 12:00:00 AM,2025,mai,05,manejo,interior,4.76293774239279,0,CERRADO,GR 3 - CENTRO-OESTE,Núcleo de Gestão Integrada - ICMBio Brasília-Contagem, ,,,,51632.92578125,1027.1315133036, 
358438,0000.00.0155,PARNA das Emas,40.3884776129121,aceiro,manejo,planet,Queima entre os dias 03/06 e 05/06,155,6/8/2025 12:00:00 AM,2025,jun,06,manejo,interior,40.3884776129121,0,CERRADO,GR 3 - CENTRO-OESTE,-, ,,,,448703.671875,13748.4622547822, 
358439,0000.00.0155,PARNA das Emas,37.1791048208407,aceiro,manejo,planet,Queima entre os dias 03/06 e 05/06,155,6/8/2025 12:00:00 AM,2025,jun,06,manejo,interior,37.1791048208407,0,CERRADO,GR 3 - CENTRO-OESTE,-, ,,,,413393.241210938,20779.6164418454, 
358440,0000.00.0284,PARNA dos Campos Amazônicos,187.702094012611,queima prescrita,manejo,planet,Queima entre os dias 01/06 e 02/06,153,6/2/2025 12:00:00 AM,2025,jun,06,manejo,interior,187.702094012611,0,AMAZÔNIA,GR 1 - NORTE,Núcleo de Gestão Integrada - ICMBio Humaitá,CR Porto V,,,,1931384.98925781,11550.8524606614,CT Porto Velho
358441,0000.00.0076,ESEC Serra Geral do Tocantins,35.9402300665683,queima prescrita,manejo,planet,Queima do dia 28/04,119,5/21/2025 12:00:00 AM,2025,mai,05,manejo,interior,35.9402300665683,0,CERRADO,GR 3 - CENTRO-OESTE,-, ,,,,375369.889160156,4160.90245711698, 
358442,0000.00.0284,PARNA dos Campos Amazônicos,170.479568189843,queima prescrita,manejo,planet,Queima entre os dias 01/06 e 02/06,153,6/2/2025 12:00:00 AM,2025,jun,06,manejo,interior,170.479568189843,0,AMAZÔNIA,GR 1 - NORTE,Núcleo de Gestão Integrada - ICMBio Humaitá,CR Porto V,,,,1754273.11621094,10137.5714003532,CT Porto Velho
358443,0000.00.0284,PARNA dos Campos Amazônicos,381.516332354134,queima prescrita,manejo,planet,Queima entre os dias 01/06 e 02/06,153,6/2/2025 12:00:00 AM,2025,jun,06,manejo,interior,381.516332354134,0,AMAZÔNIA,GR 1 - NORTE,Núcleo de Gestão Integrada - ICMBio Humaitá,CR Porto V,,,,3925189.69970703,15232.7169188651,CT Porto Velho
358444,0000.00.0284,PARNA dos Campos Amazônicos,730.694576190665,queima prescrita,manejo,planet,Queima entre os dias 01/06 e 02/06,153,6/6/2025 12:00:00 AM,2025,jun,06,manejo,interior,730.694576190665,0,AMAZÔNIA,GR 1 - NORTE,Núcleo de Gestão Integrada - ICMBio Humaitá,CR Porto V,,,,7519104.46533203,42858.2516970032,CT Porto Velho
358445,0000.00.0284,PARNA dos Campos Amazônicos,201.296739370757,queima prescrita,manejo,planet,Queima do dia 09/06,161,6/10/2025 12:00:00 AM,2025,jun,06,manejo,interior,201.296739370757,0,AMAZÔNIA,GR 1 - NORTE,Núcleo de Gestão Integrada - ICMBio Humaitá,CR Porto V,,,,2070231.26074219,8491.18451733473,CT Porto Velho
358446,0000.00.0284,PARNA dos Campos Amazônicos,1109.29147540938,queima prescrita,manejo,planet,Queima do dia 09/06,161,6/10/2025 12:00:00 AM,2025,jun,06,manejo,interior,1109.29147540938,0,AMAZÔNIA,GR 1 - NORTE,Núcleo de Gestão Integrada - ICMBio Humaitá,CR Porto V,,,,11409663.8666992,42898.3799460058,CT Porto Velho
358447,0000.00.0284,PARNA dos Campos Amazônicos,138.221242958649,queima prescrita,manejo,planet,Queima do dia 09/06,161,6/10/2025 12:00:00 AM,2025,jun,06,manejo,interior,138.221242958649,0,AMAZÔNIA,GR 1 - NORTE,Núcleo de Gestão Integrada - ICMBio Humaitá,CR Porto V,,,,1421598.98632813,9452.01229230835,CT Porto Velho
358448,0000.00.0284,PARNA dos Campos Amazônicos,204.402876132136,queima prescrita,manejo,planet,Queima do dia 09/06,161,6/10/2025 12:00:00 AM,2025,jun,06,manejo,interior,204.402876132136,0,AMAZÔNIA,GR 1 - NORTE,Núcleo de Gestão Integrada - ICMBio Humaitá,CR Porto V,,,,2102312.95605469,8339.42068134458,CT Porto Velho
358449,0000.00.0272,PARNA da Chapada das Mesas,591.43094832315,queima prescrita,manejo,planet,Queima do dia 17/05,138,5/15/2025 12:00:00 AM,2025,mai,05,manejo,interior,591.43094832315,0,CERRADO,GR 2 - NORDESTE,-, ,,,,6041734.02294922,15474.1687432138,CT Fortaleza
358450,0000.00.0284,PARNA dos Campos Amazônicos,1213.23301971023,queima prescrita,manejo,planet,Queima do dia 09/06,161,6/10/2025 12:00:00 AM,2025,jun,06,manejo,interior,1213.23301971023,0,AMAZÔNIA,GR 1 - NORTE,Núcleo de Gestão Integrada - ICMBio Humaitá,CR Porto V,,,,12485089.0869141,27400.3084064984,CT Porto Velho
358451,0000.00.0023,APA do Planalto Central,57.7224015792734,incendio,incendio,planet, ,282,11/29/2025 12:00:00 AM,2025,nov,11,incendio,interior,57.7224015792734,0,CERRADO,GR 3 - CENTRO-OESTE,-, ,,,,625704.515625,4643.258577865, 
358452,0000.00.0023,APA do Planalto Central,107.084664568478,incendio,incendio,planet, ,282,11/29/2025 12:00:00 AM,2025,nov,11,incendio,interior,107.084664568478,0,CERRADO,GR 3 - CENTRO-OESTE,-, ,,,,1160794.71679688,6091.9440255016, 
358453,0000.00.0284,PARNA dos Campos Amazônicos,353.481609816703,queima prescrita,manejo,planet,Queima do dia 09/06,161,6/10/2025 12:00:00 AM,2025,jun,06,manejo,interior,353.481609816703,0,AMAZÔNIA,GR 1 - NORTE,Núcleo de Gestão Integrada - ICMBio Humaitá,CR Porto V,,,,3638133.71484375,18570.5099744532,CT Porto Velho
358454,0000.00.0284,PARNA dos Campos Amazônicos,157.286131412982,queima prescrita,manejo,planet,Queima do dia 09/06,161,6/10/2025 12:00:00 AM,2025,jun,06,manejo,interior,157.286131412982,0,AMAZÔNIA,GR 1 - NORTE,Núcleo de Gestão Integrada - ICMBio Humaitá,CR Porto V,,,,1618958.29296875,13430.5847178619,CT Porto Velho
358455,0000.00.0284,PARNA dos Campos Amazônicos,144.381688022985,queima prescrita,manejo,planet,Queima do dia 09/06,161,6/10/2025 12:00:00 AM,2025,jun,06,manejo,interior,144.381688022985,0,AMAZÔNIA,GR 1 - NORTE,Núcleo de Gestão Integrada - ICMBio Humaitá,CR Porto V,,,,1486291.82519531,7287.44699084615,CT Porto Velho
358456,0000.00.0284,PARNA dos Campos Amazônicos,96.9130105135515,queima prescrita,manejo,planet,Queima do dia 09/06,161,6/10/2025 12:00:00 AM,2025,jun,06,manejo,interior,96.9130105135515,0,AMAZÔNIA,GR 1 - NORTE,Núcleo de Gestão Integrada - ICMBio Humaitá,CR Porto V,,,,997728.002929688,5152.3913594261,CT Porto Velho
358457,0000.00.0065,ESEC de Uruçuí-Una,45.4917939538394,incendio,incendio,planet, ,151,6/1/2025 12:00:00 AM,2025,jun,06,incendio,interior,45.4917939538394,0,CERRADO,GR 2 - NORDESTE,-, ,,,,468784.329101563,3350.77415459146,CT Fortaleza
358458,0000.00.0139,PARNA da Chapada dos Veadeiros,528.508674368507,incendio,incendio,planet, ,160,6/10/2025 12:00:00 AM,2025,jun,06,incendio,interior,528.508674368507,0,CERRADO,GR 3 - CENTRO-OESTE,-, ,,,,5644602.31542969,23710.3228604302, 
358459,0000.00.0286,RESEX de Recanto das Araras de Terra Ronca,11.618795754472,incendio,incendio,planet, ,160,6/9/2025 12:00:00 AM,2025,jun,06,incendio,interior,11.618795754472,0,CERRADO,GR 3 - CENTRO-OESTE,Núcleo de Gestão Integrada - ICMBio Mata Grande/Terra Ronca, ,,,,123836.53125,2203.1987065797, 
358460,0000.00.0284,PARNA dos Campos Amazônicos,226.358852617224,queima prescrita,manejo,planet,Queima do dia 10/06,162,6/12/2025 12:00:00 AM,2025,jun,06,manejo,interior,226.358852617224,0,AMAZÔNIA,GR 1 - NORTE,Núcleo de Gestão Integrada - ICMBio Humaitá,CR Porto V,,,,2329683.35644531,14770.0603234065,CT Porto Velho
358461,0000.00.0284,PARNA dos Campos Amazônicos,300.177653107565,queima prescrita,manejo,planet,Queima do dia 11/06,163,6/12/2025 12:00:00 AM,2025,jun,06,manejo,interior,300.177653107565,0,AMAZÔNIA,GR 1 - NORTE,Núcleo de Gestão Integrada - ICMBio Humaitá,CR Porto V,,,,3090410.96826172,14019.9153183,CT Porto Velho
358462,0000.00.0076,ESEC Serra Geral do Tocantins,5.68098903768755,queima prescrita,manejo,planet,Queima do dia 28/04,119,5/21/2025 12:00:00 AM,2025,mai,05,manejo,interior,5.68098903768755,0,CERRADO,GR 3 - CENTRO-OESTE,-, ,,,,59335.447265625,1164.26148821842, 
358463,0000.00.0284,PARNA dos Campos Amazônicos,206.79806972369,queima prescrita,manejo,planet,Queima do dia 11/06,163,6/12/2025 12:00:00 AM,2025,jun,06,manejo,interior,206.79806972369,0,AMAZÔNIA,GR 1 - NORTE,Núcleo de Gestão Integrada - ICMBio Humaitá,CR Porto V,,,,2128889.796875,10722.8356265571,CT Porto Velho
358464,0000.00.0023,APA do Planalto Central,292.10560423931,incendio,incendio,planet, ,276,11/29/2025 12:00:00 AM,2025,nov,11,incendio,interior,292.10560423931,0,CERRADO,GR 3 - CENTRO-OESTE,-, ,,,,3167314.99511719,18037.4447960432, 
358465,0000.00.0144,PARNA da Serra da Canastra,7.11051607232565,queima prescrita,manejo,planet,Queima do dia 11/05,132,5/26/2025 12:00:00 AM,2025,mai,05,manejo,interior,7.11051607232565,0,CERRADO,GR 4 - SUDESTE,-, ,,,,81120.5146484375,2002.13659379449, 
358466,0000.00.0076,ESEC Serra Geral do Tocantins,3.68801996335365,queima prescrita,manejo,planet,Queima do dia 28/04,119,5/21/2025 12:00:00 AM,2025,mai,05,manejo,interior,3.68801996335365,0,CERRADO,GR 3 - CENTRO-OESTE,-, ,,,,38518.9096679688,1045.83557243454, 
358467,0000.00.0023,APA do Planalto Central,10.0187435358235,incendio,incendio,planet, ,276,11/29/2025 12:00:00 AM,2025,nov,11,incendio,interior,10.0187435358235,0,CERRADO,GR 3 - CENTRO-OESTE,-, ,,,,108640.821289063,1919.36452827278, 
358468,0000.00.0023,APA do Planalto Central,8.22689417981415,incendio,incendio,planet, ,276,11/29/2025 12:00:00 AM,2025,nov,11,incendio,interior,8.22689417981415,0,CERRADO,GR 3 - CENTRO-OESTE,-, ,,,,89218.962890625,1311.0668820673, 
358469,0000.00.0144,PARNA da Serra da Canastra,336.966280101481,queima prescrita,manejo,planet,Queima do dia 11/06,163,6/12/2025 12:00:00 AM,2025,jun,06,manejo,interior,336.966280101481,0,CERRADO,GR 4 - SUDESTE,-, ,,,,3847664.67773438,17263.3484342426, 
358470,0000.00.0144,PARNA da Serra da Canastra,33.5662328342907,queima controlada,manejo,planet,Queima do dia 07/06,159,6/7/2025 12:00:00 AM,2025,jun,06,manejo,interior,33.5662328342907,0,CERRADO,GR 4 - SUDESTE,-, ,,,,382868.153320313,3859.68111941163, 
358471,0000.00.0144,PARNA da Serra da Canastra,85.0203544417325,incendio,incendio,planet, ,155,6/4/2025 12:00:00 AM,2025,jun,06,incendio,interior,85.0203544417325,0,CERRADO,GR 4 - SUDESTE,-, ,,,,972508.765625,8822.32273631428, 
358472,0000.00.0144,PARNA da Serra da Canastra,12.6704315122094,incendio,incendio,planet, ,157,6/7/2025 12:00:00 AM,2025,jun,06,incendio,interior,12.6704315122094,0,CERRADO,GR 4 - SUDESTE,-, ,,,,144825.89453125,1692.61794280209, 
358473,0000.00.0144,PARNA da Serra da Canastra,3.69252202667417,incendio,incendio,planet, ,156,6/7/2025 12:00:00 AM,2025,jun,06,incendio,interior,3.69252202667417,0,CERRADO,GR 4 - SUDESTE,-, ,,,,42338.2763671875,816.943175687683, 
358474,0000.00.0139,PARNA da Chapada dos Veadeiros,50.4487544519349,incendio,incendio,planet, ,162,6/12/2025 12:00:00 AM,2025,jun,06,incendio,interior,50.4487544519349,0,CERRADO,GR 3 - CENTRO-OESTE,-, ,,,,538406.446777344,3635.74128852125, 
358475,0000.00.0159,PARNA de Brasília,3.64571274151865,queima prescrita,manejo,planet,Queima do dia 09/04,100,5/19/2025 12:00:00 AM,2025,mai,05,manejo,interior,3.64571274151865,0,CERRADO,GR 3 - CENTRO-OESTE,Núcleo de Gestão Integrada - ICMBio Brasília-Contagem, ,,,,39520.6435546875,1167.0549016989, 
358476,0000.00.0023,APA do Planalto Central,47.7927491330193,incendio,incendio,planet, ,156,6/15/2025 12:00:00 AM,2025,jun,06,incendio,interior,47.7927491330193,0,CERRADO,GR 3 - CENTRO-OESTE,-, ,,,,517304.384765625,4577.87314258324, 
358477,0000.00.0023,APA do Planalto Central,14.6723621888073,incendio,incendio,planet, ,155,6/15/2025 12:00:00 AM,2025,jun,06,incendio,interior,14.6723621888073,0,CERRADO,GR 3 - CENTRO-OESTE,-, ,,,,158679.805664063,2477.58200552145, 
358478,0000.00.0023,APA do Planalto Central,57.4345842938841,incendio,incendio,planet, ,156,6/15/2025 12:00:00 AM,2025,jun,06,incendio,interior,57.4345842938841,0,CERRADO,GR 3 - CENTRO-OESTE,-, ,,,,621282.32421875,7468.73929049912, 
358479,0000.00.0023,APA do Planalto Central,50.378102262497,incendio,incendio,planet, ,162,6/15/2025 12:00:00 AM,2025,jun,06,incendio,interior,50.378102262497,0,CERRADO,GR 3 - CENTRO-OESTE,-, ,,,,544968.349609375,5138.84362229866, 
358480,0000.00.0076,ESEC Serra Geral do Tocantins,3.73705258290411,queima controlada,manejo,planet,Queima do dia 21/05,142,5/26/2025 12:00:00 AM,2025,mai,05,manejo,interior,3.73705258290411,0,CERRADO,GR 3 - CENTRO-OESTE,-, ,,,,38939.3515625,1041.07906178499, 
358481,0000.00.0023,APA do Planalto Central,61.3276899836422,incendio,incendio,planet, ,155,6/15/2025 12:00:00 AM,2025,jun,06,incendio,interior,61.3276899836422,0,CERRADO,GR 3 - CENTRO-OESTE,-, ,,,,663144.672851563,10818.4802793043, 
358482,0000.00.0023,APA do Planalto Central,38.9687239430372,incendio,incendio,planet, ,155,6/15/2025 12:00:00 AM,2025,jun,06,incendio,interior,38.9687239430372,0,CERRADO,GR 3 - CENTRO-OESTE,-, ,,,,421393.333007813,6250.352037589, 
358483,0000.00.0023,APA do Planalto Central,75.9854425675541,incendio,incendio,planet, ,156,6/15/2025 12:00:00 AM,2025,jun,06,incendio,interior,75.9854425675541,0,CERRADO,GR 3 - CENTRO-OESTE,-, ,,,,821806.07421875,10605.5125453087, 
358484,0000.00.0023,APA do Planalto Central,18.5281835638757,incendio,incendio,planet, ,156,6/15/2025 12:00:00 AM,2025,jun,06,incendio,interior,18.5281835638757,0,CERRADO,GR 3 - CENTRO-OESTE,-, ,,,,200393.385742188,3399.63223615147, 
358485,0000.00.0023,APA do Planalto Central,18.0459717809454,incendio,incendio,planet, ,157,6/15/2025 12:00:00 AM,2025,jun,06,incendio,interior,18.0459717809454,0,CERRADO,GR 3 - CENTRO-OESTE,-, ,,,,195017.981445313,3884.94306791912, 
358486,0000.00.0023,APA do Planalto Central,44.3016731549164,incendio,incendio,planet, ,162,6/15/2025 12:00:00 AM,2025,jun,06,incendio,interior,44.3016731549164,0,CERRADO,GR 3 - CENTRO-OESTE,-, ,,,,479224.900390625,3930.6136508717, 
358487,0000.00.0023,APA do Planalto Central,479.499247690448,incendio,incendio,planet, ,162,6/15/2025 12:00:00 AM,2025,jun,06,incendio,interior,479.499247690448,0,CERRADO,GR 3 - CENTRO-OESTE,-, ,,,,5187518.79101563,35683.1939183096, 
358488,0000.00.0023,APA do Planalto Central,26.593342912936,incendio,incendio,planet, ,160,6/15/2025 12:00:00 AM,2025,jun,06,incendio,interior,26.593342912936,0,CERRADO,GR 3 - CENTRO-OESTE,-, ,,,,287397.452148438,5358.94351503933, 
358489,0000.00.0023,APA do Planalto Central,37.5865866474051,incendio,incendio,planet, ,276,11/29/2025 12:00:00 AM,2025,nov,11,incendio,interior,37.5865866474051,0,CERRADO,GR 3 - CENTRO-OESTE,-, ,,,,407606.303710938,3817.13979107429, 
358490,0000.00.0139,PARNA da Chapada dos Veadeiros,12.169704544392,incendio,incendio,planet, ,166,6/15/2025 12:00:00 AM,2025,jun,06,incendio,interior,12.169704544392,0,CERRADO,GR 3 - CENTRO-OESTE,-, ,,,,130063.661621094,1664.60188232097, 
358491,0000.00.0106,FLONA de Roraima,26.8093870684637,queima controlada,manejo,planet,Queima do dia 18/11,322,11/27/2025 12:00:00 AM,2025,nov,11,manejo,interior,26.8093870684637,0,AMAZÔNIA,GR 1 - NORTE,Núcleo de Gestão Integrada - ICMBio Roraima,CR Manaus,,,,270441.950927734,3514.01966737302,CT Manaus
358492,0000.00.0139,PARNA da Chapada dos Veadeiros,743.197274883444,queima prescrita,manejo,planet,Queima do dia 12/06,164,6/15/2025 12:00:00 AM,2025,jun,06,manejo,interior,743.197274883444,0,CERRADO,GR 3 - CENTRO-OESTE,-, ,,,,7933030.69482422,26163.303183282, 
358493,0000.00.0083,FLONA de Altamira,30.9980981003128,incendio,incendio,planet,Imagem de 11/01/2026,351,12/31/2025 12:00:00 AM,2025,dez,12,incendio,interior,30.9980981003128,0,AMAZÔNIA,GR 1 - NORTE,Núcleo de Gestão Integrada - ICMBio Serra do Cachimbo,CR Oeste d,,,,315719.900878906,2906.75371951709,CT Itaituba
358494,0000.00.0159,PARNA de Brasília,7.06410146558879,queima prescrita,manejo,planet,Queima do dia 08/04,99,5/4/2025 12:00:00 AM,2025,mai,05,manejo,interior,7.06410146558879,0,CERRADO,GR 3 - CENTRO-OESTE,Núcleo de Gestão Integrada - ICMBio Brasília-Contagem, ,,,,76650.578125,1495.19370230354, 
358495,0000.00.0076,ESEC Serra Geral do Tocantins,3793.62892053054,queima prescrita,manejo,planet,Queima do dia 05/06,157,6/24/2025 12:00:00 AM,2025,jun,06,manejo,interior,3793.62892053054,0,CERRADO,GR 3 - CENTRO-OESTE,-, ,,,,39582965.4042969,77701.769691072, 
358496,0000.00.0024,APA Meandros do Rio Araguaia,133.624135535409,incendio,incendio,planet, ,166,6/14/2025 12:00:00 AM,2025,jun,06,incendio,interior,133.624135535409,0,CERRADO,GR 3 - CENTRO-OESTE,Núcleo de Gestão Integrada - ICMBio Meandros do Rio Araguaia, ,,,,1419727.60742188,7616.39201769915, 
358497,0000.00.0023,APA do Planalto Central,4.3105474598795,incendio,incendio,planet, ,162,6/15/2025 12:00:00 AM,2025,jun,06,incendio,interior,4.3105474598795,0,CERRADO,GR 3 - CENTRO-OESTE,-, ,,,,46630.9833984375,1107.78407193568, 
358498,0000.00.0023,APA do Planalto Central,16.1164999761612,incendio,incendio,planet, ,162,6/15/2025 12:00:00 AM,2025,jun,06,incendio,interior,16.1164999761612,0,CERRADO,GR 3 - CENTRO-OESTE,-, ,,,,174340.671875,2115.15452823718, 
358499,0000.00.0163,PARNA de Pacaás Novos,10.2303096107908,incendio,incendio,planet, ,163,6/14/2025 12:00:00 AM,2025,jun,06,incendio,interior,10.2303096107908,0,AMAZÔNIA,GR 1 - NORTE,-, ,,,,106591.646972656,2192.9589245015,CT Porto Velho
358500,0000.00.0076,ESEC Serra Geral do Tocantins,72.985171845601,queima prescrita,manejo,planet,Queima do dia 28/04,119,5/21/2025 12:00:00 AM,2025,mai,05,manejo,interior,72.985171845601,0,CERRADO,GR 3 - CENTRO-OESTE,-, ,,,,762274.627929688,9172.55347630673, 
358501,0000.00.0023,APA do Planalto Central,144.322393734508,incendio,incendio,planet, ,162,6/15/2025 12:00:00 AM,2025,jun,06,incendio,interior,144.322393734508,0,CERRADO,GR 3 - CENTRO-OESTE,-, ,,,,1561222.96972656,16504.3416285867, 
358502,0000.00.0023,APA do Planalto Central,0.655111772672795,incendio,incendio,planet, ,162,6/15/2025 12:00:00 AM,2025,jun,06,incendio,interior,0.655111772672795,0,CERRADO,GR 3 - CENTRO-OESTE,-, ,,,,7087.4453125,368.927094067809, 
358503,0000.00.0157,PARNA das Sempre-Vivas,42.8305609127504,incendio,incendio,planet, ,160,6/15/2025 12:00:00 AM,2025,jun,06,incendio,interior,42.8305609127504,0,CERRADO,GR 4 - SUDESTE,-, ,,,,475249.467773438,5999.62697140028, 
358504,0000.00.0157,PARNA das Sempre-Vivas,7.51063522086272,incendio,incendio,planet, ,158,6/15/2025 12:00:00 AM,2025,jun,06,incendio,interior,7.51063522086272,0,CERRADO,GR 4 - SUDESTE,-, ,,,,83315.3564453125,1481.46221742261, 
358505,0000.00.0157,PARNA das Sempre-Vivas,3.14902474524435,incendio,incendio,planet, ,163,6/15/2025 12:00:00 AM,2025,jun,06,incendio,interior,3.14902474524435,0,CERRADO,GR 4 - SUDESTE,-, ,,,,34942.1181640625,930.304929508144, 
358506,0000.00.0157,PARNA das Sempre-Vivas,39.215812587697,incendio,incendio,planet, ,163,6/15/2025 12:00:00 AM,2025,jun,06,incendio,interior,39.215812587697,0,CERRADO,GR 4 - SUDESTE,-, ,,,,435114.318359375,5009.48757166062, 
358507,0000.00.0157,PARNA das Sempre-Vivas,14.3611398195451,incendio,incendio,planet, ,165,6/15/2025 12:00:00 AM,2025,jun,06,incendio,interior,14.3611398195451,0,CERRADO,GR 4 - SUDESTE,-, ,,,,159330.776367188,1582.97635076017, 
358508,0000.00.0157,PARNA das Sempre-Vivas,12.7068753098591,incendio,incendio,planet, ,165,6/15/2025 12:00:00 AM,2025,jun,06,incendio,interior,12.7068753098591,0,CERRADO,GR 4 - SUDESTE,-, ,,,,140964.862304688,1579.2860775989, 
358509,0000.00.0157,PARNA das Sempre-Vivas,39.7334836792421,incendio,incendio,planet, ,165,6/15/2025 12:00:00 AM,2025,jun,06,incendio,interior,39.7334836792421,0,CERRADO,GR 4 - SUDESTE,-, ,,,,440758.274414063,3443.6970459098, 
358510,0000.00.0284,PARNA dos Campos Amazônicos,277.122380034438,queima prescrita,manejo,planet,Queima do dia 11/06,163,6/16/2025 12:00:00 AM,2025,jun,06,manejo,interior,277.122380034438,0,AMAZÔNIA,GR 1 - NORTE,Núcleo de Gestão Integrada - ICMBio Humaitá,CR Porto V,,,,2852612.125,17728.4446106318,CT Porto Velho
358511,0000.00.0219,REVIS das Veredas do Oeste Baiano,31.2085779520595,queima controlada,manejo,planet,Queima entre os dias 20/06 e 23/06,172,6/24/2025 12:00:00 AM,2025,jun,06,manejo,interior,31.2085779520595,0,CERRADO,GR 3 - CENTRO-OESTE,Núcleo de Gestão Integrada - ICMBio Mambaí, ,,,,333540.8359375,2184.28206063305, 
358512,0000.00.0284,PARNA dos Campos Amazônicos,1.86953549664968,queima prescrita,manejo,planet,Queima do dia 11/06,163,6/16/2025 12:00:00 AM,2025,jun,06,manejo,interior,1.86953549664968,0,AMAZÔNIA,GR 1 - NORTE,Núcleo de Gestão Integrada - ICMBio Humaitá,CR Porto V,,,,19244.5053710938,2228.37475508497,CT Porto Velho
358513,0000.00.0139,PARNA da Chapada dos Veadeiros,104.206482337485,gestao de ignicao antropica,manejo,planet,Queima do dia 14/06,166,6/15/2025 12:00:00 AM,2025,jun,06,manejo,interior,104.206482337485,0,CERRADO,GR 3 - CENTRO-OESTE,-, ,,,,1113822.62353516,9845.89588858834, 
358514,0000.00.0144,PARNA da Serra da Canastra,582.027813995144,queima prescrita,manejo,planet,Queima do dia 12/06,164,6/16/2025 12:00:00 AM,2025,jun,06,manejo,interior,582.027813995144,0,CERRADO,GR 4 - SUDESTE,-, ,,,,6662014.09082031,21810.6246345858, 
358515,0000.00.0144,PARNA da Serra da Canastra,43.3855712271803,queima prescrita,manejo,planet,Queima do dia 12/06,164,6/16/2025 12:00:00 AM,2025,jun,06,manejo,interior,43.3855712271803,0,CERRADO,GR 4 - SUDESTE,-, ,,,,496572.317382813,4100.58710136728, 
358516,0000.00.0219,REVIS das Veredas do Oeste Baiano,16.2806439157494,incendio,incendio,planet, ,167,6/24/2025 12:00:00 AM,2025,jun,06,incendio,interior,16.2806439157494,0,CERRADO,GR 3 - CENTRO-OESTE,Núcleo de Gestão Integrada - ICMBio Mambaí, ,,,,174069.021484375,2315.59542042274, 
358517,0000.00.0076,ESEC Serra Geral do Tocantins,10.6843439278775,queima prescrita,manejo,planet,Queima do dia 28/04,119,5/21/2025 12:00:00 AM,2025,mai,05,manejo,interior,10.6843439278775,0,CERRADO,GR 3 - CENTRO-OESTE,-, ,,,,111592.201171875,1527.69936692817, 
358518,0000.00.0076,ESEC Serra Geral do Tocantins,8.28146640674285,incendio,incendio,planet, ,44,3/7/2025 12:00:00 AM,2025,mar,03,incendio,interior,8.28146640674285,0,CERRADO,GR 3 - CENTRO-OESTE,-, ,,,,86594.9658203125,1972.61633914357, 
358519,0000.00.0144,PARNA da Serra da Canastra,229.312141444793,queima prescrita,manejo,planet,Queima do dia 12/06,164,6/16/2025 12:00:00 AM,2025,jun,06,manejo,interior,229.312141444793,0,CERRADO,GR 4 - SUDESTE,-, ,,,,2624070.88183594,10674.8521963475, 
358520,0000.00.0023,APA do Planalto Central,6.32633824199959,incendio,incendio,planet, ,167,6/17/2025 12:00:00 AM,2025,jun,06,incendio,interior,6.32633824199959,0,CERRADO,GR 3 - CENTRO-OESTE,-, ,,,,68460.0009765625,1357.30646129768, 
358521,0000.00.0023,APA do Planalto Central,45.6502696752771,incendio,incendio,planet, ,167,6/17/2025 12:00:00 AM,2025,jun,06,incendio,interior,45.6502696752771,0,CERRADO,GR 3 - CENTRO-OESTE,-, ,,,,494021.638671875,6402.92248430471, 
358522,0000.00.0076,ESEC Serra Geral do Tocantins,54.9305284759687,queima controlada,manejo,planet,Queima do dia 04/04,95,5/21/2025 12:00:00 AM,2025,mai,05,manejo,interior,54.9305284759687,0,CERRADO,GR 3 - CENTRO-OESTE,-, ,,,,572386.735351563,3353.98957088414, 
358523,0000.00.0023,APA do Planalto Central,46.6673360580545,incendio,incendio,planet, ,167,6/17/2025 12:00:00 AM,2025,jun,06,incendio,interior,46.6673360580545,0,CERRADO,GR 3 - CENTRO-OESTE,-, ,,,,505059.943359375,6351.59854322581, 
358524,0000.00.0023,APA do Planalto Central,30.2202937770281,incendio,incendio,planet, ,167,6/17/2025 12:00:00 AM,2025,jun,06,incendio,interior,30.2202937770281,0,CERRADO,GR 3 - CENTRO-OESTE,-, ,,,,327063.13671875,3280.58303913428, 
358525,0000.00.0023,APA do Planalto Central,26.2601049949763,incendio,incendio,planet, ,167,6/17/2025 12:00:00 AM,2025,jun,06,incendio,interior,26.2601049949763,0,CERRADO,GR 3 - CENTRO-OESTE,-, ,,,,284209.2890625,3135.98162724754, 
358526,0000.00.0023,APA do Planalto Central,4.71120887804088,incendio,incendio,planet, ,167,6/17/2025 12:00:00 AM,2025,jun,06,incendio,interior,4.71120887804088,0,CERRADO,GR 3 - CENTRO-OESTE,-, ,,,,50988.37109375,1204.01718763834, 
358527,0000.00.0023,APA do Planalto Central,9.06409216519779,incendio,incendio,planet, ,167,6/17/2025 12:00:00 AM,2025,jun,06,incendio,interior,9.06409216519779,0,CERRADO,GR 3 - CENTRO-OESTE,-, ,,,,98096.2880859375,2090.38874875128, 
358528,0000.00.0023,APA do Planalto Central,4.67169866583103,incendio,incendio,planet, ,167,6/17/2025 12:00:00 AM,2025,jun,06,incendio,interior,4.67169866583103,0,CERRADO,GR 3 - CENTRO-OESTE,-, ,,,,50557.9990234375,1168.74095017292, 
358529,0000.00.0023,APA do Planalto Central,413.490481149178,incendio,incendio,planet, ,167,6/17/2025 12:00:00 AM,2025,jun,06,incendio,interior,413.490481149178,0,CERRADO,GR 3 - CENTRO-OESTE,-, ,,,,4474177.90820313,38592.3455466457, 
358530,0000.00.0219,REVIS das Veredas do Oeste Baiano,33.6432484061372,queima controlada,manejo,planet,Queima entre os dias 20/06 e 23/06,172,6/24/2025 12:00:00 AM,2025,jun,06,manejo,interior,33.6432484061372,0,CERRADO,GR 3 - CENTRO-OESTE,Núcleo de Gestão Integrada - ICMBio Mambaí, ,,,,359763.399902344,8646.62614882241, 
358531,0000.00.0219,REVIS das Veredas do Oeste Baiano,3.5423166272469,queima controlada,manejo,planet,Queima do dia 23/06,175,6/24/2025 12:00:00 AM,2025,jun,06,manejo,interior,3.5423166272469,0,CERRADO,GR 3 - CENTRO-OESTE,Núcleo de Gestão Integrada - ICMBio Mambaí, ,,,,37836.9604492188,925.101471571268, 
358532,0000.00.0219,REVIS das Veredas do Oeste Baiano,22.826380977092,queima controlada,manejo,planet,Queima do dia 23/06,175,6/24/2025 12:00:00 AM,2025,jun,06,manejo,interior,22.826380977092,0,CERRADO,GR 3 - CENTRO-OESTE,Núcleo de Gestão Integrada - ICMBio Mambaí, ,,,,243824.109375,2902.50755076138, 
358533,0000.00.0219,REVIS das Veredas do Oeste Baiano,34.0089614684732,queima controlada,manejo,planet,Queima entre os dias 20/06 e 23/06,172,6/24/2025 12:00:00 AM,2025,jun,06,manejo,interior,34.0089614684732,0,CERRADO,GR 3 - CENTRO-OESTE,Núcleo de Gestão Integrada - ICMBio Mambaí, ,,,,363550.415527344,5687.23569862773, 
358534,0000.00.0219,REVIS das Veredas do Oeste Baiano,101.002028544132,queima controlada,manejo,planet,Queima entre os dias 20/06 e 23/06,172,6/24/2025 12:00:00 AM,2025,jun,06,manejo,interior,101.002028544132,0,CERRADO,GR 3 - CENTRO-OESTE,Núcleo de Gestão Integrada - ICMBio Mambaí, ,,,,1079304.08886719,7202.04819186277, 
358535,0000.00.0076,ESEC Serra Geral do Tocantins,704.905542711846,queima controlada,manejo,planet,Queima do dia 19/04,110,5/21/2025 12:00:00 AM,2025,mai,05,manejo,interior,704.905542711846,0,CERRADO,GR 3 - CENTRO-OESTE,-, ,,,,7352905.02832031,26847.2720222909, 
358536,0000.00.0076,ESEC Serra Geral do Tocantins,3.15443528991934,queima controlada,manejo,planet,Queima do dia 21/05,142,5/21/2025 12:00:00 AM,2025,mai,05,manejo,interior,3.15443528991934,0,CERRADO,GR 3 - CENTRO-OESTE,-, ,,,,32870.2416992188,773.767087437539, 
358537,0000.00.0076,ESEC Serra Geral do Tocantins,0.737196279467099,queima controlada,manejo,planet,Queima do dia 21/05,142,5/21/2025 12:00:00 AM,2025,mai,05,manejo,interior,0.737196279467099,0,CERRADO,GR 3 - CENTRO-OESTE,-, ,,,,7681.9072265625,377.426837865495, 
358538,0000.00.0076,ESEC Serra Geral do Tocantins,2.96496149123982,queima controlada,manejo,planet,Queima do dia 21/05,142,5/21/2025 12:00:00 AM,2025,mai,05,manejo,interior,2.96496149123982,0,CERRADO,GR 3 - CENTRO-OESTE,-, ,,,,30896.3803710938,788.391889007516, 
358539,0000.00.0168,PARNA do Araguaia,32.1134072728814,queima prescrita,manejo,planet,Queima do dia 26/06. Operação conjunta entre ICMBio e IBAMA.,178,6/29/2025 12:00:00 AM,2025,jun,06,manejo,interior,32.1134072728814,0,CERRADO,GR 3 - CENTRO-OESTE,-, ,,,,335660.068359375,2701.22725835145, 
358540,0000.00.0076,ESEC Serra Geral do Tocantins,871.581640841162,queima prescrita,manejo,planet,Queima do dia 07/04,98,5/21/2025 12:00:00 AM,2025,mai,05,manejo,interior,871.581640841162,0,CERRADO,GR 3 - CENTRO-OESTE,-, ,,,,9095202.65527344,44102.119858283, 
358541,0000.00.0076,ESEC Serra Geral do Tocantins,30.1767082086706,queima prescrita,manejo,planet,Queima do dia 20/05,140,5/21/2025 12:00:00 AM,2025,mai,05,manejo,interior,30.1767082086706,0,CERRADO,GR 3 - CENTRO-OESTE,-, ,,,,314532.127441406,2599.91996747492, 
358542,0000.00.0076,ESEC Serra Geral do Tocantins,882.49844362684,queima prescrita,manejo,planet,Queima do dia 07/04,98,5/21/2025 12:00:00 AM,2025,mai,05,manejo,interior,882.49844362684,0,CERRADO,GR 3 - CENTRO-OESTE,-, ,,,,9211780.078125,33552.0668517562, 
358543,0000.00.0076,ESEC Serra Geral do Tocantins,27.2162555001562,queima controlada,manejo,planet,Queima do dia 08/04,99,5/21/2025 12:00:00 AM,2025,mai,05,manejo,interior,27.2162555001562,0,CERRADO,GR 3 - CENTRO-OESTE,-, ,,,,284082.525390625,2785.17513369825, 
358544,0000.00.0076,ESEC Serra Geral do Tocantins,71.51059670075,queima prescrita,manejo,planet,Queima do dia 07/04,98,5/21/2025 12:00:00 AM,2025,mai,05,manejo,interior,71.51059670075,0,CERRADO,GR 3 - CENTRO-OESTE,-, ,,,,746250.803710938,5920.46082970022, 
358545,0000.00.0076,ESEC Serra Geral do Tocantins,10.2244562457431,queima controlada,manejo,planet,Queima do dia 09/04,100,5/21/2025 12:00:00 AM,2025,mai,05,manejo,interior,10.2244562457431,0,CERRADO,GR 3 - CENTRO-OESTE,-, ,,,,106504.442382813,2182.97531575729, 
358546,0000.00.0076,ESEC Serra Geral do Tocantins,67.7482120906151,queima controlada,manejo,planet,Queima do dia 21/05,142,5/21/2025 12:00:00 AM,2025,mai,05,manejo,interior,67.7482120906151,0,CERRADO,GR 3 - CENTRO-OESTE,-, ,,,,705994.494140625,7320.63939065719, 
358547,0000.00.0272,PARNA da Chapada das Mesas,576.556123115927,queima prescrita,manejo,planet,Queima do dia 12/05,133,5/15/2025 12:00:00 AM,2025,mai,05,manejo,interior,576.556123115927,0,CERRADO,GR 2 - NORDESTE,-, ,,,,5896280.859375,33665.80298629,CT Fortaleza
358548,0000.00.0272,PARNA da Chapada das Mesas,298.0707967541,queima prescrita,manejo,planet,Queima do dia 12/05,133,5/15/2025 12:00:00 AM,2025,mai,05,manejo,interior,298.0707967541,0,CERRADO,GR 2 - NORDESTE,-, ,,,,3048469.63061523,15341.9623062627,CT Fortaleza
358549,0000.00.0272,PARNA da Chapada das Mesas,197.671763497173,queima prescrita,manejo,planet,Queima do dia 14/05,135,5/15/2025 12:00:00 AM,2025,mai,05,manejo,interior,197.671763497173,0,CERRADO,GR 2 - NORDESTE,-, ,,,,2021811.8125,8219.23473287927,CT Fortaleza
358550,0000.00.0272,PARNA da Chapada das Mesas,116.880419275691,queima prescrita,manejo,planet,Queima do dia 12/05,133,5/15/2025 12:00:00 AM,2025,mai,05,manejo,interior,116.880419275691,0,CERRADO,GR 2 - NORDESTE,-, ,,,,1195556.14160156,10430.5276253687,CT Fortaleza
358551,0000.00.0272,PARNA da Chapada das Mesas,33.7937398458959,queima controlada,manejo,planet,Queima do dia 15/05,136,5/15/2025 12:00:00 AM,2025,mai,05,manejo,interior,33.7937398458959,0,CERRADO,GR 2 - NORDESTE,-, ,,,,345684.465332031,4358.20105270268,CT Fortaleza
358552,0000.00.0272,PARNA da Chapada das Mesas,13.055956286982,queima prescrita,manejo,planet,Queima do dia 09/05,130,5/15/2025 12:00:00 AM,2025,mai,05,manejo,interior,13.055956286982,0,CERRADO,GR 2 - NORDESTE,-, ,,,,133545.504638672,2176.7534696915,CT Fortaleza
358553,0000.00.0272,PARNA da Chapada das Mesas,177.949849179537,queima controlada,manejo,planet,Queima do dia 15/05,136,5/15/2025 12:00:00 AM,2025,mai,05,manejo,interior,177.949849179537,0,CERRADO,GR 2 - NORDESTE,-, ,,,,1820384.79077148,9796.48827657155,CT Fortaleza
358554,0000.00.0272,PARNA da Chapada das Mesas,56.1847579091433,queima controlada,manejo,planet,Queima do dia 15/05,136,5/15/2025 12:00:00 AM,2025,mai,05,manejo,interior,56.1847579091433,0,CERRADO,GR 2 - NORDESTE,-, ,,,,574785.739257813,4425.6942843051,CT Fortaleza
358555,0000.00.0024,APA Meandros do Rio Araguaia,34.4216772550389,incendio,incendio,planet, ,325,11/30/2025 12:00:00 AM,2025,nov,11,incendio,interior,34.4216772550389,0,CERRADO,GR 3 - CENTRO-OESTE,Núcleo de Gestão Integrada - ICMBio Meandros do Rio Araguaia, ,,,,365056.026855469,2581.23926426173, 
358556,0000.00.0024,APA Meandros do Rio Araguaia,277.027236138018,incendio,incendio,planet, ,325,11/30/2025 12:00:00 AM,2025,nov,11,incendio,interior,277.027236138018,0,CERRADO,GR 3 - CENTRO-OESTE,Núcleo de Gestão Integrada - ICMBio Meandros do Rio Araguaia, ,,,,2935911.82128906,10688.6429165716, 
358557,0000.00.0272,PARNA da Chapada das Mesas,38.2449496066163,queima controlada,manejo,planet,Queima do dia 15/05,136,5/15/2025 12:00:00 AM,2025,mai,05,manejo,interior,38.2449496066163,0,CERRADO,GR 2 - NORDESTE,-, ,,,,391253.671142578,2973.68453143976,CT Fortaleza
358558,0000.00.0024,APA Meandros do Rio Araguaia,136.93049018712,incendio,incendio,planet, ,325,11/30/2025 12:00:00 AM,2025,nov,11,incendio,interior,136.93049018712,0,CERRADO,GR 3 - CENTRO-OESTE,Núcleo de Gestão Integrada - ICMBio Meandros do Rio Araguaia, ,,,,1451329.53076172,6338.58762839628, 
358559,0000.00.0069,ESEC do Seridó,29.7077496007625,incendio,incendio,planet, ,328,12/2/2025 12:00:00 AM,2025,dez,12,incendio,interior,29.7077496007625,0,CAATINGA,GR 2 - NORDESTE,-, ,,,,302992.8515625,2541.20873646984,CT Fortaleza
358560,0000.00.0168,PARNA do Araguaia,127.844102506942,queima prescrita,manejo,planet,Queima entre os dias 03/07 e 04/07. Operação conjunta entre ICMBio e IBAMA,184,7/13/2025 12:00:00 AM,2025,jul,07,manejo,interior,127.844102506942,0,CERRADO,GR 3 - CENTRO-OESTE,-, ,,,,1334130.6796875,11872.3331072232, 
358561,0000.00.0085,FLONA de Balata-Tufari,4.81598909685748,incendio,incendio,planet, ,310,12/8/2025 12:00:00 AM,2025,dez,12,incendio,interior,4.81598909685748,0,AMAZÔNIA,GR 1 - NORTE,Núcleo de Gestão Integrada - ICMBio Porto Velho,CR Porto V,,,,49136.2241210938,1117.87557992466,CT Porto Velho
358562,0000.00.0168,PARNA do Araguaia,116.47659861979,queima prescrita,manejo,planet,Queima do dia 08/07. Operação conjunta entre ICMBio e IBAMA,189,7/13/2025 12:00:00 AM,2025,jul,07,manejo,interior,116.47659861979,0,CERRADO,GR 3 - CENTRO-OESTE,-, ,,,,1217382.45605469,8323.29912633141, 
358563,0000.00.0168,PARNA do Araguaia,147.171730501792,queima prescrita,manejo,planet,Queima do dia 08/07. Operação conjunta entre ICMBio e IBAMA,189,7/13/2025 12:00:00 AM,2025,jul,07,manejo,interior,147.171730501792,0,CERRADO,GR 3 - CENTRO-OESTE,-, ,,,,1536032.3046875,8828.35649297275, 
358564,0000.00.0168,PARNA do Araguaia,7.9002895899379,queima prescrita,manejo,planet,Queima do dia 08/07. Operação conjunta entre ICMBio e IBAMA,189,7/13/2025 12:00:00 AM,2025,jul,07,manejo,interior,7.9002895899379,0,CERRADO,GR 3 - CENTRO-OESTE,-, ,,,,82487.5532226563,1869.59885009024, 
358565,0000.00.0168,PARNA do Araguaia,5.05328176896342,queima prescrita,manejo,planet,Queima do dia 08/07. Operação conjunta entre ICMBio e IBAMA,189,7/13/2025 12:00:00 AM,2025,jul,07,manejo,interior,5.05328176896342,0,CERRADO,GR 3 - CENTRO-OESTE,-, ,,,,52758.2685546875,1527.03585485074, 
358566,0000.00.0168,PARNA do Araguaia,8.70809310494979,queima prescrita,manejo,planet,Queima do dia 08/07. Operação conjunta entre ICMBio e IBAMA,189,7/13/2025 12:00:00 AM,2025,jul,07,manejo,interior,8.70809310494979,0,CERRADO,GR 3 - CENTRO-OESTE,-, ,,,,90912.326171875,2657.49674538085, 
358567,0000.00.0168,PARNA do Araguaia,10.9465000424188,queima prescrita,manejo,planet,Queima do dia 08/07. Operação conjunta entre ICMBio e IBAMA,189,7/13/2025 12:00:00 AM,2025,jul,07,manejo,interior,10.9465000424188,0,CERRADO,GR 3 - CENTRO-OESTE,-, ,,,,114258.291992188,2022.53387827572, 
358568,0000.00.0168,PARNA do Araguaia,19.1543108584033,queima prescrita,manejo,planet,Queima do dia 09/07. Operação conjunta entre ICMBio e IBAMA,190,7/13/2025 12:00:00 AM,2025,jul,07,manejo,interior,19.1543108584033,0,CERRADO,GR 3 - CENTRO-OESTE,-, ,,,,199765.577148438,2528.49934029234, 
358569,0000.00.0168,PARNA do Araguaia,67.2177880275491,queima prescrita,manejo,planet,Queima do dia 09/07. Operação conjunta entre ICMBio e IBAMA,190,7/13/2025 12:00:00 AM,2025,jul,07,manejo,interior,67.2177880275491,0,CERRADO,GR 3 - CENTRO-OESTE,-, ,,,,700991.653320313,6566.07444334631, 
358570,0000.00.0168,PARNA do Araguaia,106.804269141182,queima prescrita,manejo,planet,Queima do dia 10/07. Operação conjunta entre ICMBio e IBAMA,191,7/13/2025 12:00:00 AM,2025,jul,07,manejo,interior,106.804269141182,0,CERRADO,GR 3 - CENTRO-OESTE,-, ,,,,1112354.64306641,9048.9155020488, 
358571,0000.00.0168,PARNA do Araguaia,674.997393030046,queima prescrita,manejo,planet,Queima do dia 11/07. Operação conjunta entre ICMBio e IBAMA,192,7/13/2025 12:00:00 AM,2025,jul,07,manejo,interior,674.997393030046,0,CERRADO,GR 3 - CENTRO-OESTE,-, ,,,,7039133.69921875,34624.2656533385, 
358572,0000.00.0168,PARNA do Araguaia,14.2393397665866,queima prescrita,manejo,planet,Queima entre os dias 03/07 e 04/07. Operação conjunta entre ICMBio e IBAMA,184,7/13/2025 12:00:00 AM,2025,jul,07,manejo,interior,14.2393397665866,0,CERRADO,GR 3 - CENTRO-OESTE,-, ,,,,148543.907226563,2029.79482816819, 
358573,0000.00.0168,PARNA do Araguaia,3.72225021815213,queima prescrita,manejo,planet,Queima entre os dias 03/07 e 04/07. Operação conjunta entre ICMBio e IBAMA,184,7/13/2025 12:00:00 AM,2025,jul,07,manejo,interior,3.72225021815213,0,CERRADO,GR 3 - CENTRO-OESTE,-, ,,,,38829.1479492188,1166.29210553538, 
358574,0000.00.0168,PARNA do Araguaia,15.0382342596728,queima prescrita,manejo,planet,Queima entre os dias 03/07 e 04/07. Operação conjunta entre ICMBio e IBAMA,184,7/13/2025 12:00:00 AM,2025,jul,07,manejo,interior,15.0382342596728,0,CERRADO,GR 3 - CENTRO-OESTE,-, ,,,,156912.393554688,2418.46618962334, 
358575,0000.00.0168,PARNA do Araguaia,34.3249445665261,queima prescrita,manejo,planet,Queima entre os dias 03/07 e 04/07. Operação conjunta entre ICMBio e IBAMA,184,7/13/2025 12:00:00 AM,2025,jul,07,manejo,interior,34.3249445665261,0,CERRADO,GR 3 - CENTRO-OESTE,-, ,,,,358166.926757813,3004.80568505165, 
358576,0000.00.0168,PARNA do Araguaia,54.518305079559,queima prescrita,manejo,planet,Queima do dia 07/07. Operação conjunta entre ICMBio e IBAMA,188,7/13/2025 12:00:00 AM,2025,jul,07,manejo,interior,54.518305079559,0,CERRADO,GR 3 - CENTRO-OESTE,-, ,,,,568488.683105469,4597.97042401903, 
358577,0000.00.0138,PARNA da Chapada dos Guimaraes,19.024212615174,queima prescrita,manejo,planet,Queima do dia 07/07,191,7/14/2025 12:00:00 AM,2025,jul,07,manejo,interior,19.024212615174,0,CERRADO,GR 3 - CENTRO-OESTE,-, ,,,,205634.639648438,5546.21329168212,CT - GR3
358578,0000.00.0024,APA Meandros do Rio Araguaia,60.8018553078227,incendio,incendio,planet, ,333,12/22/2025 12:00:00 AM,2025,dez,12,incendio,interior,60.8018553078227,0,CERRADO,GR 3 - CENTRO-OESTE,Núcleo de Gestão Integrada - ICMBio Meandros do Rio Araguaia, ,,,,645085.390625,3979.94378989012, 
358579,0000.00.0138,PARNA da Chapada dos Guimaraes,27.2379479641559,queima prescrita,manejo,planet,Queima do dia 09/07,191,7/14/2025 12:00:00 AM,2025,jul,07,manejo,interior,27.2379479641559,0,CERRADO,GR 3 - CENTRO-OESTE,-, ,,,,294526.18359375,4915.76343471503,CT - GR3
358580,0000.00.0216,REBIO Nascentes da Serra do Cachimbo,20.0502894088778,incendio,incendio,planet, ,191,7/14/2025 12:00:00 AM,2025,jul,07,incendio,interior,20.0502894088778,0,AMAZÔNIA,GR 1 - NORTE,Núcleo de Gestão Integrada - ICMBio Serra do Cachimbo,CR Oeste d,,,,206490.119140625,2219.73054610038,CT Itaituba
358581,0000.00.0138,PARNA da Chapada dos Guimaraes,84.3760610547896,queima prescrita,manejo,planet,Queima do dia 08/07,191,7/14/2025 12:00:00 AM,2025,jul,07,manejo,interior,84.3760610547896,0,CERRADO,GR 3 - CENTRO-OESTE,-, ,,,,912557.55859375,10611.9884362766,CT - GR3
358582,0000.00.0146,PARNA da Serra das Confusões,76.5847356588622,incendio,incendio,planet, ,191,7/14/2025 12:00:00 AM,2025,jul,07,incendio,interior,76.5847356588622,0,CERRADO,GR 2 - NORDESTE,-, ,,,,790812.530273438,4339.18580932402,CT Fortaleza
358583,0000.00.0138,PARNA da Chapada dos Guimaraes,5.24642186230589,queima prescrita,manejo,planet,Queima do dia 10/07,191,7/14/2025 12:00:00 AM,2025,jul,07,manejo,interior,5.24642186230589,0,CERRADO,GR 3 - CENTRO-OESTE,-, ,,,,56721.462890625,1754.03244185014,CT - GR3
358584,0000.00.0138,PARNA da Chapada dos Guimaraes,36.8724912272459,queima prescrita,manejo,planet,Queima do dia 07/07,191,7/14/2025 12:00:00 AM,2025,jul,07,manejo,interior,36.8724912272459,0,CERRADO,GR 3 - CENTRO-OESTE,-, ,,,,398614.190429688,4954.98518382744,CT - GR3
358585,0000.00.0024,APA Meandros do Rio Araguaia,4.89610494423539,incendio,incendio,planet, ,333,12/22/2025 12:00:00 AM,2025,dez,12,incendio,interior,4.89610494423539,0,CERRADO,GR 3 - CENTRO-OESTE,Núcleo de Gestão Integrada - ICMBio Meandros do Rio Araguaia, ,,,,51941.3442382813,924.939259212083, 
358586,0000.00.0138,PARNA da Chapada dos Guimaraes,97.4563339988081,queima prescrita,manejo,planet,Queima do dia 09/07,191,7/14/2025 12:00:00 AM,2025,jul,07,manejo,interior,97.4563339988081,0,CERRADO,GR 3 - CENTRO-OESTE,-, ,,,,1053299.46191406,10066.1552224881,CT - GR3
358587,0000.00.0138,PARNA da Chapada dos Guimaraes,6.95190965735605,queima prescrita,manejo,planet,Queima do dia 11/07,191,7/14/2025 12:00:00 AM,2025,jul,07,manejo,interior,6.95190965735605,0,CERRADO,GR 3 - CENTRO-OESTE,-, ,,,,75134.0029296875,1544.11130470998,CT - GR3
358588,0000.00.0027,APA Morro da Pedreira,155.711077716654,incendio,incendio,planet, ,183,7/8/2025 12:00:00 AM,2025,jul,07,incendio,interior,155.711077716654,0,CERRADO,GR 4 - SUDESTE,Núcleo de Gestão Integrada - ICMBio Cipó-Pedreira, ,,,,1762017.31542969,7952.857139717, 
358589,0000.00.0024,APA Meandros do Rio Araguaia,4.52846829562186,incendio,incendio,planet, ,351,12/22/2025 12:00:00 AM,2025,dez,12,incendio,interior,4.52846829562186,0,CERRADO,GR 3 - CENTRO-OESTE,Núcleo de Gestão Integrada - ICMBio Meandros do Rio Araguaia, ,,,,48033.115234375,1076.53557086944, 
358590,0000.00.0024,APA Meandros do Rio Araguaia,4.87515690444292,incendio,incendio,planet, ,351,12/22/2025 12:00:00 AM,2025,dez,12,incendio,interior,4.87515690444292,0,CERRADO,GR 3 - CENTRO-OESTE,Núcleo de Gestão Integrada - ICMBio Meandros do Rio Araguaia, ,,,,51709.0009765625,957.44697542606, 
358591,0000.00.0216,REBIO Nascentes da Serra do Cachimbo,94.1632473785593,queima prescrita,manejo,planet,Queima do dia 13/07,191,7/14/2025 12:00:00 AM,2025,jul,07,manejo,interior,94.1632473785593,0,AMAZÔNIA,GR 1 - NORTE,Núcleo de Gestão Integrada - ICMBio Serra do Cachimbo,CR Oeste d,,,,969942.225097656,5204.8316346874,CT Itaituba
358592,0000.00.0216,REBIO Nascentes da Serra do Cachimbo,137.149774562126,queima prescrita,manejo,planet,Queima do dia 13/07,191,7/14/2025 12:00:00 AM,2025,jul,07,manejo,interior,137.149774562126,0,AMAZÔNIA,GR 1 - NORTE,Núcleo de Gestão Integrada - ICMBio Serra do Cachimbo,CR Oeste d,,,,1412734.47607422,6447.83486337685,CT Itaituba
358593,0000.00.0216,REBIO Nascentes da Serra do Cachimbo,7.16253093056823,queima prescrita,manejo,planet,Queima do dia 13/07,191,7/14/2025 12:00:00 AM,2025,jul,07,manejo,interior,7.16253093056823,0,AMAZÔNIA,GR 1 - NORTE,Núcleo de Gestão Integrada - ICMBio Serra do Cachimbo,CR Oeste d,,,,73778.8310546875,1311.74855237167,CT Itaituba
358594,0000.00.0183,PARNA Grande Sertão Veredas,55.2634087856193,incendio,incendio,planet, ,184,7/6/2025 12:00:00 AM,2025,jul,07,incendio,interior,55.2634087856193,0,CERRADO,GR 4 - SUDESTE,-, ,,,,597492.615234375,3721.69823942765, 
358595,0000.00.0065,ESEC de Uruçuí-Una,26.0892850053318,queima prescrita,manejo,planet,Queima do dia 25/06,191,7/14/2025 12:00:00 AM,2025,jul,07,manejo,interior,26.0892850053318,0,CERRADO,GR 2 - NORDESTE,-, ,,,,268732.405273438,3272.19507466337,CT Fortaleza
358596,0000.00.0065,ESEC de Uruçuí-Una,99.0010994638303,queima prescrita,manejo,planet,Queima do dia 10/07,191,7/14/2025 12:00:00 AM,2025,jul,07,manejo,interior,99.0010994638303,0,CERRADO,GR 2 - NORDESTE,-, ,,,,1019676.30810547,8252.18268749712,CT Fortaleza
358597,0000.00.0065,ESEC de Uruçuí-Una,40.4559689363894,queima prescrita,manejo,planet,Queima do dia 10/07,191,7/14/2025 12:00:00 AM,2025,jul,07,manejo,interior,40.4559689363894,0,CERRADO,GR 2 - NORDESTE,-, ,,,,416784.71484375,5017.29044637937,CT Fortaleza
358598,0000.00.0065,ESEC de Uruçuí-Una,34.2568170278819,queima prescrita,manejo,planet,Queima do dia 10/07,191,7/14/2025 12:00:00 AM,2025,jul,07,manejo,interior,34.2568170278819,0,CERRADO,GR 2 - NORDESTE,-, ,,,,352834.60546875,3606.87859572144,CT Fortaleza
358599,0000.00.0010,APA da Região Serrana de Petrópolis,8.01318877015853,incendio,incendio,planet, ,362,12/31/2025 12:00:00 AM,2025,dez,12,incendio,interior,8.01318877015853,0,MATA ATLÂNTICA,GR 4 - SUDESTE,-, ,,,,94353.4462890625,1649.38989635066, 
358600,0000.00.0065,ESEC de Uruçuí-Una,159.650039540935,queima prescrita,manejo,planet,Queima do dia 09/07,191,7/14/2025 12:00:00 AM,2025,jul,07,manejo,interior,159.650039540935,0,CERRADO,GR 2 - NORDESTE,-, ,,,,1646678.36035156,8607.98180423251,CT Fortaleza
358601,0000.00.0065,ESEC de Uruçuí-Una,76.9420108951931,queima prescrita,manejo,planet,Queima do dia 09/07,191,7/14/2025 12:00:00 AM,2025,jul,07,manejo,interior,76.9420108951931,0,CERRADO,GR 2 - NORDESTE,-, ,,,,792485.136230469,6997.07143767552,CT Fortaleza
358602,0000.00.0139,PARNA da Chapada dos Veadeiros,24.8961977804908,incendio,manejo,planet, ,194,7/15/2025 12:00:00 AM,2025,jul,07,incendio,interior,24.8961977804908,0,CERRADO,GR 3 - CENTRO-OESTE,-, ,,,,265818.533691406,3163.28490895154, 
358603,0000.00.0183,PARNA Grande Sertão Veredas,102.45876586863,queima prescrita,manejo,planet,Queima do dia 09/06,160,6/10/2025 12:00:00 AM,2025,jun,06,manejo,interior,102.45876586863,0,CERRADO,GR 4 - SUDESTE,-, ,,,,1105177.07958984,7658.21422116666, 
358604,0000.00.0076,ESEC Serra Geral do Tocantins,192.12120423927,incendio,incendio,planet, ,195,7/15/2025 12:00:00 AM,2025,jul,07,incendio,interior,192.12120423927,0,CERRADO,GR 3 - CENTRO-OESTE,-, ,,,,2006757.48828125,10154.6717397652, 
358605,0000.00.0272,PARNA da Chapada das Mesas,82.5830949038525,queima prescrita,manejo,planet,Queima do dia 03/06,154,7/15/2025 12:00:00 AM,2025,jul,07,manejo,interior,82.5830949038525,0,CERRADO,GR 2 - NORDESTE,-, ,,,,844132.875,4088.90782265179,CT Fortaleza
358606,0000.00.0168,PARNA do Araguaia,206.729058848068,incendio,incendio,planet, ,315,11/14/2025 12:00:00 AM,2025,nov,11,incendio,interior,206.729058848068,0,CERRADO,GR 3 - CENTRO-OESTE,-, ,,,,2151686.60302734,13386.0647727332, 
358607,0000.00.0272,PARNA da Chapada das Mesas,133.797281504528,queima prescrita,manejo,planet,Queima do dia 22/06,173,7/15/2025 12:00:00 AM,2025,jul,07,manejo,interior,133.797281504528,0,CERRADO,GR 2 - NORDESTE,-, ,,,,1368148.62329102,5358.33839300365,CT Fortaleza
358608,0000.00.0010,APA da Região Serrana de Petrópolis,4.91036916504659,incendio,incendio,planet, ,362,12/31/2025 12:00:00 AM,2025,dez,12,incendio,interior,4.91036916504659,0,MATA ATLÂNTICA,GR 4 - SUDESTE,-, ,,,,57813.162109375,1575.69726114804, 
358609,0000.00.0010,APA da Região Serrana de Petrópolis,9.58035205664958,incendio,incendio,planet, ,261,12/30/2025 12:00:00 AM,2025,dez,12,incendio,interior,9.58035205664958,0,MATA ATLÂNTICA,GR 4 - SUDESTE,-, ,,,,112796.732421875,1932.18948743686, 
358610,0000.00.0076,ESEC Serra Geral do Tocantins,742.561351057464,incendio,incendio,planet, ,194,7/15/2025 12:00:00 AM,2025,jul,07,incendio,interior,742.561351057464,0,CERRADO,GR 3 - CENTRO-OESTE,-, ,,,,7755441.64160156,18789.6418970991, 
358611,0000.00.0076,ESEC Serra Geral do Tocantins,1978.29392600395,incendio,incendio,planet, ,185,7/15/2025 12:00:00 AM,2025,jul,07,incendio,interior,1978.29392600395,0,CERRADO,GR 3 - CENTRO-OESTE,-, ,,,,20672149.2163086,31181.2130057356, 
358612,0000.00.0065,ESEC de Uruçuí-Una,103.659220683748,queima prescrita,manejo,planet,Queima do dia 23/05,143,5/26/2025 12:00:00 AM,2025,mai,05,manejo,interior,103.659220683748,0,CERRADO,GR 2 - NORDESTE,-, ,,,,1068913.14892578,6128.97268097848,CT Fortaleza
358613,0000.00.0076,ESEC Serra Geral do Tocantins,2234.69032822818,incendio,incendio,planet, ,187,7/15/2025 12:00:00 AM,2025,jul,07,incendio,interior,2234.69032822818,0,CERRADO,GR 3 - CENTRO-OESTE,-, ,,,,23279779.6879883,42943.0579112928, 
358614,0000.00.0076,ESEC Serra Geral do Tocantins,27.7402831998527,incendio,incendio,planet, ,187,7/15/2025 12:00:00 AM,2025,jul,07,incendio,interior,27.7402831998527,0,CERRADO,GR 3 - CENTRO-OESTE,-, ,,,,288911.658691406,2523.41330029516, 
358615,0000.00.0076,ESEC Serra Geral do Tocantins,1109.61393785259,incendio,incendio,planet, ,188,7/15/2025 12:00:00 AM,2025,jul,07,incendio,interior,1109.61393785259,0,CERRADO,GR 3 - CENTRO-OESTE,-, ,,,,11609803.4824219,24456.2395445471, 
358616,0000.00.0158,PARNA de Aparados da Serra,63.6782107636413,incendio,incendio,planet, ,188,7/14/2025 12:00:00 AM,2025,jul,07,incendio,interior,63.6782107636413,0,MATA ATLÂNTICA,GR 5 - SUL,Núcleo de Gestão Integrada - ICMBio Aparados da Serra, ,,,,837787.220703125,6029.09901514878, 
358617,0000.00.0272,PARNA da Chapada das Mesas,69.7499523023405,queima prescrita,manejo,planet,Queima do dia 18/06,169,7/15/2025 12:00:00 AM,2025,jul,07,manejo,interior,69.7499523023405,0,CERRADO,GR 2 - NORDESTE,-, ,,,,713158.700439453,4003.37348494498,CT Fortaleza
358618,0000.00.0272,PARNA da Chapada das Mesas,174.445106458868,queima controlada,manejo,planet,Queima do dia 19/06,170,7/15/2025 12:00:00 AM,2025,jul,07,manejo,interior,174.445106458868,0,CERRADO,GR 2 - NORDESTE,-, ,,,,1783549.3449707,10539.1611008897,CT Fortaleza
358619,0000.00.0076,ESEC Serra Geral do Tocantins,197.013194066409,queima controlada,manejo,planet,Queima do dia 04/07,185,7/15/2025 12:00:00 AM,2025,jul,07,manejo,interior,197.013194066409,0,CERRADO,GR 3 - CENTRO-OESTE,-, ,,,,2053976.27783203,9282.94958142312, 
358620,0000.00.0272,PARNA da Chapada das Mesas,154.904836649712,queima prescrita,manejo,planet,Queima do dia 03/06,154,7/15/2025 12:00:00 AM,2025,jul,07,manejo,interior,154.904836649712,0,CERRADO,GR 2 - NORDESTE,-, ,,,,1583521.56762695,8735.61547599704,CT Fortaleza
358621,0000.00.0272,PARNA da Chapada das Mesas,102.44051203624,queima prescrita,manejo,planet,Queima do dia 03/06,154,7/15/2025 12:00:00 AM,2025,jul,07,manejo,interior,102.44051203624,0,CERRADO,GR 2 - NORDESTE,-, ,,,,1047179.10375977,6131.35786567358,CT Fortaleza
358622,0000.00.0076,ESEC Serra Geral do Tocantins,1312.11002408268,queima controlada,manejo,planet,Queima do dia 10/07,191,7/15/2025 12:00:00 AM,2025,jul,07,manejo,interior,1312.11002408268,0,CERRADO,GR 3 - CENTRO-OESTE,-, ,,,,13692690.0634766,21727.245755316, 
358623,0000.00.0272,PARNA da Chapada das Mesas,21.5964098729088,queima prescrita,manejo,planet,Queima do dia 03/06,154,7/15/2025 12:00:00 AM,2025,jul,07,manejo,interior,21.5964098729088,0,CERRADO,GR 2 - NORDESTE,-, ,,,,220749.985839844,2452.51729822595,CT Fortaleza
358624,0000.00.0272,PARNA da Chapada das Mesas,23.1078223444658,queima prescrita,manejo,planet,Queima do dia 03/06,154,7/15/2025 12:00:00 AM,2025,jul,07,manejo,interior,23.1078223444658,0,CERRADO,GR 2 - NORDESTE,-, ,,,,236203.450195313,2617.99443894308,CT Fortaleza
358625,0000.00.0272,PARNA da Chapada das Mesas,29.5914772613519,queima prescrita,manejo,planet,Queima do dia 03/06,154,7/15/2025 12:00:00 AM,2025,jul,07,manejo,interior,29.5914772613519,0,CERRADO,GR 2 - NORDESTE,-, ,,,,302475.86328125,3846.09160454451,CT Fortaleza
358626,0000.00.0272,PARNA da Chapada das Mesas,82.1686753892874,queima prescrita,manejo,planet,Queima do dia 18/06,169,7/15/2025 12:00:00 AM,2025,jul,07,manejo,interior,82.1686753892874,0,CERRADO,GR 2 - NORDESTE,-, ,,,,840175.0078125,6613.76821892209,CT Fortaleza
358627,0000.00.0272,PARNA da Chapada das Mesas,329.783298652902,queima prescrita,manejo,planet,Queima do dia 17/06,168,7/15/2025 12:00:00 AM,2025,jul,07,manejo,interior,329.783298652902,0,CERRADO,GR 2 - NORDESTE,-, ,,,,3368368.05883789,10441.7117056622,CT Fortaleza
358628,0000.00.0272,PARNA da Chapada das Mesas,94.9099897833244,queima prescrita,manejo,planet,Queima do dia 18/06,169,7/15/2025 12:00:00 AM,2025,jul,07,manejo,interior,94.9099897833244,0,CERRADO,GR 2 - NORDESTE,-, ,,,,970488.304199219,5280.64067962923,CT Fortaleza
358629,0000.00.0272,PARNA da Chapada das Mesas,132.995811694347,queima prescrita,manejo,planet,Queima do dia 17/06,168,7/15/2025 12:00:00 AM,2025,jul,07,manejo,interior,132.995811694347,0,CERRADO,GR 2 - NORDESTE,-, ,,,,1358675.21362305,7884.28242675283,CT Fortaleza
358630,0000.00.0168,PARNA do Araguaia,31.8658647602425,queima prescrita,manejo,planet,Queima do dia 10/07. Operação conjunta entre ICMBio e IBAMA,191,7/16/2025 12:00:00 AM,2025,jul,07,manejo,interior,31.8658647602425,0,CERRADO,GR 3 - CENTRO-OESTE,-, ,,,,332195.045410156,3033.13496079095, 
358631,0000.00.0272,PARNA da Chapada das Mesas,1881.3820657333,queima prescrita,manejo,planet,Queima do dia 17/06,168,7/15/2025 12:00:00 AM,2025,jul,07,manejo,interior,1881.3820657333,0,CERRADO,GR 2 - NORDESTE,-, ,,,,19219008.8952637,42731.1010432973,CT Fortaleza
358632,0000.00.0168,PARNA do Araguaia,656.746159345983,queima prescrita,manejo,planet,Queima do dia 13/07. Operação conjunta entre ICMBio e IBAMA,194,7/16/2025 12:00:00 AM,2025,jul,07,manejo,interior,656.746159345983,0,CERRADO,GR 3 - CENTRO-OESTE,-, ,,,,6847277.30859375,15533.6099504717, 
358633,0000.00.0168,PARNA do Araguaia,3.68518585914071,queima prescrita,manejo,planet,Queima do dia 14/07. Operação conjunta entre ICMBio e IBAMA,195,7/16/2025 12:00:00 AM,2025,jul,07,manejo,interior,3.68518585914071,0,CERRADO,GR 3 - CENTRO-OESTE,-, ,,,,38510.3872070313,1017.52909200876, 
358634,0000.00.0168,PARNA do Araguaia,3.43448316955634,queima prescrita,manejo,planet,Queima do dia 10/07. Operação conjunta entre ICMBio e IBAMA,191,7/16/2025 12:00:00 AM,2025,jul,07,manejo,interior,3.43448316955634,0,CERRADO,GR 3 - CENTRO-OESTE,-, ,,,,35795.3798828125,913.539787601852, 
358635,0000.00.0168,PARNA do Araguaia,1530.98413512363,queima prescrita,manejo,planet,Queima do dia 14/07. Operação conjunta entre ICMBio e IBAMA,195,7/16/2025 12:00:00 AM,2025,jul,07,manejo,interior,1530.98413512363,0,CERRADO,GR 3 - CENTRO-OESTE,-, ,,,,15998633.6860352,45804.1428063844, 
358636,0000.00.0168,PARNA do Araguaia,1.37716267721115,queima prescrita,manejo,planet,Queima do dia 10/07. Operação conjunta entre ICMBio e IBAMA,191,7/16/2025 12:00:00 AM,2025,jul,07,manejo,interior,1.37716267721115,0,CERRADO,GR 3 - CENTRO-OESTE,-, ,,,,14354.0141601563,586.263169809854, 
358637,0000.00.0168,PARNA do Araguaia,1.36396746717759,queima prescrita,manejo,planet,Queima do dia 10/07. Operação conjunta entre ICMBio e IBAMA,191,7/16/2025 12:00:00 AM,2025,jul,07,manejo,interior,1.36396746717759,0,CERRADO,GR 3 - CENTRO-OESTE,-, ,,,,14216.6215820313,580.323148172241, 
358638,0000.00.0168,PARNA do Araguaia,2.35999974145628,queima prescrita,manejo,planet,Queima do dia 10/07. Operação conjunta entre ICMBio e IBAMA,191,7/16/2025 12:00:00 AM,2025,jul,07,manejo,interior,2.35999974145628,0,CERRADO,GR 3 - CENTRO-OESTE,-, ,,,,24598.7709960938,863.153159249269, 
358639,0000.00.0168,PARNA do Araguaia,47.9913902775407,queima prescrita,manejo,planet,Queima do dia 15/07. Operação conjunta entre ICMBio e IBAMA,196,7/16/2025 12:00:00 AM,2025,jul,07,manejo,interior,47.9913902775407,0,CERRADO,GR 3 - CENTRO-OESTE,-, ,,,,500652.086914063,5679.87653713033, 
358640,0000.00.0168,PARNA do Araguaia,1.73407305363905,queima prescrita,manejo,planet,Queima do dia 10/07. Operação conjunta entre ICMBio e IBAMA,191,7/16/2025 12:00:00 AM,2025,jul,07,manejo,interior,1.73407305363905,0,CERRADO,GR 3 - CENTRO-OESTE,-, ,,,,18076.9833984375,777.327214870443, 
358641,0000.00.0168,PARNA do Araguaia,196.221844925329,queima prescrita,manejo,planet,Queima do dia 13/07. Operação conjunta entre ICMBio e IBAMA,194,7/16/2025 12:00:00 AM,2025,jul,07,manejo,interior,196.221844925329,0,CERRADO,GR 3 - CENTRO-OESTE,-, ,,,,2046458.22119141,11575.4732452671, 
358642,0000.00.0168,PARNA do Araguaia,43.303587528782,queima prescrita,manejo,planet,Queima do dia 13/07. Operação conjunta entre ICMBio e IBAMA,194,7/16/2025 12:00:00 AM,2025,jul,07,manejo,interior,43.303587528782,0,CERRADO,GR 3 - CENTRO-OESTE,-, ,,,,451594.976074219,3321.41790191567, 
358643,0000.00.0168,PARNA do Araguaia,33.8229796766019,queima prescrita,manejo,planet,Queima do dia 10/07. Operação conjunta entre ICMBio e IBAMA,191,7/16/2025 12:00:00 AM,2025,jul,07,manejo,interior,33.8229796766019,0,CERRADO,GR 3 - CENTRO-OESTE,-, ,,,,352553.687988281,7659.43797991105, 
358644,0000.00.0168,PARNA do Araguaia,16.7449058622797,queima prescrita,manejo,planet,Queima do dia 13/07. Operação conjunta entre ICMBio e IBAMA,194,7/16/2025 12:00:00 AM,2025,jul,07,manejo,interior,16.7449058622797,0,CERRADO,GR 3 - CENTRO-OESTE,-, ,,,,174653.889160156,4131.14168774982, 
358645,0000.00.0168,PARNA do Araguaia,19.2836956264059,queima prescrita,manejo,planet,Queima do dia 15/07. Operação conjunta entre ICMBio e IBAMA,196,7/16/2025 12:00:00 AM,2025,jul,07,manejo,interior,19.2836956264059,0,CERRADO,GR 3 - CENTRO-OESTE,-, ,,,,201187.936035156,2241.84357296895, 
358646,0000.00.0168,PARNA do Araguaia,24.9176484607387,queima prescrita,manejo,planet,Queima do dia 10/07. Operação conjunta entre ICMBio e IBAMA,191,7/16/2025 12:00:00 AM,2025,jul,07,manejo,interior,24.9176484607387,0,CERRADO,GR 3 - CENTRO-OESTE,-, ,,,,259736.071777344,4180.67179691012, 
358647,0000.00.0168,PARNA do Araguaia,44.4560672040217,queima prescrita,manejo,planet,Queima do dia 13/07. Operação conjunta entre ICMBio e IBAMA,194,7/16/2025 12:00:00 AM,2025,jul,07,manejo,interior,44.4560672040217,0,CERRADO,GR 3 - CENTRO-OESTE,-, ,,,,464014.489257813,3875.25358067403, 
358648,0000.00.0168,PARNA do Araguaia,0.56034575963838,queima prescrita,manejo,planet,Queima do dia 10/07. Operação conjunta entre ICMBio e IBAMA,191,7/16/2025 12:00:00 AM,2025,jul,07,manejo,interior,0.56034575963838,0,CERRADO,GR 3 - CENTRO-OESTE,-, ,,,,5841.052734375,368.44272918721, 
358649,0000.00.0168,PARNA do Araguaia,77.300507610191,queima prescrita,manejo,planet,Queima do dia 10/07. Operação conjunta entre ICMBio e IBAMA,191,7/16/2025 12:00:00 AM,2025,jul,07,manejo,interior,77.300507610191,0,CERRADO,GR 3 - CENTRO-OESTE,-, ,,,,805799.697753906,10835.5579505515, 
358650,0000.00.0168,PARNA do Araguaia,3362.16294479527,queima prescrita,manejo,planet,Queima do dia 14/07. Operação conjunta entre ICMBio e IBAMA,195,7/16/2025 12:00:00 AM,2025,jul,07,manejo,interior,3362.16294479527,0,CERRADO,GR 3 - CENTRO-OESTE,-, ,,,,35126011.4179688,66887.1761402134, 
358651,0000.00.0168,PARNA do Araguaia,40.450812292963,queima prescrita,manejo,planet,Queima do dia 14/07. Operação conjunta entre ICMBio e IBAMA,195,7/16/2025 12:00:00 AM,2025,jul,07,manejo,interior,40.450812292963,0,CERRADO,GR 3 - CENTRO-OESTE,-, ,,,,422716.892578125,3810.57482258184, 
358652,0000.00.0168,PARNA do Araguaia,128.932326105834,queima prescrita,manejo,planet,Queima do dia 15/07. Operação conjunta entre ICMBio e IBAMA,196,7/16/2025 12:00:00 AM,2025,jul,07,manejo,interior,128.932326105834,0,CERRADO,GR 3 - CENTRO-OESTE,-, ,,,,1345389.39208984,7055.45241710279, 
358653,0000.00.0168,PARNA do Araguaia,227.508706808269,queima prescrita,manejo,planet,Queima do dia 15/07. Operação conjunta entre ICMBio e IBAMA,196,7/16/2025 12:00:00 AM,2025,jul,07,manejo,interior,227.508706808269,0,CERRADO,GR 3 - CENTRO-OESTE,-, ,,,,2373956.35400391,14622.1967261365, 
358654,0000.00.0168,PARNA do Araguaia,25.6668000601843,queima prescrita,manejo,planet,Queima do dia 15/07. Operação conjunta entre ICMBio e IBAMA,196,7/16/2025 12:00:00 AM,2025,jul,07,manejo,interior,25.6668000601843,0,CERRADO,GR 3 - CENTRO-OESTE,-, ,,,,267791.409667969,5041.51886980806, 
358655,0000.00.0168,PARNA do Araguaia,18.2322392634725,queima prescrita,manejo,planet,Queima do dia 11/07. Operação conjunta entre ICMBio e IBAMA,192,7/17/2025 12:00:00 AM,2025,jul,07,manejo,interior,18.2322392634725,0,CERRADO,GR 3 - CENTRO-OESTE,-, ,,,,190185.686035156,3704.02090484598, 
358656,0000.00.0168,PARNA do Araguaia,11.4891747771878,queima prescrita,manejo,planet,Queima do dia 11/07. Operação conjunta entre ICMBio e IBAMA,192,7/17/2025 12:00:00 AM,2025,jul,07,manejo,interior,11.4891747771878,0,CERRADO,GR 3 - CENTRO-OESTE,-, ,,,,119851.951660156,1943.95144066965, 
358657,0000.00.0168,PARNA do Araguaia,153.316540868584,queima prescrita,manejo,planet,Queima do dia 16/07. Operação conjunta entre ICMBio e IBAMA,197,7/17/2025 12:00:00 AM,2025,jul,07,manejo,interior,153.316540868584,0,CERRADO,GR 3 - CENTRO-OESTE,-, ,,,,1602764.31933594,8329.34390388735, 
358658,0000.00.0168,PARNA do Araguaia,104.665883024222,queima prescrita,manejo,planet,Queima do dia 16/07. Operação conjunta entre ICMBio e IBAMA,197,6/26/2025 12:00:00 AM,2025,jun,06,manejo,interior,104.665883024222,0,CERRADO,GR 3 - CENTRO-OESTE,-, ,,,,1093831.93017578,5386.225078014, 
358659,0000.00.0168,PARNA do Araguaia,7.48747164511054,queima prescrita,manejo,planet,Queima do dia 16/07. Operação conjunta entre ICMBio e IBAMA,197,7/20/2025 12:00:00 AM,2025,jul,07,manejo,interior,7.48747164511054,0,CERRADO,GR 3 - CENTRO-OESTE,-, ,,,,78171.58203125,1836.73595378573, 
358660,0000.00.0168,PARNA do Araguaia,3.66043849162541,queima prescrita,manejo,planet,Queima do dia 16/07. Operação conjunta entre ICMBio e IBAMA,197,7/20/2025 12:00:00 AM,2025,jul,07,manejo,interior,3.66043849162541,0,CERRADO,GR 3 - CENTRO-OESTE,-, ,,,,38219.83984375,985.742012555898, 
358661,0000.00.0168,PARNA do Araguaia,0.600669238256415,queima prescrita,manejo,planet,Queima do dia 16/07. Operação conjunta entre ICMBio e IBAMA,197,7/20/2025 12:00:00 AM,2025,jul,07,manejo,interior,0.600669238256415,0,CERRADO,GR 3 - CENTRO-OESTE,-, ,,,,6271.7900390625,352.279375091444, 
358662,0000.00.0168,PARNA do Araguaia,0.917744181541111,queima prescrita,manejo,planet,Queima do dia 16/07. Operação conjunta entre ICMBio e IBAMA,197,7/20/2025 12:00:00 AM,2025,jul,07,manejo,interior,0.917744181541111,0,CERRADO,GR 3 - CENTRO-OESTE,-, ,,,,9582.41552734375,517.18936481615, 
358663,0000.00.0168,PARNA do Araguaia,8.16780734253944,queima prescrita,manejo,planet,Queima do dia 16/07. Operação conjunta entre ICMBio e IBAMA,197,7/20/2025 12:00:00 AM,2025,jul,07,manejo,interior,8.16780734253944,0,CERRADO,GR 3 - CENTRO-OESTE,-, ,,,,85280.0278320313,2463.62003083244, 
358664,0000.00.0168,PARNA do Araguaia,5.3968970411204,queima prescrita,manejo,planet,Queima do dia 16/07. Operação conjunta entre ICMBio e IBAMA,197,7/20/2025 12:00:00 AM,2025,jul,07,manejo,interior,5.3968970411204,0,CERRADO,GR 3 - CENTRO-OESTE,-, ,,,,56348.4375,1553.6259819338, 
358665,0000.00.0168,PARNA do Araguaia,28.4165084057762,queima prescrita,manejo,planet,Queima do dia 16/07. Operação conjunta entre ICMBio e IBAMA,197,7/20/2025 12:00:00 AM,2025,jul,07,manejo,interior,28.4165084057762,0,CERRADO,GR 3 - CENTRO-OESTE,-, ,,,,296706.592285156,2455.83082180653, 
358666,0000.00.0168,PARNA do Araguaia,13.3477331265489,queima prescrita,manejo,planet,Queima do dia 16/07. Operação conjunta entre ICMBio e IBAMA,197,6/26/2025 12:00:00 AM,2025,jun,06,manejo,interior,13.3477331265489,0,CERRADO,GR 3 - CENTRO-OESTE,-, ,,,,139492.856933594,2205.10300857873, 
358667,0000.00.0168,PARNA do Araguaia,177.799825516307,queima prescrita,manejo,planet,Queima do dia 16/07. Operação conjunta entre ICMBio e IBAMA,197,7/17/2025 12:00:00 AM,2025,jul,07,manejo,interior,177.799825516307,0,CERRADO,GR 3 - CENTRO-OESTE,-, ,,,,1856702.80517578,16367.6968153998, 
358668,0000.00.0168,PARNA do Araguaia,3.48480759859842,queima prescrita,manejo,planet,Queima do dia 16/07. Operação conjunta entre ICMBio e IBAMA,197,7/20/2025 12:00:00 AM,2025,jul,07,manejo,interior,3.48480759859842,0,CERRADO,GR 3 - CENTRO-OESTE,-, ,,,,36383.2529296875,1468.81595111517, 
358669,0000.00.0168,PARNA do Araguaia,14.4544228391427,queima prescrita,manejo,planet,Queima do dia 16/07. Operação conjunta entre ICMBio e IBAMA,197,6/26/2025 12:00:00 AM,2025,jun,06,manejo,interior,14.4544228391427,0,CERRADO,GR 3 - CENTRO-OESTE,-, ,,,,151070.127441406,2408.43378138539, 
358670,0000.00.0168,PARNA do Araguaia,3.40296123423342,queima prescrita,manejo,planet,Queima do dia 16/07. Operação conjunta entre ICMBio e IBAMA,197,6/26/2025 12:00:00 AM,2025,jun,06,manejo,interior,3.40296123423342,0,CERRADO,GR 3 - CENTRO-OESTE,-, ,,,,35564.4663085938,860.658844241171, 
358671,0000.00.0168,PARNA do Araguaia,8.68351562015689,queima prescrita,manejo,planet,Queima do dia 16/07. Operação conjunta entre ICMBio e IBAMA,197,6/29/2025 12:00:00 AM,2025,jun,06,manejo,interior,8.68351562015689,0,CERRADO,GR 3 - CENTRO-OESTE,-, ,,,,90742.0249023438,2156.83722674684, 
358672,0000.00.0168,PARNA do Araguaia,55.9309169080073,queima prescrita,manejo,planet,Queima do dia 18/07. Operação conjunta entre ICMBio e IBAMA,199,7/17/2025 12:00:00 AM,2025,jul,07,manejo,interior,55.9309169080073,0,CERRADO,GR 3 - CENTRO-OESTE,-, ,,,,583105.541992188,5362.22055069314, 
358673,0000.00.0168,PARNA do Araguaia,40.7939928178154,queima prescrita,manejo,planet,Queima do dia 18/07. Operação conjunta entre ICMBio e IBAMA,199,7/17/2025 12:00:00 AM,2025,jul,07,manejo,interior,40.7939928178154,0,CERRADO,GR 3 - CENTRO-OESTE,-, ,,,,425339.381835938,5401.01603580532, 
358674,0000.00.0168,PARNA do Araguaia,17.1549865555518,queima prescrita,manejo,planet,Queima do dia 18/07. Operação conjunta entre ICMBio e IBAMA,199,7/17/2025 12:00:00 AM,2025,jul,07,manejo,interior,17.1549865555518,0,CERRADO,GR 3 - CENTRO-OESTE,-, ,,,,178889.99609375,2796.7851281977, 
358675,0000.00.0168,PARNA do Araguaia,205.320378038166,queima prescrita,manejo,planet,Queima do dia 17/07. Operação conjunta entre ICMBio e IBAMA,198,7/20/2025 12:00:00 AM,2025,jul,07,manejo,interior,205.320378038166,0,CERRADO,GR 3 - CENTRO-OESTE,-, ,,,,2143083.71679688,11618.207377222, 
358676,0000.00.0168,PARNA do Araguaia,298.688040371024,queima prescrita,manejo,planet,Queima do dia 17/07. Operação conjunta entre ICMBio e IBAMA,198,7/20/2025 12:00:00 AM,2025,jul,07,manejo,interior,298.688040371024,0,CERRADO,GR 3 - CENTRO-OESTE,-, ,,,,3117728.08544922,19792.3678417075, 
358677,0000.00.0168,PARNA do Araguaia,20.9722916126874,queima prescrita,manejo,planet,Queima do dia 17/07. Operação conjunta entre ICMBio e IBAMA,198,7/20/2025 12:00:00 AM,2025,jul,07,manejo,interior,20.9722916126874,0,CERRADO,GR 3 - CENTRO-OESTE,-, ,,,,218931.933105469,3002.12969021556, 
358678,0000.00.0168,PARNA do Araguaia,0.938396132542597,queima prescrita,manejo,planet,Queima do dia 18/07. Operação conjunta entre ICMBio e IBAMA,199,7/17/2025 12:00:00 AM,2025,jul,07,manejo,interior,0.938396132542597,0,CERRADO,GR 3 - CENTRO-OESTE,-, ,,,,9784.85107421875,412.203085504587, 
358679,0000.00.0168,PARNA do Araguaia,2.62399318188902,queima prescrita,manejo,planet,Queima do dia 18/07. Operação conjunta entre ICMBio e IBAMA,199,7/20/2025 12:00:00 AM,2025,jul,07,manejo,interior,2.62399318188902,0,CERRADO,GR 3 - CENTRO-OESTE,-, ,,,,27369.5786132813,762.633769883172, 
358680,0000.00.0168,PARNA do Araguaia,11.1775395481425,queima prescrita,manejo,planet,Queima do dia 18/07. Operação conjunta entre ICMBio e IBAMA,199,7/17/2025 12:00:00 AM,2025,jul,07,manejo,interior,11.1775395481425,0,CERRADO,GR 3 - CENTRO-OESTE,-, ,,,,116563.149902344,1821.05099502913, 
358681,0000.00.0168,PARNA do Araguaia,94.6630813169363,queima prescrita,manejo,planet,Queima do dia 18/07. Operação conjunta entre ICMBio e IBAMA,199,7/20/2025 12:00:00 AM,2025,jul,07,manejo,interior,94.6630813169363,0,CERRADO,GR 3 - CENTRO-OESTE,-, ,,,,987452.431640625,5199.160656256, 
358682,0000.00.0168,PARNA do Araguaia,82.5127569670027,queima prescrita,manejo,planet,Queima do dia 18/07. Operação conjunta entre ICMBio e IBAMA,199,7/20/2025 12:00:00 AM,2025,jul,07,manejo,interior,82.5127569670027,0,CERRADO,GR 3 - CENTRO-OESTE,-, ,,,,860669.245605469,8056.9980169962, 
358683,0000.00.0168,PARNA do Araguaia,12.3900596088104,queima prescrita,manejo,planet,Queima do dia 18/07. Operação conjunta entre ICMBio e IBAMA,199,7/20/2025 12:00:00 AM,2025,jul,07,manejo,interior,12.3900596088104,0,CERRADO,GR 3 - CENTRO-OESTE,-, ,,,,129230.00390625,2327.33388714549, 
358684,0000.00.0168,PARNA do Araguaia,347.155043239899,queima prescrita,manejo,planet,Queima do dia 18/07. Operação conjunta entre ICMBio e IBAMA,199,7/20/2025 12:00:00 AM,2025,jul,07,manejo,interior,347.155043239899,0,CERRADO,GR 3 - CENTRO-OESTE,-, ,,,,3621267.69091797,24292.9757421567, 
358685,0000.00.0168,PARNA do Araguaia,8.91010888617822,queima prescrita,manejo,planet,Queima do dia 18/07. Operação conjunta entre ICMBio e IBAMA,199,7/20/2025 12:00:00 AM,2025,jul,07,manejo,interior,8.91010888617822,0,CERRADO,GR 3 - CENTRO-OESTE,-, ,,,,92928.3813476563,1876.19053266047, 
358686,0000.00.0168,PARNA do Araguaia,15.4357035915663,queima prescrita,manejo,planet,Queima do dia 18/07. Operação conjunta entre ICMBio e IBAMA,199,7/20/2025 12:00:00 AM,2025,jul,07,manejo,interior,15.4357035915663,0,CERRADO,GR 3 - CENTRO-OESTE,-, ,,,,160999.537597656,2094.42580550962, 
358687,0000.00.0168,PARNA do Araguaia,13.2846242963269,queima prescrita,manejo,planet,Queima do dia 18/07. Operação conjunta entre ICMBio e IBAMA,199,7/20/2025 12:00:00 AM,2025,jul,07,manejo,interior,13.2846242963269,0,CERRADO,GR 3 - CENTRO-OESTE,-, ,,,,138535.165527344,2399.13662752362, 
358688,0000.00.0168,PARNA do Araguaia,46.2531453417266,queima prescrita,manejo,planet,Queima do dia 18/07. Operação conjunta entre ICMBio e IBAMA,199,7/20/2025 12:00:00 AM,2025,jul,07,manejo,interior,46.2531453417266,0,CERRADO,GR 3 - CENTRO-OESTE,-, ,,,,482458.645019531,4994.5935094726, 
358689,0000.00.0168,PARNA do Araguaia,61.1181187024103,queima prescrita,manejo,planet,Queima do dia 19/07. Operação conjunta entre ICMBio e IBAMA,200,7/20/2025 12:00:00 AM,2025,jul,07,manejo,interior,61.1181187024103,0,CERRADO,GR 3 - CENTRO-OESTE,-, ,,,,638587.787597656,3847.43712790168, 
358690,0000.00.0168,PARNA do Araguaia,9.55631592186289,queima prescrita,manejo,planet,Queima do dia 19/07. Operação conjunta entre ICMBio e IBAMA,200,7/20/2025 12:00:00 AM,2025,jul,07,manejo,interior,9.55631592186289,0,CERRADO,GR 3 - CENTRO-OESTE,-, ,,,,99861.13671875,1806.99496348918, 
358691,0000.00.0168,PARNA do Araguaia,95.3896018706597,queima prescrita,manejo,planet,Queima do dia 18/07. Operação conjunta entre ICMBio e IBAMA,199,7/20/2025 12:00:00 AM,2025,jul,07,manejo,interior,95.3896018706597,0,CERRADO,GR 3 - CENTRO-OESTE,-, ,,,,994903.154785156,7600.98381627208, 
358692,0000.00.0168,PARNA do Araguaia,158.199134944141,queima prescrita,manejo,planet,Queima do dia 19/07. Operação conjunta entre ICMBio e IBAMA,200,7/20/2025 12:00:00 AM,2025,jul,07,manejo,interior,158.199134944141,0,CERRADO,GR 3 - CENTRO-OESTE,-, ,,,,1652785.95849609,7213.11519915738, 
358693,0000.00.0168,PARNA do Araguaia,17.5076848250896,queima prescrita,manejo,planet,Queima do dia 19/07. Operação conjunta entre ICMBio e IBAMA,200,7/20/2025 12:00:00 AM,2025,jul,07,manejo,interior,17.5076848250896,0,CERRADO,GR 3 - CENTRO-OESTE,-, ,,,,182953.235839844,2312.3219418986, 
358694,0000.00.0168,PARNA do Araguaia,24.5469147683891,queima prescrita,manejo,planet,Queima do dia 19/07. Operação conjunta entre ICMBio e IBAMA,200,7/20/2025 12:00:00 AM,2025,jul,07,manejo,interior,24.5469147683891,0,CERRADO,GR 3 - CENTRO-OESTE,-, ,,,,256528.839355469,3197.69335863934, 
358695,0000.00.0168,PARNA do Araguaia,34.4052121505756,queima prescrita,manejo,planet,Queima do dia 19/07. Operação conjunta entre ICMBio e IBAMA,200,7/20/2025 12:00:00 AM,2025,jul,07,manejo,interior,34.4052121505756,0,CERRADO,GR 3 - CENTRO-OESTE,-, ,,,,359562.403320313,3603.38550897333, 
358696,0000.00.0168,PARNA do Araguaia,5.52314674425185,queima prescrita,manejo,planet,Queima do dia 19/07. Operação conjunta entre ICMBio e IBAMA,200,7/20/2025 12:00:00 AM,2025,jul,07,manejo,interior,5.52314674425185,0,CERRADO,GR 3 - CENTRO-OESTE,-, ,,,,57721.3916015625,1153.52768025738, 
358697,0000.00.0168,PARNA do Araguaia,25.2490331637597,queima prescrita,manejo,planet,Queima do dia 15/07,196,7/17/2025 12:00:00 AM,2025,jul,07,manejo,interior,25.2490331637597,0,CERRADO,GR 3 - CENTRO-OESTE,-, ,,,,263885.598632813,2604.81175690815, 
358698,0000.00.0168,PARNA do Araguaia,183.810714304481,incendio,incendio,planet, ,299,10/29/2025 12:00:00 AM,2025,out,10,incendio,interior,183.810714304481,0,CERRADO,GR 3 - CENTRO-OESTE,-, ,,,,1916599.41650391,11255.9681461193, 
358699,0000.00.0168,PARNA do Araguaia,123.184255825888,incendio,incendio,planet, ,293,10/26/2025 12:00:00 AM,2025,out,10,incendio,interior,123.184255825888,0,CERRADO,GR 3 - CENTRO-OESTE,-, ,,,,1279606.67919922,6694.61800195004, 
358700,0000.00.0011,APA da Serra da Mantiqueira,16.0801897103398,incendio,incendio,planet, ,361,12/28/2025 12:00:00 AM,2025,dez,12,incendio,interior,16.0801897103398,0,MATA ATLÂNTICA,GR 4 - SUDESTE,Núcleo de Gestão Integrada - ICMBio Mantiqueira, ,,,,188850.173828125,3123.7326525683, 
358701,0000.00.0168,PARNA do Araguaia,203.199479101133,queima prescrita,manejo,planet,Queima do dia 19/07. Operação conjunta entre ICMBio e IBAMA,200,7/20/2025 12:00:00 AM,2025,jul,07,manejo,interior,203.199479101133,0,CERRADO,GR 3 - CENTRO-OESTE,-, ,,,,2120399.32763672,8069.62394036152, 
358702,0000.00.0168,PARNA do Araguaia,207.025091359387,queima prescrita,manejo,planet,Queima do dia 19/07. Operação conjunta entre ICMBio e IBAMA,200,7/20/2025 12:00:00 AM,2025,jul,07,manejo,interior,207.025091359387,0,CERRADO,GR 3 - CENTRO-OESTE,-, ,,,,2160644.47509766,11803.4962640156, 
358703,0000.00.0168,PARNA do Araguaia,8.7606693279663,queima prescrita,manejo,planet,Queima do dia 14/07,195,7/17/2025 12:00:00 AM,2025,jul,07,manejo,interior,8.7606693279663,0,CERRADO,GR 3 - CENTRO-OESTE,-, ,,,,91551.63671875,1630.5400923021, 
358704,0000.00.0168,PARNA do Araguaia,9.0616931616422,queima prescrita,manejo,planet,Queima do dia 14/07,195,7/17/2025 12:00:00 AM,2025,jul,07,manejo,interior,9.0616931616422,0,CERRADO,GR 3 - CENTRO-OESTE,-, ,,,,94683.5,1454.44746184489, 
358705,0000.00.0168,PARNA do Araguaia,11.834184847957,queima prescrita,manejo,planet,Queima do dia 14/07,195,7/17/2025 12:00:00 AM,2025,jul,07,manejo,interior,11.834184847957,0,CERRADO,GR 3 - CENTRO-OESTE,-, ,,,,123664.007324219,1883.67681050674, 
358706,0000.00.0168,PARNA do Araguaia,292.340000036409,queima prescrita,manejo,planet,Queima do dia 19/07. Operação conjunta entre ICMBio e IBAMA,200,7/20/2025 12:00:00 AM,2025,jul,07,manejo,interior,292.340000036409,0,CERRADO,GR 3 - CENTRO-OESTE,-, ,,,,3050615.04003906,14402.2983650169, 
358707,0000.00.0086,FLONA de Brasília,16.9550889524486,incendio,incendio,planet, ,229,8/18/2025 12:00:00 AM,2025,ago,08,incendio,interior,16.9550889524486,0,CERRADO,GR 3 - CENTRO-OESTE,Núcleo de Gestão Integrada - ICMBio Descoberto-Brasília, ,,,,183908.76953125,3039.55757559022, 
358708,0000.00.0003,APA da Bacia do Rio Descoberto,1.93717385404017,incendio,incendio,planet, ,229,8/18/2025 12:00:00 AM,2025,ago,08,incendio,interior,1.93717385404017,0,CERRADO,GR 3 - CENTRO-OESTE,Núcleo de Gestão Integrada - ICMBio Descoberto-Brasília, ,,,,21012.3046875,1114.03825075736, 
358709,0000.00.0168,PARNA do Araguaia,114.641524020751,incendio,incendio,planet, ,293,10/26/2025 12:00:00 AM,2025,out,10,incendio,interior,114.641524020751,0,CERRADO,GR 3 - CENTRO-OESTE,-, ,,,,1190920.35693359,9357.01078152767, 
358710,0000.00.0144,PARNA da Serra da Canastra,350.441219991401,incendio,incendio,planet, ,197,7/21/2025 12:00:00 AM,2025,jul,07,incendio,interior,350.441219991401,0,CERRADO,GR 4 - SUDESTE,-, ,,,,4010631.05957031,10946.5371289493, 
358711,0000.00.0144,PARNA da Serra da Canastra,328.27879284174,incendio,incendio,planet, ,197,7/21/2025 12:00:00 AM,2025,jul,07,incendio,interior,328.27879284174,0,CERRADO,GR 4 - SUDESTE,-, ,,,,3753645.15527344,11680.2646808617, 
358712,0000.00.0144,PARNA da Serra da Canastra,132.199454888813,incendio,incendio,planet, ,196,7/19/2025 12:00:00 AM,2025,jul,07,incendio,interior,132.199454888813,0,CERRADO,GR 4 - SUDESTE,-, ,,,,1516174.57910156,7233.82166563319, 
358713,0000.00.0144,PARNA da Serra da Canastra,8.1365854954035,incendio,incendio,planet, ,197,7/21/2025 12:00:00 AM,2025,jul,07,incendio,interior,8.1365854954035,0,CERRADO,GR 4 - SUDESTE,-, ,,,,93050.2998046875,1575.38530400887, 
358714,0000.00.0144,PARNA da Serra da Canastra,8.16790592818575,incendio,incendio,planet, ,197,7/21/2025 12:00:00 AM,2025,jul,07,incendio,interior,8.16790592818575,0,CERRADO,GR 4 - SUDESTE,-, ,,,,93393.27734375,1195.47148686154, 
358715,0000.00.0144,PARNA da Serra da Canastra,74.0630192046028,incendio,incendio,planet, ,196,7/21/2025 12:00:00 AM,2025,jul,07,incendio,interior,74.0630192046028,0,CERRADO,GR 4 - SUDESTE,-, ,,,,847651.33984375,4442.21511050924, 
358716,0000.00.0168,PARNA do Araguaia,26.2263960787337,queima prescrita,manejo,planet,Queima do dia 14/07,195,7/17/2025 12:00:00 AM,2025,jul,07,manejo,interior,26.2263960787337,0,CERRADO,GR 3 - CENTRO-OESTE,-, ,,,,273745.151855469,2255.18089199967, 
358717,0000.00.0023,APA do Planalto Central,71.6381484409336,incendio,incendio,planet, ,202,7/22/2025 12:00:00 AM,2025,jul,07,incendio,interior,71.6381484409336,0,CERRADO,GR 3 - CENTRO-OESTE,-, ,,,,776268.750976563,7735.89311132295, 
358718,0000.00.0159,PARNA de Brasília,72.9677514986544,incendio,incendio,planet, ,202,7/22/2025 12:00:00 AM,2025,jul,07,incendio,interior,72.9677514986544,0,CERRADO,GR 3 - CENTRO-OESTE,Núcleo de Gestão Integrada - ICMBio Brasília-Contagem, ,,,,790653.8671875,5438.66560532699, 
358719,0000.00.0144,PARNA da Serra da Canastra,244.525094390329,incendio,manejo,planet, ,196,7/21/2025 12:00:00 AM,2025,jul,07,incendio,interior,244.525094390329,0,CERRADO,GR 4 - SUDESTE,-, ,,,,2797470.51757813,9362.58253456584, 
358720,0000.00.0144,PARNA da Serra da Canastra,121.452734800758,queima controlada,manejo,planet,Queima do dia 20/07,201,7/21/2025 12:00:00 AM,2025,jul,07,manejo,interior,121.452734800758,0,CERRADO,GR 4 - SUDESTE,-, ,,,,1388480.45703125,5457.80726852139, 
358721,0000.00.0144,PARNA da Serra da Canastra,151.177140187484,incendio,incendio,planet, ,196,7/21/2025 12:00:00 AM,2025,jul,07,incendio,interior,151.177140187484,0,CERRADO,GR 4 - SUDESTE,-, ,,,,1729038.12890625,10102.4108803592, 
358722,0000.00.0144,PARNA da Serra da Canastra,56.0514573268155,queima controlada,manejo,planet,Queima do dia 02/07,183,7/19/2025 12:00:00 AM,2025,jul,07,manejo,interior,56.0514573268155,0,CERRADO,GR 4 - SUDESTE,-, ,,,,641174.270507813,4878.21288425433, 
358723,0000.00.0144,PARNA da Serra da Canastra,9.23181945978729,queima controlada,manejo,planet,Queima do dia 03/07,184,7/19/2025 12:00:00 AM,2025,jul,07,manejo,interior,9.23181945978729,0,CERRADO,GR 4 - SUDESTE,-, ,,,,105925.430664063,1819.48284147848, 
358724,0000.00.0168,PARNA do Araguaia,787.217972345364,queima prescrita,manejo,planet,Queima do dia 20/07,201,7/21/2025 12:00:00 AM,2025,jul,07,manejo,interior,787.217972345364,0,CERRADO,GR 3 - CENTRO-OESTE,-, ,,,,8220061.66503906,27809.1121458766, 
358725,0000.00.0168,PARNA do Araguaia,66.3592838628439,queima prescrita,manejo,planet,Queima do dia 16/07,197,7/21/2025 12:00:00 AM,2025,jul,07,manejo,interior,66.3592838628439,0,CERRADO,GR 3 - CENTRO-OESTE,-, ,,,,692597.647460938,6793.70801176826, 
358726,0000.00.0168,PARNA do Araguaia,126.402623269693,queima prescrita,manejo,planet,Queima do dia 20/07,201,7/21/2025 12:00:00 AM,2025,jul,07,manejo,interior,126.402623269693,0,CERRADO,GR 3 - CENTRO-OESTE,-, ,,,,1318914.08447266,7788.39704631853, 
358727,0000.00.0023,APA do Planalto Central,7.11448241206593,queima prescrita,manejo,planet,Queima do dia 16/07,197,7/22/2025 12:00:00 AM,2025,jul,07,manejo,interior,7.11448241206593,0,CERRADO,GR 3 - CENTRO-OESTE,-, ,,,,77148.16015625,2568.85070819487, 
358728,0000.00.0159,PARNA de Brasília,1.2284498518155,queima prescrita,manejo,planet,Queima do dia 16/07,197,7/22/2025 12:00:00 AM,2025,jul,07,manejo,interior,1.2284498518155,0,CERRADO,GR 3 - CENTRO-OESTE,Núcleo de Gestão Integrada - ICMBio Brasília-Contagem, ,,,,13321.48046875,1154.6067094837, 
358729,0000.00.0168,PARNA do Araguaia,117.620235534307,queima prescrita,manejo,planet,Queima do dia 17/07,198,7/21/2025 12:00:00 AM,2025,jul,07,manejo,interior,117.620235534307,0,CERRADO,GR 3 - CENTRO-OESTE,-, ,,,,1227134.07373047,9446.16765783394, 
358730,0000.00.0159,PARNA de Brasília,17.7101617204316,queima prescrita,manejo,planet,Queima do dia 09/04,100,5/4/2025 12:00:00 AM,2025,mai,05,manejo,interior,17.7101617204316,0,CERRADO,GR 3 - CENTRO-OESTE,Núcleo de Gestão Integrada - ICMBio Brasília-Contagem, ,,,,191989.345703125,1913.53720576744, 
358731,0000.00.0116,FLONA do Bom Futuro,10.1858786209369,incendio,incendio,planet, ,195,7/22/2025 12:00:00 AM,2025,jul,07,incendio,interior,10.1858786209369,0,AMAZÔNIA,GR 1 - NORTE,Núcleo de Gestão Integrada - ICMBio Porto Velho,CR Porto V,,,,105361.866699219,1785.99119834038,CT Porto Velho
358732,0000.00.0116,FLONA do Bom Futuro,2.13933649326215,incendio,incendio,planet, ,195,7/22/2025 12:00:00 AM,2025,jul,07,incendio,interior,2.13933649326215,0,AMAZÔNIA,GR 1 - NORTE,Núcleo de Gestão Integrada - ICMBio Porto Velho,CR Porto V,,,,22129.3505859375,678.441777622656,CT Porto Velho
358733,0000.00.0159,PARNA de Brasília,2.81980540912256,queima prescrita,manejo,planet,Queima do dia 16/07,197,7/22/2025 12:00:00 AM,2025,jul,07,manejo,interior,2.81980540912256,0,CERRADO,GR 3 - CENTRO-OESTE,Núcleo de Gestão Integrada - ICMBio Brasília-Contagem, ,,,,30579.802734375,1351.19603829715, 
358734,0000.00.0106,FLONA de Roraima,44.8598367179404,queima controlada,manejo,planet,Queima do dia 18/11,322,11/27/2025 12:00:00 AM,2025,nov,11,manejo,interior,44.8598367179404,0,AMAZÔNIA,GR 1 - NORTE,Núcleo de Gestão Integrada - ICMBio Roraima,CR Manaus,,,,452519.910888672,5596.17169264929,CT Manaus
358735,0000.00.0168,PARNA do Araguaia,22.3337432181612,queima prescrita,manejo,planet,Queima do dia 19/07. Operação conjunta entre ICMBio e IBAMA,200,7/21/2025 12:00:00 AM,2025,jul,07,manejo,interior,22.3337432181612,0,CERRADO,GR 3 - CENTRO-OESTE,-, ,,,,233038.047363281,2450.314926694, 
358736,0000.00.0168,PARNA do Araguaia,469.514820199542,queima prescrita,manejo,planet,Queima do dia 20/07,201,7/21/2025 12:00:00 AM,2025,jul,07,manejo,interior,469.514820199542,0,CERRADO,GR 3 - CENTRO-OESTE,-, ,,,,4886837.10253906,27745.9515199665, 
358737,0000.00.0086,FLONA de Brasília,5.64478772534143,incendio,incendio,planet, ,229,8/18/2025 12:00:00 AM,2025,ago,08,incendio,interior,5.64478772534143,0,CERRADO,GR 3 - CENTRO-OESTE,Núcleo de Gestão Integrada - ICMBio Descoberto-Brasília, ,,,,61227.7578125,2124.31034331242, 
358738,0000.00.0011,APA da Serra da Mantiqueira,10.7303323405401,incendio,incendio,planet, ,359,12/31/2025 12:00:00 AM,2025,dez,12,incendio,interior,10.7303323405401,0,MATA ATLÂNTICA,GR 4 - SUDESTE,Núcleo de Gestão Integrada - ICMBio Mantiqueira, ,,,,126814.58203125,2405.21593040669, 
358739,0000.00.0116,FLONA do Bom Futuro,17.026051677136,incendio,incendio,planet, ,198,7/22/2025 12:00:00 AM,2025,jul,07,incendio,interior,17.026051677136,0,AMAZÔNIA,GR 1 - NORTE,Núcleo de Gestão Integrada - ICMBio Porto Velho,CR Porto V,,,,176102.763183594,1741.89851422495,CT Porto Velho
358740,0000.00.0116,FLONA do Bom Futuro,82.9592685949984,incendio,incendio,planet, ,198,7/22/2025 12:00:00 AM,2025,jul,07,incendio,interior,82.9592685949984,0,AMAZÔNIA,GR 1 - NORTE,Núcleo de Gestão Integrada - ICMBio Porto Velho,CR Porto V,,,,858075.653320313,4722.87312326839,CT Porto Velho
358741,0000.00.0086,FLONA de Brasília,1.52282152468805,incendio,incendio,planet, ,229,8/18/2025 12:00:00 AM,2025,ago,08,incendio,interior,1.52282152468805,0,CERRADO,GR 3 - CENTRO-OESTE,Núcleo de Gestão Integrada - ICMBio Descoberto-Brasília, ,,,,16517.7822265625,544.031603583025, 
358742,0000.00.0116,FLONA do Bom Futuro,75.1405994810283,incendio,incendio,planet, ,198,7/22/2025 12:00:00 AM,2025,jul,07,incendio,interior,75.1405994810283,0,AMAZÔNIA,GR 1 - NORTE,Núcleo de Gestão Integrada - ICMBio Porto Velho,CR Porto V,,,,777284.825683594,5097.78624812043,CT Porto Velho
358743,0000.00.0116,FLONA do Bom Futuro,9.10395957565102,incendio,incendio,planet, ,198,7/22/2025 12:00:00 AM,2025,jul,07,incendio,interior,9.10395957565102,0,AMAZÔNIA,GR 1 - NORTE,Núcleo de Gestão Integrada - ICMBio Porto Velho,CR Porto V,,,,94176.1450195313,1904.43023552235,CT Porto Velho
358744,0000.00.0116,FLONA do Bom Futuro,30.9923943948692,incendio,incendio,planet, ,198,7/22/2025 12:00:00 AM,2025,jul,07,incendio,interior,30.9923943948692,0,AMAZÔNIA,GR 1 - NORTE,Núcleo de Gestão Integrada - ICMBio Porto Velho,CR Porto V,,,,320594.807128906,2713.78286320348,CT Porto Velho
358745,0000.00.0116,FLONA do Bom Futuro,7.42058596824454,incendio,incendio,planet, ,198,7/22/2025 12:00:00 AM,2025,jul,07,incendio,interior,7.42058596824454,0,AMAZÔNIA,GR 1 - NORTE,Núcleo de Gestão Integrada - ICMBio Porto Velho,CR Porto V,,,,76761.3837890625,1491.67466256938,CT Porto Velho
358746,0000.00.0116,FLONA do Bom Futuro,162.267183229302,incendio,incendio,planet, ,198,7/22/2025 12:00:00 AM,2025,jul,07,incendio,interior,162.267183229302,0,AMAZÔNIA,GR 1 - NORTE,Núcleo de Gestão Integrada - ICMBio Porto Velho,CR Porto V,,,,1678652.62890625,6839.44185977799,CT Porto Velho
358747,0000.00.0168,PARNA do Araguaia,194.127631499627,queima prescrita,manejo,planet,Queima do dia 12/07,193,7/13/2025 12:00:00 AM,2025,jul,07,manejo,interior,194.127631499627,0,CERRADO,GR 3 - CENTRO-OESTE,-, ,,,,2021620.26220703,8504.46039117368, 
358748,0000.00.0168,PARNA do Araguaia,5.8844497028323,queima prescrita,manejo,planet,Queima do dia 06/07,187,7/13/2025 12:00:00 AM,2025,jul,07,manejo,interior,5.8844497028323,0,CERRADO,GR 3 - CENTRO-OESTE,-, ,,,,61278.6376953125,1387.4313902152, 
358749,0000.00.0168,PARNA do Araguaia,20.1295548279023,queima prescrita,manejo,planet,Queima do dia 19/07. Operação conjunta entre ICMBio e IBAMA,200,7/21/2025 12:00:00 AM,2025,jul,07,manejo,interior,20.1295548279023,0,CERRADO,GR 3 - CENTRO-OESTE,-, ,,,,210404.463378906,2341.3177603009, 
358750,0000.00.0168,PARNA do Araguaia,8.11297810109334,queima prescrita,manejo,planet,Queima do dia 19/07. Operação conjunta entre ICMBio e IBAMA,200,7/21/2025 12:00:00 AM,2025,jul,07,manejo,interior,8.11297810109334,0,CERRADO,GR 3 - CENTRO-OESTE,-, ,,,,84683.3540039063,1409.2913769713, 
358751,0000.00.0168,PARNA do Araguaia,19.3887136709459,queima prescrita,manejo,planet,Queima do dia 19/07. Operação conjunta entre ICMBio e IBAMA,200,7/21/2025 12:00:00 AM,2025,jul,07,manejo,interior,19.3887136709459,0,CERRADO,GR 3 - CENTRO-OESTE,-, ,,,,202332.027832031,2426.83753318907, 
358752,0000.00.0168,PARNA do Araguaia,47.7089786413175,queima prescrita,manejo,planet,Queima do dia 19/07. Operação conjunta entre ICMBio e IBAMA,200,7/21/2025 12:00:00 AM,2025,jul,07,manejo,interior,47.7089786413175,0,CERRADO,GR 3 - CENTRO-OESTE,-, ,,,,497818.283203125,4054.31654236572, 
358753,0000.00.0168,PARNA do Araguaia,8.3428674397262,queima prescrita,manejo,planet,Queima do dia 20/07,201,7/21/2025 12:00:00 AM,2025,jul,07,manejo,interior,8.3428674397262,0,CERRADO,GR 3 - CENTRO-OESTE,-, ,,,,86792.0341796875,2203.984825855, 
358754,0000.00.0168,PARNA do Araguaia,1.97829192542993,queima prescrita,manejo,planet,Queima do dia 20/07,201,7/21/2025 12:00:00 AM,2025,jul,07,manejo,interior,1.97829192542993,0,CERRADO,GR 3 - CENTRO-OESTE,-, ,,,,20580.2954101563,698.36974502631, 
358755,0000.00.0168,PARNA do Araguaia,341.769042968924,queima prescrita,manejo,planet,Queima do dia 20/07,201,7/21/2025 12:00:00 AM,2025,jul,07,manejo,interior,341.769042968924,0,CERRADO,GR 3 - CENTRO-OESTE,-, ,,,,3555001.76464844,19361.6594695585, 
358756,0000.00.0168,PARNA do Araguaia,3.6676857588283,queima prescrita,manejo,planet,Queima do dia 18/07. Operação conjunta entre ICMBio e IBAMA,199,7/21/2025 12:00:00 AM,2025,jul,07,manejo,interior,3.6676857588283,0,CERRADO,GR 3 - CENTRO-OESTE,-, ,,,,38258.4580078125,850.695475519467, 
358757,0000.00.0168,PARNA do Araguaia,227.386166627927,queima prescrita,manejo,planet,Queima do dia 20/07,201,7/21/2025 12:00:00 AM,2025,jul,07,manejo,interior,227.386166627927,0,CERRADO,GR 3 - CENTRO-OESTE,-, ,,,,2365876.58007813,14642.0355624329, 
358758,0000.00.0168,PARNA do Araguaia,2.96852896399391,queima prescrita,manejo,planet,Queima do dia 18/07. Operação conjunta entre ICMBio e IBAMA,199,7/21/2025 12:00:00 AM,2025,jul,07,manejo,interior,2.96852896399391,0,CERRADO,GR 3 - CENTRO-OESTE,-, ,,,,30965.6044921875,688.911076906114, 
358759,0000.00.0168,PARNA do Araguaia,4.5250889388103,queima prescrita,manejo,planet,Queima do dia 18/07. Operação conjunta entre ICMBio e IBAMA,199,7/21/2025 12:00:00 AM,2025,jul,07,manejo,interior,4.5250889388103,0,CERRADO,GR 3 - CENTRO-OESTE,-, ,,,,47203.4350585938,1291.40631987665, 
358760,0000.00.0142,PARNA da Serra da Bocaina,3.0033599806881,incendio,incendio,planet, ,362,12/30/2025 12:00:00 AM,2025,dez,12,incendio,interior,3.0033599806881,0,MATA ATLÂNTICA,GR 4 - SUDESTE,Núcleo de Gestão Integrada - ICMBio Paraty, ,,,,35622.19921875,956.847574806918, 
358761,0000.00.0142,PARNA da Serra da Bocaina,3.72054184691509,incendio,incendio,planet, ,362,12/30/2025 12:00:00 AM,2025,dez,12,incendio,interior,3.72054184691509,0,MATA ATLÂNTICA,GR 4 - SUDESTE,Núcleo de Gestão Integrada - ICMBio Paraty, ,,,,44128.01953125,1402.89325990603, 
358762,0000.00.0216,REBIO Nascentes da Serra do Cachimbo,106.769550136231,queima prescrita,manejo,planet,Queima do dia 14/07,195,7/22/2025 12:00:00 AM,2025,jul,07,manejo,interior,106.769550136231,0,AMAZÔNIA,GR 1 - NORTE,Núcleo de Gestão Integrada - ICMBio Serra do Cachimbo,CR Oeste d,,,,1099743.36035156,6366.95915673988,CT Itaituba
358763,0000.00.0003,APA da Bacia do Rio Descoberto,4.67244744505724,aceiro,manejo,planet,Queima do dia 18/07,199,7/22/2025 12:00:00 AM,2025,jul,07,manejo,interior,4.67244744505724,0,CERRADO,GR 3 - CENTRO-OESTE,Núcleo de Gestão Integrada - ICMBio Descoberto-Brasília, ,,,,50722.3857421875,2294.88151945449, 
358764,0000.00.0159,PARNA de Brasília,90.1421792422342,aceiro,manejo,planet,Queima do dia 18/07,199,7/22/2025 12:00:00 AM,2025,jul,07,manejo,interior,90.1421792422342,0,CERRADO,GR 3 - CENTRO-OESTE,Núcleo de Gestão Integrada - ICMBio Brasília-Contagem, ,,,,978331.15625,14861.6688971791, 
358765,0000.00.0179,PARNA do Viruá,1161.28309886329,queima prescrita,manejo,planet,Queima do dia 17/12,351,12/31/2025 12:00:00 AM,2025,dez,12,manejo,interior,1161.28309886329,0,AMAZÔNIA,GR 1 - NORTE,Núcleo de Gestão Integrada - ICMBio Roraima,CR Manaus,,,,11699712.2714844,27347.9238065109,CT Manaus
358766,0000.00.0216,REBIO Nascentes da Serra do Cachimbo,78.9391256366413,incendio,incendio,planet, ,199,7/22/2025 12:00:00 AM,2025,jul,07,incendio,interior,78.9391256366413,0,AMAZÔNIA,GR 1 - NORTE,Núcleo de Gestão Integrada - ICMBio Serra do Cachimbo,CR Oeste d,,,,815637.750488281,6250.18933941763,CT Itaituba
358767,0000.00.0159,PARNA de Brasília,13.3188784418232,queima prescrita,manejo,planet,Queima do dia 16/07,197,7/22/2025 12:00:00 AM,2025,jul,07,manejo,interior,13.3188784418232,0,CERRADO,GR 3 - CENTRO-OESTE,Núcleo de Gestão Integrada - ICMBio Brasília-Contagem, ,,,,144378.724609375,2138.03005824844, 
358768,0000.00.0272,PARNA da Chapada das Mesas,36.8985700876983,queima prescrita,manejo,planet,Queima do dia 25/06,176,7/5/2025 12:00:00 AM,2025,jul,07,manejo,interior,36.8985700876983,0,CERRADO,GR 2 - NORDESTE,-, ,,,,377346.948242188,3171.19195364394,CT Fortaleza
358769,0000.00.0168,PARNA do Araguaia,10.0923138014674,queima prescrita,manejo,planet,Queima do dia 21/07. Operação conjunta entre ICMBio e IBAMA,202,7/23/2025 12:00:00 AM,2025,jul,07,manejo,interior,10.0923138014674,0,CERRADO,GR 3 - CENTRO-OESTE,-, ,,,,105508.673339844,1402.07634961994, 
358770,0000.00.0023,APA do Planalto Central,8.87367578217198,incendio,incendio,planet, ,203,7/23/2025 12:00:00 AM,2025,jul,07,incendio,interior,8.87367578217198,0,CERRADO,GR 3 - CENTRO-OESTE,-, ,,,,96149.4326171875,1397.29819398369, 
358771,0000.00.0159,PARNA de Brasília,17.632838435216,incendio,incendio,planet, ,203,7/23/2025 12:00:00 AM,2025,jul,07,incendio,interior,17.632838435216,0,CERRADO,GR 3 - CENTRO-OESTE,Núcleo de Gestão Integrada - ICMBio Brasília-Contagem, ,,,,191051.685546875,3004.8306038718, 
358772,0000.00.0159,PARNA de Brasília,54.5250747691681,queima prescrita,manejo,planet,Queima do dia 08/04,99,5/4/2025 12:00:00 AM,2025,mai,05,manejo,interior,54.5250747691681,0,CERRADO,GR 3 - CENTRO-OESTE,Núcleo de Gestão Integrada - ICMBio Brasília-Contagem, ,,,,591804.705078125,6909.30624099026, 
358773,0000.00.0168,PARNA do Araguaia,147.609406241436,queima prescrita,manejo,planet,Queima do dia 21/07. Operação conjunta entre ICMBio e IBAMA,202,7/23/2025 12:00:00 AM,2025,jul,07,manejo,interior,147.609406241436,0,CERRADO,GR 3 - CENTRO-OESTE,-, ,,,,1540387.41845703,7440.19731994162, 
358774,0000.00.0144,PARNA da Serra da Canastra,398.497759662681,incendio,incendio,planet, ,190,7/14/2025 12:00:00 AM,2025,jul,07,incendio,interior,398.497759662681,0,CERRADO,GR 4 - SUDESTE,-, ,,,,4552699.02636719,22157.3570574966, 
358775,0000.00.0168,PARNA do Araguaia,105.355178786338,queima prescrita,manejo,planet,Queima do dia 21/07. Operação conjunta entre ICMBio e IBAMA,202,7/23/2025 12:00:00 AM,2025,jul,07,manejo,interior,105.355178786338,0,CERRADO,GR 3 - CENTRO-OESTE,-, ,,,,1101324.19775391,7118.09420745593, 
358776,0000.00.0168,PARNA do Araguaia,6.39426461456628,queima prescrita,manejo,planet,Queima do dia 19/07. Operação conjunta entre ICMBio e IBAMA,200,7/23/2025 12:00:00 AM,2025,jul,07,manejo,interior,6.39426461456628,0,CERRADO,GR 3 - CENTRO-OESTE,-, ,,,,66754.7983398438,1714.15265807478, 
358777,0000.00.0168,PARNA do Araguaia,20.1447119396504,queima prescrita,manejo,planet,Queima do dia 19/07. Operação conjunta entre ICMBio e IBAMA,200,7/23/2025 12:00:00 AM,2025,jul,07,manejo,interior,20.1447119396504,0,CERRADO,GR 3 - CENTRO-OESTE,-, ,,,,210312.41015625,2756.40384690394, 
358778,0000.00.0053,ESEC de Cuniã,156.976599014676,queima prescrita,manejo,planet,Queima do dia 22/07,203,7/24/2025 12:00:00 AM,2025,jul,07,manejo,interior,156.976599014676,0,AMAZÔNIA,GR 1 - NORTE,Núcleo de Gestão Integrada - ICMBio Cuniã-Jacundá,CR Porto V,,,,1612702.44775391,7658.32902124781,CT Porto Velho
358779,0000.00.0284,PARNA dos Campos Amazônicos,14.0197129058069,incendio,incendio,planet, ,196,7/23/2025 12:00:00 AM,2025,jul,07,incendio,interior,14.0197129058069,0,AMAZÔNIA,GR 1 - NORTE,Núcleo de Gestão Integrada - ICMBio Humaitá,CR Porto V,,,,143962.607421875,2048.37352170085,CT Porto Velho
358780,0000.00.0168,PARNA do Araguaia,768.681832128239,queima prescrita,manejo,planet,Queima do dia 23/07. Operação conjunta entre ICMBio e IBAMA,204,7/24/2025 12:00:00 AM,2025,jul,07,manejo,interior,768.681832128239,0,CERRADO,GR 3 - CENTRO-OESTE,-, ,,,,8033992.00537109,29593.4080881889, 
358781,0000.00.0206,REBIO do Guaporé,649.130590871998,queima prescrita,manejo,planet,Queima entre os dias 21/07 e 23/07,204,7/24/2025 12:00:00 AM,2025,jul,07,manejo,interior,649.130590871998,0,AMAZÔNIA,GR 1 - NORTE,Núcleo de Gestão Integrada - ICMBio Cautário-Guaporé, ,,,,6844291.14453125,24291.2813103961,CT Porto Velho
358782,0000.00.0086,FLONA de Brasília,50.4618610672642,queima prescrita,manejo,planet,Queima do dia 09/08,221,8/11/2025 12:00:00 AM,2025,ago,08,manejo,interior,50.4618610672642,0,CERRADO,GR 3 - CENTRO-OESTE,Núcleo de Gestão Integrada - ICMBio Descoberto-Brasília, ,,,,547968.201171875,3037.98644545473, 
358783,0000.00.0003,APA da Bacia do Rio Descoberto,0.406766963513433,queima prescrita,manejo,planet,Queima do dia 09/08,221,8/11/2025 12:00:00 AM,2025,ago,08,manejo,interior,0.406766963513433,0,CERRADO,GR 3 - CENTRO-OESTE,Núcleo de Gestão Integrada - ICMBio Descoberto-Brasília, ,,,,4416.984375,1324.21101978061, 
358784,0000.00.0168,PARNA do Araguaia,76.9002275600017,queima prescrita,manejo,planet,Queima do dia 23/07. Operação conjunta entre ICMBio e IBAMA,204,7/24/2025 12:00:00 AM,2025,jul,07,manejo,interior,76.9002275600017,0,CERRADO,GR 3 - CENTRO-OESTE,-, ,,,,802859.200195313,7628.93389994006, 
358785,0000.00.0168,PARNA do Araguaia,78.6551980796083,queima prescrita,manejo,planet,Queima do dia 23/07. Operação conjunta entre ICMBio e IBAMA,204,7/24/2025 12:00:00 AM,2025,jul,07,manejo,interior,78.6551980796083,0,CERRADO,GR 3 - CENTRO-OESTE,-, ,,,,820944.53125,8643.20537221039, 
358786,0000.00.0168,PARNA do Araguaia,9.42452543169421,queima prescrita,manejo,planet,Queima do dia 23/07. Operação conjunta entre ICMBio e IBAMA,204,7/24/2025 12:00:00 AM,2025,jul,07,manejo,interior,9.42452543169421,0,CERRADO,GR 3 - CENTRO-OESTE,-, ,,,,98384.0771484375,1279.76280346619, 
358787,0000.00.0168,PARNA do Araguaia,37.8911446243042,queima prescrita,manejo,planet,Queima do dia 23/07. Operação conjunta entre ICMBio e IBAMA,204,7/24/2025 12:00:00 AM,2025,jul,07,manejo,interior,37.8911446243042,0,CERRADO,GR 3 - CENTRO-OESTE,-, ,,,,395551.004394531,3547.23587588994, 
358788,0000.00.0168,PARNA do Araguaia,4.84536256617584,queima prescrita,manejo,planet,Queima do dia 23/07. Operação conjunta entre ICMBio e IBAMA,204,7/24/2025 12:00:00 AM,2025,jul,07,manejo,interior,4.84536256617584,0,CERRADO,GR 3 - CENTRO-OESTE,-, ,,,,50578.1020507813,1438.30140369965, 
358789,0000.00.0168,PARNA do Araguaia,243.352257145303,queima prescrita,manejo,planet,Queima do dia 21/07. Operação conjunta entre ICMBio e IBAMA,202,7/24/2025 12:00:00 AM,2025,jul,07,manejo,interior,243.352257145303,0,CERRADO,GR 3 - CENTRO-OESTE,-, ,,,,2543298.46191406,9823.99259663226, 
358790,0000.00.0124,FLONA do Tapirape-aquiri,2.39462506610092,incendio,incendio,planet,Fumaça detectada na região no dia 26/07. Primeiros focos de calor só foram detectados no dia 31/07,208,8/5/2025 12:00:00 AM,2025,ago,08,incendio,interior,2.39462506610092,0,AMAZÔNIA,GR 1 - NORTE,Núcleo de Gestão Integrada - ICMBio Carajás,CR Belém,,,,24360.6145019531,912.136255987255,CT Santarém
358791,0000.00.0168,PARNA do Araguaia,198.782856308527,queima prescrita,manejo,planet,Queima do dia 23/07. Operação conjunta entre ICMBio e IBAMA,204,7/24/2025 12:00:00 AM,2025,jul,07,manejo,interior,198.782856308527,0,CERRADO,GR 3 - CENTRO-OESTE,-, ,,,,2075041.8359375,14898.2577161501, 
358792,0000.00.0168,PARNA do Araguaia,6.96201662521228,incendio,incendio,planet, ,169,6/26/2025 12:00:00 AM,2025,jun,06,incendio,interior,6.96201662521228,0,CERRADO,GR 3 - CENTRO-OESTE,-, ,,,,72782.669921875,1839.58512741156, 
358793,0000.00.0168,PARNA do Araguaia,51.0503622635774,queima prescrita,manejo,planet,Queima do dia 20/07. Operação conjunta entre ICMBio e IBAMA,201,7/27/2025 12:00:00 AM,2025,jul,07,manejo,interior,51.0503622635774,0,CERRADO,GR 3 - CENTRO-OESTE,-, ,,,,531316.497070313,4497.00624782792, 
358794,0000.00.0165,PARNA de São Joaquim,6.63734190476626,incendio,incendio,planet, ,224,8/12/2025 12:00:00 AM,2025,ago,08,incendio,interior,6.63734190476626,0,MATA ATLÂNTICA,GR 5 - SUL,-, ,,,,85944.810546875,1453.45746273954, 
358795,0000.00.0168,PARNA do Araguaia,356.207419177149,incendio,incendio,planet, ,203,7/27/2025 12:00:00 AM,2025,jul,07,incendio,interior,356.207419177149,0,CERRADO,GR 3 - CENTRO-OESTE,-, ,,,,3706636.82128906,15128.249251128, 
358796,0000.00.0284,PARNA dos Campos Amazônicos,0.407497964046533,incendio,incendio,planet, ,206,7/27/2025 12:00:00 AM,2025,jul,07,incendio,interior,0.407497964046533,0,AMAZÔNIA,GR 1 - NORTE,Núcleo de Gestão Integrada - ICMBio Humaitá,CR Porto V,,,,4184.4462890625,335.316258805488,CT Porto Velho
358797,0000.00.0266,FLONA do Jamanxim,48.1021488884203,queima controlada,manejo,planet,Queima do dia 17/11,321,11/19/2025 12:00:00 AM,2025,nov,11,manejo,interior,48.1021488884203,0,AMAZÔNIA,GR 1 - NORTE,Núcleo de Gestão Integrada - ICMBio Serra do Cachimbo,CR Oeste d,,,,492655.861328125,5081.1199674552,CT Itaituba
358798,0000.00.0278,REVIS dos Campos de Palmas,9.9175045364611,incendio,incendio,planet, ,200,7/23/2025 12:00:00 AM,2025,jul,07,incendio,interior,9.9175045364611,0,MATA ATLÂNTICA,GR 5 - SUL,Núcleo de Gestão Integrada - ICMBio Palmas, ,,,,124360.333984375,1724.37056336861, 
358799,0000.00.0266,FLONA do Jamanxim,27.8639342552668,queima controlada,manejo,planet,Queima do dia 17/11,321,11/19/2025 12:00:00 AM,2025,nov,11,manejo,interior,27.8639342552668,0,AMAZÔNIA,GR 1 - NORTE,Núcleo de Gestão Integrada - ICMBio Serra do Cachimbo,CR Oeste d,,,,285388.1484375,3045.44298777127,CT Itaituba
358800,0000.00.0168,PARNA do Araguaia,372.130721469995,incendio,incendio,planet, ,205,7/27/2025 12:00:00 AM,2025,jul,07,incendio,interior,372.130721469995,0,CERRADO,GR 3 - CENTRO-OESTE,-, ,,,,3865449.69873047,10933.093023379, 
358801,0000.00.0168,PARNA do Araguaia,76.1106517314518,incendio,incendio,planet, ,204,7/27/2025 12:00:00 AM,2025,jul,07,incendio,interior,76.1106517314518,0,CERRADO,GR 3 - CENTRO-OESTE,-, ,,,,790096.670410156,7409.12990682276, 
358802,0000.00.0168,PARNA do Araguaia,221.758963398686,queima prescrita,manejo,planet,Queima do dia 20/07. Operação conjunta entre ICMBio e IBAMA,201,7/27/2025 12:00:00 AM,2025,jul,07,manejo,interior,221.758963398686,0,CERRADO,GR 3 - CENTRO-OESTE,-, ,,,,2308493.55859375,13411.8465361712, 
358803,0000.00.0168,PARNA do Araguaia,59.318439164328,queima prescrita,manejo,planet,Queima do dia 20/07. Operação conjunta entre ICMBio e IBAMA,201,7/27/2025 12:00:00 AM,2025,jul,07,manejo,interior,59.318439164328,0,CERRADO,GR 3 - CENTRO-OESTE,-, ,,,,617452.538574219,3704.98477193047, 
358804,0000.00.0168,PARNA do Araguaia,106.563868900686,queima prescrita,manejo,planet,Queima do dia 23/07. Operação conjunta entre ICMBio e IBAMA,204,7/27/2025 12:00:00 AM,2025,jul,07,manejo,interior,106.563868900686,0,CERRADO,GR 3 - CENTRO-OESTE,-, ,,,,1112432.52441406,8102.69243637593, 
358805,0000.00.0168,PARNA do Araguaia,13.2027014684702,queima prescrita,manejo,planet,Queima do dia 19/07. Operação conjunta entre ICMBio e IBAMA,200,7/27/2025 12:00:00 AM,2025,jul,07,manejo,interior,13.2027014684702,0,CERRADO,GR 3 - CENTRO-OESTE,-, ,,,,137842.585449219,2321.79310754642, 
358806,0000.00.0168,PARNA do Araguaia,13.3222075694873,queima prescrita,manejo,planet,Queima do dia 19/07. Operação conjunta entre ICMBio e IBAMA,200,7/27/2025 12:00:00 AM,2025,jul,07,manejo,interior,13.3222075694873,0,CERRADO,GR 3 - CENTRO-OESTE,-, ,,,,139124.08203125,1902.54766096052, 
358807,0000.00.0168,PARNA do Araguaia,10.1130334031279,queima prescrita,manejo,planet,Queima do dia 19/07. Operação conjunta entre ICMBio e IBAMA,200,7/27/2025 12:00:00 AM,2025,jul,07,manejo,interior,10.1130334031279,0,CERRADO,GR 3 - CENTRO-OESTE,-, ,,,,105659.428710938,1372.93070311873, 
358808,0000.00.0168,PARNA do Araguaia,9.73737882164426,queima prescrita,manejo,planet,Queima do dia 19/07. Operação conjunta entre ICMBio e IBAMA,200,7/27/2025 12:00:00 AM,2025,jul,07,manejo,interior,9.73737882164426,0,CERRADO,GR 3 - CENTRO-OESTE,-, ,,,,101735.817382813,1778.72847257298, 
358809,0000.00.0278,REVIS dos Campos de Palmas,8.06803054551797,incendio,incendio,planet, ,203,7/23/2025 12:00:00 AM,2025,jul,07,incendio,interior,8.06803054551797,0,MATA ATLÂNTICA,GR 5 - SUL,Núcleo de Gestão Integrada - ICMBio Palmas, ,,,,101095.5,1644.01638994035, 
358810,0000.00.0083,FLONA de Altamira,28.176268438611,incendio,incendio,planet, ,206,7/29/2025 12:00:00 AM,2025,jul,07,incendio,interior,28.176268438611,0,AMAZÔNIA,GR 1 - NORTE,Núcleo de Gestão Integrada - ICMBio Serra do Cachimbo,CR Oeste d,,,,286923.779785156,2597.17676921179,CT Itaituba
358811,0000.00.0278,REVIS dos Campos de Palmas,32.54998775692,incendio,incendio,planet, ,203,7/23/2025 12:00:00 AM,2025,jul,07,incendio,interior,32.54998775692,0,MATA ATLÂNTICA,GR 5 - SUL,Núcleo de Gestão Integrada - ICMBio Palmas, ,,,,407899.513671875,4789.12286886534, 
358812,0000.00.0278,REVIS dos Campos de Palmas,0.988933228354921,incendio,incendio,planet, ,203,7/23/2025 12:00:00 AM,2025,jul,07,incendio,interior,0.988933228354921,0,MATA ATLÂNTICA,GR 5 - SUL,Núcleo de Gestão Integrada - ICMBio Palmas, ,,,,12394.11328125,436.86448883136, 
358813,0000.00.0278,REVIS dos Campos de Palmas,8.16806742344193,incendio,incendio,planet, ,203,7/23/2025 12:00:00 AM,2025,jul,07,incendio,interior,8.16806742344193,0,MATA ATLÂNTICA,GR 5 - SUL,Núcleo de Gestão Integrada - ICMBio Palmas, ,,,,102357.032226563,1692.93358331501, 
358814,0000.00.0278,REVIS dos Campos de Palmas,1.26412930626119,incendio,incendio,planet, ,203,7/23/2025 12:00:00 AM,2025,jul,07,incendio,interior,1.26412930626119,0,MATA ATLÂNTICA,GR 5 - SUL,Núcleo de Gestão Integrada - ICMBio Palmas, ,,,,15842.19921875,517.3196978527, 
358815,0000.00.0183,PARNA Grande Sertão Veredas,32.6401504922679,incendio,incendio,planet, ,217,8/6/2025 12:00:00 AM,2025,ago,08,incendio,interior,32.6401504922679,0,CERRADO,GR 4 - SUDESTE,-, ,,,,352243.626464844,4455.17488297585, 
358816,0000.00.0278,REVIS dos Campos de Palmas,12.5221239678787,incendio,incendio,planet, ,203,7/23/2025 12:00:00 AM,2025,jul,07,incendio,interior,12.5221239678787,0,MATA ATLÂNTICA,GR 5 - SUL,Núcleo de Gestão Integrada - ICMBio Palmas, ,,,,156929.865234375,3521.33158365637, 
358817,0000.00.0278,REVIS dos Campos de Palmas,57.6136025996255,incendio,incendio,planet, ,200,7/23/2025 12:00:00 AM,2025,jul,07,incendio,interior,57.6136025996255,0,MATA ATLÂNTICA,GR 5 - SUL,Núcleo de Gestão Integrada - ICMBio Palmas, ,,,,722465.76953125,5323.86621348994, 
358818,0000.00.0278,REVIS dos Campos de Palmas,18.5951820516414,incendio,incendio,planet, ,200,7/23/2025 12:00:00 AM,2025,jul,07,incendio,interior,18.5951820516414,0,MATA ATLÂNTICA,GR 5 - SUL,Núcleo de Gestão Integrada - ICMBio Palmas, ,,,,233146.42578125,2828.71602807096, 
358819,0000.00.0278,REVIS dos Campos de Palmas,8.77517515811206,incendio,incendio,planet, ,200,7/23/2025 12:00:00 AM,2025,jul,07,incendio,interior,8.77517515811206,0,MATA ATLÂNTICA,GR 5 - SUL,Núcleo de Gestão Integrada - ICMBio Palmas, ,,,,110031.0703125,2727.50519264657, 
358820,0000.00.0116,FLONA do Bom Futuro,53.6197166198228,incendio,incendio,planet, ,205,7/27/2025 12:00:00 AM,2025,jul,07,incendio,interior,53.6197166198228,0,AMAZÔNIA,GR 1 - NORTE,Núcleo de Gestão Integrada - ICMBio Porto Velho,CR Porto V,,,,554810.369140625,5109.56495558558,CT Porto Velho
358821,0000.00.0076,ESEC Serra Geral do Tocantins,443.391283655266,incendio,incendio,planet, ,202,7/24/2025 12:00:00 AM,2025,jul,07,incendio,interior,443.391283655266,0,CERRADO,GR 3 - CENTRO-OESTE,-, ,,,,4623227.18212891,17748.8138383359, 
358822,0000.00.0011,APA da Serra da Mantiqueira,45.3552312509432,incendio,incendio,planet, ,201,7/26/2025 12:00:00 AM,2025,jul,07,incendio,interior,45.3552312509432,0,MATA ATLÂNTICA,GR 4 - SUDESTE,Núcleo de Gestão Integrada - ICMBio Mantiqueira, ,,,,530314.205078125,8729.97293621543, 
358823,0000.00.0076,ESEC Serra Geral do Tocantins,3867.04447295352,incendio,incendio,planet, ,202,7/24/2025 12:00:00 AM,2025,jul,07,incendio,interior,3867.04447295352,0,CERRADO,GR 3 - CENTRO-OESTE,-, ,,,,40300347.5488281,62214.364280125, 
358824,0000.00.0183,PARNA Grande Sertão Veredas,36.7382105231936,incendio,incendio,planet, ,208,7/28/2025 12:00:00 AM,2025,jul,07,incendio,interior,36.7382105231936,0,CERRADO,GR 4 - SUDESTE,-, ,,,,396303.822753906,2938.23064936891, 
358825,0000.00.0165,PARNA de São Joaquim,1.00248602911583,incendio,incendio,planet, ,212,8/12/2025 12:00:00 AM,2025,ago,08,incendio,interior,1.00248602911583,0,MATA ATLÂNTICA,GR 5 - SUL,-, ,,,,12961.857421875,558.74038302935, 
358826,0000.00.0076,ESEC Serra Geral do Tocantins,1040.20208603972,incendio,incendio,planet, ,206,7/28/2025 12:00:00 AM,2025,jul,07,incendio,interior,1040.20208603972,0,CERRADO,GR 3 - CENTRO-OESTE,-, ,,,,10850876.2504883,21373.913662498, 
358827,0000.00.0076,ESEC Serra Geral do Tocantins,935.832153466517,incendio,incendio,planet, ,205,7/28/2025 12:00:00 AM,2025,jul,07,incendio,interior,935.832153466517,0,CERRADO,GR 3 - CENTRO-OESTE,-, ,,,,9789598.34277344,21153.0414392387, 
358828,0000.00.0206,REBIO do Guaporé,59.6145472193608,queima prescrita,manejo,planet,Queima entre os dias 21/07 e 23/07,201,7/22/2025 12:00:00 AM,2025,jul,07,manejo,interior,59.6145472193608,0,AMAZÔNIA,GR 1 - NORTE,Núcleo de Gestão Integrada - ICMBio Cautário-Guaporé, ,,,,628433.96484375,4837.05802145411,CT Porto Velho
358829,0000.00.0138,PARNA da Chapada dos Guimaraes,71.4144901521445,queima prescrita,manejo,planet,Queima do dia 20/06,172,6/22/2025 12:00:00 AM,2025,jun,06,manejo,interior,71.4144901521445,0,CERRADO,GR 3 - CENTRO-OESTE,-, ,,,,771986.971679688,10280.0599806194,CT - GR3
358830,0000.00.0138,PARNA da Chapada dos Guimaraes,6.75381312393282,queima prescrita,manejo,planet,Queima do dia 10/07,191,7/14/2025 12:00:00 AM,2025,jul,07,manejo,interior,6.75381312393282,0,CERRADO,GR 3 - CENTRO-OESTE,-, ,,,,72980.599609375,2087.26128176196,CT - GR3
358831,0000.00.0138,PARNA da Chapada dos Guimaraes,21.8610153722616,queima prescrita,manejo,planet,Queima do dia 10/07,191,7/14/2025 12:00:00 AM,2025,jul,07,manejo,interior,21.8610153722616,0,CERRADO,GR 3 - CENTRO-OESTE,-, ,,,,236220.9453125,4784.35150065079,CT - GR3
358832,0000.00.0192,REBIO da Contagem,2.84962066468449,incendio,incendio,planet, ,210,7/29/2025 12:00:00 AM,2025,jul,07,incendio,interior,2.84962066468449,0,CERRADO,GR 3 - CENTRO-OESTE,Núcleo de Gestão Integrada - ICMBio Brasília-Contagem, ,,,,30908.9990234375,772.240219511107, 
358833,0000.00.0192,REBIO da Contagem,16.2679445952692,incendio,incendio,planet, ,210,7/29/2025 12:00:00 AM,2025,jul,07,incendio,interior,16.2679445952692,0,CERRADO,GR 3 - CENTRO-OESTE,Núcleo de Gestão Integrada - ICMBio Brasília-Contagem, ,,,,176458.364257813,2242.89066214424, 
358834,0000.00.0138,PARNA da Chapada dos Guimaraes,2.91850663498367,queima prescrita,manejo,planet,Queima do dia 07/07,188,7/28/2025 12:00:00 AM,2025,jul,07,manejo,interior,2.91850663498367,0,CERRADO,GR 3 - CENTRO-OESTE,-, ,,,,31548.533203125,1793.83323300451,CT - GR3
358835,0000.00.0138,PARNA da Chapada dos Guimaraes,7.15903807483228,queima prescrita,manejo,planet,Queima do dia 07/07,188,7/28/2025 12:00:00 AM,2025,jul,07,manejo,interior,7.15903807483228,0,CERRADO,GR 3 - CENTRO-OESTE,-, ,,,,77381.1044921875,2241.27513117711,CT - GR3
358836,0000.00.0023,APA do Planalto Central,113.174796252544,incendio,incendio,planet, ,199,7/29/2025 12:00:00 AM,2025,jul,07,incendio,interior,113.174796252544,0,CERRADO,GR 3 - CENTRO-OESTE,-, ,,,,1222843.31933594,9951.23216453062, 
358837,0000.00.0272,PARNA da Chapada das Mesas,202.085759392278,queima prescrita,manejo,planet,Queima do dia 18/06,169,7/29/2025 12:00:00 AM,2025,jul,07,manejo,interior,202.085759392278,0,CERRADO,GR 2 - NORDESTE,-, ,,,,2065426.82592773,7254.00953772379,CT Fortaleza
358838,0000.00.0272,PARNA da Chapada das Mesas,769.476176271388,queima prescrita,manejo,planet,Queima do dia 19/06,170,7/5/2025 12:00:00 AM,2025,jul,07,manejo,interior,769.476176271388,0,CERRADO,GR 2 - NORDESTE,-, ,,,,7871357.60717773,26211.7197725851,CT Fortaleza
358839,0000.00.0156,PARNA das Nascentes do Rio Parnaíba,34.6422309490362,queima controlada,manejo,planet,Queima do dia 13/05,133,8/9/2025 12:00:00 AM,2025,ago,08,manejo,interior,34.6422309490362,0,CERRADO,GR 2 - NORDESTE,-, ,,,,359623.618164063,3386.80786807423,CT Fortaleza
358840,0000.00.0272,PARNA da Chapada das Mesas,255.804062330869,queima prescrita,manejo,planet,Queima do dia 21/06,172,7/5/2025 12:00:00 AM,2025,jul,07,manejo,interior,255.804062330869,0,CERRADO,GR 2 - NORDESTE,-, ,,,,2615410.08764648,11682.7270972291,CT Fortaleza
358841,0000.00.0272,PARNA da Chapada das Mesas,104.787827837743,queima prescrita,manejo,planet,Queima do dia 26/06,177,7/5/2025 12:00:00 AM,2025,jul,07,manejo,interior,104.787827837743,0,CERRADO,GR 2 - NORDESTE,-, ,,,,1071434.50878906,5724.48439715053,CT Fortaleza
358842,0000.00.0272,PARNA da Chapada das Mesas,187.867342391634,queima prescrita,manejo,planet,Queima do dia 25/06,176,7/5/2025 12:00:00 AM,2025,jul,07,manejo,interior,187.867342391634,0,CERRADO,GR 2 - NORDESTE,-, ,,,,1921169.28857422,9853.90403761959,CT Fortaleza
358843,0000.00.0272,PARNA da Chapada das Mesas,239.68762967211,queima prescrita,manejo,planet,Queima do dia 27/06,178,7/5/2025 12:00:00 AM,2025,jul,07,manejo,interior,239.68762967211,0,CERRADO,GR 2 - NORDESTE,-, ,,,,2452595.95874023,14556.9914605593,CT Fortaleza
358844,0000.00.0168,PARNA do Araguaia,108.406688927035,incendio,incendio,planet, ,210,7/29/2025 12:00:00 AM,2025,jul,07,incendio,interior,108.406688927035,0,CERRADO,GR 3 - CENTRO-OESTE,-, ,,,,1132554.04101563,7953.69739398828, 
358845,0000.00.0027,APA Morro da Pedreira,122.283736335567,incendio,incendio,planet, ,209,7/30/2025 12:00:00 AM,2025,jul,07,incendio,interior,122.283736335567,0,CERRADO,GR 4 - SUDESTE,Núcleo de Gestão Integrada - ICMBio Cipó-Pedreira, ,,,,1376431.10839844,7683.40619229167, 
358846,0000.00.0219,REVIS das Veredas do Oeste Baiano,3.85832517757,incendio,incendio,planet, ,208,7/30/2025 12:00:00 AM,2025,jul,07,incendio,interior,3.85832517757,0,CERRADO,GR 3 - CENTRO-OESTE,Núcleo de Gestão Integrada - ICMBio Mambaí, ,,,,41283.38671875,1197.41104114519, 
358847,0000.00.0219,REVIS das Veredas do Oeste Baiano,12.8795056050679,incendio,incendio,planet, ,208,7/30/2025 12:00:00 AM,2025,jul,07,incendio,interior,12.8795056050679,0,CERRADO,GR 3 - CENTRO-OESTE,Núcleo de Gestão Integrada - ICMBio Mambaí, ,,,,137809.709472656,3369.47027230159, 
358848,0000.00.0124,FLONA do Tapirape-aquiri,6.22199045179099,incendio,incendio,planet,Fumaça detectada na região no dia 26/07. Primeiros focos de calor só foram detectados no dia 31/07,208,8/5/2025 12:00:00 AM,2025,ago,08,incendio,interior,6.22199045179099,0,AMAZÔNIA,GR 1 - NORTE,Núcleo de Gestão Integrada - ICMBio Carajás,CR Belém,,,,63296.1003417969,1491.27224797524,CT Santarém
358849,0000.00.0006,APA da Baleia Franca,47.3963893373483,incendio,incendio,planet, ,210,7/31/2025 12:00:00 AM,2025,jul,07,incendio,interior,47.3963893373483,0,MATA ATLÂNTICA,GR 5 - SUL,-, ,,,,614219.5078125,4788.89989605967, 
358850,0000.00.0010,APA da Região Serrana de Petrópolis,9.090405173151,incendio,incendio,planet, ,195,7/16/2025 12:00:00 AM,2025,jul,07,incendio,interior,9.090405173151,0,MATA ATLÂNTICA,GR 4 - SUDESTE,-, ,,,,107198.67578125,2065.83157556086, 
358851,0000.00.0168,PARNA do Araguaia,342.194876340851,incendio,incendio,planet, ,212,8/4/2025 12:00:00 AM,2025,ago,08,incendio,interior,342.194876340851,0,CERRADO,GR 3 - CENTRO-OESTE,-, ,,,,3559301.01708984,10543.073078737, 
358852,0000.00.0168,PARNA do Araguaia,55.642787937369,queima prescrita,manejo,planet,Queima do dia 27/06. Operação conjunta entre ICMBio e IBAMA.,179,6/29/2025 12:00:00 AM,2025,jun,06,manejo,interior,55.642787937369,0,CERRADO,GR 3 - CENTRO-OESTE,-, ,,,,580588.161132813,7583.42010946934, 
358853,0000.00.0025,APA das Ilhas e Várzeas do Rio Paraná,229.406419584837,incendio,incendio,planet, ,211,7/31/2025 12:00:00 AM,2025,jul,07,incendio,interior,229.406419584837,0,MATA ATLÂNTICA,GR 5 - SUL,Núcleo de Gestão Integrada - ICMBio Rio Paraná, ,,,,2707300.36132813,13137.1943753123, 
358854,0000.00.0011,APA da Serra da Mantiqueira,57.0050822691867,incendio,incendio,planet, ,198,7/31/2025 12:00:00 AM,2025,jul,07,incendio,interior,57.0050822691867,0,MATA ATLÂNTICA,GR 4 - SUDESTE,Núcleo de Gestão Integrada - ICMBio Mantiqueira, ,,,,667623.12890625,4905.72342537048, 
358855,0000.00.0168,PARNA do Araguaia,543.490873611134,incendio,incendio,planet, ,215,8/4/2025 12:00:00 AM,2025,ago,08,incendio,interior,543.490873611134,0,CERRADO,GR 3 - CENTRO-OESTE,-, ,,,,5651612.16943359,15357.4460806388, 
358856,0000.00.0025,APA das Ilhas e Várzeas do Rio Paraná,38.3632235633294,incendio,incendio,planet, ,198,7/31/2025 12:00:00 AM,2025,jul,07,incendio,interior,38.3632235633294,0,MATA ATLÂNTICA,GR 5 - SUL,Núcleo de Gestão Integrada - ICMBio Rio Paraná, ,,,,452615.0625,4188.41169305255, 
358857,0000.00.0168,PARNA do Araguaia,146.039216728305,incendio,incendio,planet, ,207,7/27/2025 12:00:00 AM,2025,jul,07,incendio,interior,146.039216728305,0,CERRADO,GR 3 - CENTRO-OESTE,-, ,,,,1519700.64892578,9913.95771982237, 
358858,0000.00.0168,PARNA do Araguaia,63.308705888184,queima prescrita,manejo,planet,Queima do dia 27/06. Operação conjunta entre ICMBio e IBAMA.,179,6/29/2025 12:00:00 AM,2025,jun,06,manejo,interior,63.308705888184,0,CERRADO,GR 3 - CENTRO-OESTE,-, ,,,,660618.197265625,5423.78222221061, 
358859,0000.00.0168,PARNA do Araguaia,1076.41381857248,incendio,incendio,planet, ,214,8/4/2025 12:00:00 AM,2025,ago,08,incendio,interior,1076.41381857248,0,CERRADO,GR 3 - CENTRO-OESTE,-, ,,,,11186721.4399414,24137.5398920524, 
358860,0000.00.0144,PARNA da Serra da Canastra,49.816360836592,queima controlada,manejo,planet,Queima do dia 02/08,214,8/3/2025 12:00:00 AM,2025,ago,08,manejo,interior,49.816360836592,0,CERRADO,GR 4 - SUDESTE,-, ,,,,569435.936523438,4199.86179675099, 
358861,0000.00.0168,PARNA do Araguaia,1547.31769737758,incendio,incendio,planet, ,215,8/4/2025 12:00:00 AM,2025,ago,08,incendio,interior,1547.31769737758,0,CERRADO,GR 3 - CENTRO-OESTE,-, ,,,,16081347.543457,31690.9510298156, 
358862,0000.00.0272,PARNA da Chapada das Mesas,11.2524888535026,queima prescrita,manejo,planet,Queima do dia 03/06,154,5/15/2025 12:00:00 AM,2025,mai,05,manejo,interior,11.2524888535026,0,CERRADO,GR 2 - NORDESTE,-, ,,,,115100.075439453,2393.95961616942,CT Fortaleza
358863,0000.00.0168,PARNA do Araguaia,734.999641685637,incendio,incendio,planet, ,209,8/4/2025 12:00:00 AM,2025,ago,08,incendio,interior,734.999641685637,0,CERRADO,GR 3 - CENTRO-OESTE,-, ,,,,7652532.13085938,27966.6346033782, 
358864,0000.00.0168,PARNA do Araguaia,11.76261339728,queima prescrita,manejo,planet,Queima do dia 07/07,188,8/4/2025 12:00:00 AM,2025,ago,08,manejo,interior,11.76261339728,0,CERRADO,GR 3 - CENTRO-OESTE,-, ,,,,122356.9375,1793.34852160777, 
358865,0000.00.0168,PARNA do Araguaia,473.686865041152,incendio,incendio,planet, ,215,8/4/2025 12:00:00 AM,2025,ago,08,incendio,interior,473.686865041152,0,CERRADO,GR 3 - CENTRO-OESTE,-, ,,,,4925527.859375,18834.4391459676, 
358866,0000.00.0157,PARNA das Sempre-Vivas,16.7065374420773,incendio,incendio,planet, ,175,7/14/2025 12:00:00 AM,2025,jul,07,incendio,interior,16.7065374420773,0,CERRADO,GR 4 - SUDESTE,-, ,,,,184933.69921875,2486.52780838792, 
358867,0000.00.0157,PARNA das Sempre-Vivas,12.3453806989537,incendio,incendio,planet, ,175,7/14/2025 12:00:00 AM,2025,jul,07,incendio,interior,12.3453806989537,0,CERRADO,GR 4 - SUDESTE,-, ,,,,136650.6484375,1990.50972777119, 
358868,0000.00.0144,PARNA da Serra da Canastra,216.780577862355,queima controlada,manejo,planet,Queima entre os dias 21/07 e 22/07,202,7/23/2025 12:00:00 AM,2025,jul,07,manejo,interior,216.780577862355,0,CERRADO,GR 4 - SUDESTE,-, ,,,,2477272.71386719,13349.4654379835, 
358869,0000.00.3136,PARNA da Serra do Gandarela,27.4365630403148,incendio,incendio,planet, ,215,8/3/2025 12:00:00 AM,2025,ago,08,incendio,interior,27.4365630403148,0,MATA ATLÂNTICA,GR 4 - SUDESTE,-, ,,,,312593.62109375,3780.00375956406, 
358870,0000.00.0144,PARNA da Serra da Canastra,130.662380927581,queima controlada,manejo,planet,Queima do dia 23/07,204,7/24/2025 12:00:00 AM,2025,jul,07,manejo,interior,130.662380927581,0,CERRADO,GR 4 - SUDESTE,-, ,,,,1495243.69238281,9060.84585267126, 
358871,0000.00.0144,PARNA da Serra da Canastra,8.29837599637247,queima controlada,manejo,planet,Queima do dia 23/07,204,7/24/2025 12:00:00 AM,2025,jul,07,manejo,interior,8.29837599637247,0,CERRADO,GR 4 - SUDESTE,-, ,,,,94951.8984375,1395.95523432971, 
358872,0000.00.0144,PARNA da Serra da Canastra,15.4835888467421,queima controlada,manejo,planet,Queima do dia 23/07,204,7/24/2025 12:00:00 AM,2025,jul,07,manejo,interior,15.4835888467421,0,CERRADO,GR 4 - SUDESTE,-, ,,,,177131.35546875,2073.60139508259, 
358873,0000.00.0144,PARNA da Serra da Canastra,9.87931375480304,queima controlada,manejo,planet,Queima do dia 23/07,204,7/24/2025 12:00:00 AM,2025,jul,07,manejo,interior,9.87931375480304,0,CERRADO,GR 4 - SUDESTE,-, ,,,,113022.638671875,1588.63739944193, 
358874,0000.00.3136,PARNA da Serra do Gandarela,9.02969067116947,incendio,incendio,planet, ,214,8/4/2025 12:00:00 AM,2025,ago,08,incendio,interior,9.02969067116947,0,MATA ATLÂNTICA,GR 4 - SUDESTE,-, ,,,,102755.634765625,1607.40799144963, 
358875,0000.00.0024,APA Meandros do Rio Araguaia,4.34622912679366,incendio,incendio,planet, ,238,9/1/2025 12:00:00 AM,2025,set,09,incendio,interior,4.34622912679366,0,CERRADO,GR 3 - CENTRO-OESTE,Núcleo de Gestão Integrada - ICMBio Meandros do Rio Araguaia, ,,,,46141.5859375,1528.35970541084, 
358876,0000.00.0168,PARNA do Araguaia,94.6397153960565,queima prescrita,manejo,planet,Queima do dia 27/06. Operação conjunta entre ICMBio e IBAMA.,179,6/29/2025 12:00:00 AM,2025,jun,06,manejo,interior,94.6397153960565,0,CERRADO,GR 3 - CENTRO-OESTE,-, ,,,,987372.587402344,7075.43099486904, 
358877,0000.00.0144,PARNA da Serra da Canastra,156.014031996252,queima controlada,manejo,planet,Queima do dia 02/08,214,8/3/2025 12:00:00 AM,2025,ago,08,manejo,interior,156.014031996252,0,CERRADO,GR 4 - SUDESTE,-, ,,,,1783226.46777344,9572.19025976858, 
358878,0000.00.3136,PARNA da Serra do Gandarela,22.4819774050145,incendio,incendio,planet, ,210,8/4/2025 12:00:00 AM,2025,ago,08,incendio,interior,22.4819774050145,0,MATA ATLÂNTICA,GR 4 - SUDESTE,-, ,,,,255926.546875,2439.61530743771, 
358879,0000.00.0065,ESEC de Uruçuí-Una,21.2113515507441,incendio,incendio,planet, ,318,11/17/2025 12:00:00 AM,2025,nov,11,incendio,interior,21.2113515507441,0,CERRADO,GR 2 - NORDESTE,-, ,,,,218796.903808594,2296.05048616225,CT Fortaleza
358880,0000.00.0168,PARNA do Araguaia,634.716590966649,incendio,incendio,planet, ,282,10/29/2025 12:00:00 AM,2025,out,10,incendio,interior,634.716590966649,0,CERRADO,GR 3 - CENTRO-OESTE,-, ,,,,6608129.59179688,24217.4073035961, 
358881,0000.00.0168,PARNA do Araguaia,417.480053631951,queima prescrita,manejo,planet,Queima do dia 19/07. Operação conjunta entre ICMBio e IBAMA,200,7/20/2025 12:00:00 AM,2025,jul,07,manejo,interior,417.480053631951,0,CERRADO,GR 3 - CENTRO-OESTE,-, ,,,,4358418.31738281,25531.4901139041, 
358882,0000.00.0272,PARNA da Chapada das Mesas,1241.06960601738,incendio,incendio,planet, ,195,7/29/2025 12:00:00 AM,2025,jul,07,incendio,interior,1241.06960601738,0,CERRADO,GR 2 - NORDESTE,-, ,,,,12690939.4350586,34219.0373840347,CT Fortaleza
358883,0000.00.0272,PARNA da Chapada das Mesas,336.257292510634,queima prescrita,manejo,planet,Queima do dia 28/06,179,7/29/2025 12:00:00 AM,2025,jul,07,manejo,interior,336.257292510634,0,CERRADO,GR 2 - NORDESTE,-, ,,,,3437563.44262695,12443.4562878929,CT Fortaleza
358884,0000.00.0076,ESEC Serra Geral do Tocantins,2472.68621625091,incendio,incendio,planet, ,214,8/4/2025 12:00:00 AM,2025,ago,08,incendio,interior,2472.68621625091,0,CERRADO,GR 3 - CENTRO-OESTE,-, ,,,,25731911.8286133,26711.07482518, 
358885,0000.00.0124,FLONA do Tapirape-aquiri,12.1111493070478,incendio,incendio,planet,Fumaça detectada na região no dia 26/07. Primeiros focos de calor só foram detectados no dia 31/07,208,8/5/2025 12:00:00 AM,2025,ago,08,incendio,interior,12.1111493070478,0,AMAZÔNIA,GR 1 - NORTE,Núcleo de Gestão Integrada - ICMBio Carajás,CR Belém,,,,123209.067382813,2879.72814434754,CT Santarém
358886,0000.00.0284,PARNA dos Campos Amazônicos,28.0334303087103,incendio,incendio,planet, ,194,7/22/2025 12:00:00 AM,2025,jul,07,incendio,interior,28.0334303087103,0,AMAZÔNIA,GR 1 - NORTE,Núcleo de Gestão Integrada - ICMBio Humaitá,CR Porto V,,,,287859.002441406,2645.55034025172,CT Porto Velho
358887,0000.00.3136,PARNA da Serra do Gandarela,66.4896454579837,incendio,incendio,planet, ,180,6/29/2025 12:00:00 AM,2025,jun,06,incendio,interior,66.4896454579837,0,MATA ATLÂNTICA,GR 4 - SUDESTE,-, ,,,,756918.571289063,6964.06040721044, 
358888,0000.00.0124,FLONA do Tapirape-aquiri,5.1283577115159,incendio,incendio,planet,Fumaça detectada na região no dia 26/07. Primeiros focos de calor só foram detectados no dia 31/07,208,8/5/2025 12:00:00 AM,2025,ago,08,incendio,interior,5.1283577115159,0,AMAZÔNIA,GR 1 - NORTE,Núcleo de Gestão Integrada - ICMBio Carajás,CR Belém,,,,52171.1823730469,1403.96153126018,CT Santarém
358889,0000.00.0284,PARNA dos Campos Amazônicos,151.031219476103,incendio,incendio,planet, ,206,7/27/2025 12:00:00 AM,2025,jul,07,incendio,interior,151.031219476103,0,AMAZÔNIA,GR 1 - NORTE,Núcleo de Gestão Integrada - ICMBio Humaitá,CR Porto V,,,,1550877.01171875,12765.0682449982,CT Porto Velho
358890,0000.00.0157,PARNA das Sempre-Vivas,51.2722978316135,incendio,incendio,planet, ,174,7/14/2025 12:00:00 AM,2025,jul,07,incendio,interior,51.2722978316135,0,CERRADO,GR 4 - SUDESTE,-, ,,,,567667.138671875,3381.71231263268, 
358891,0000.00.0124,FLONA do Tapirape-aquiri,0.77112475351592,incendio,incendio,planet,Fumaça detectada na região no dia 26/07. Primeiros focos de calor só foram detectados no dia 31/07,208,8/5/2025 12:00:00 AM,2025,ago,08,incendio,interior,0.77112475351592,0,AMAZÔNIA,GR 1 - NORTE,Núcleo de Gestão Integrada - ICMBio Carajás,CR Belém,,,,7844.65600585938,365.938907888318,CT Santarém
358892,0000.00.0124,FLONA do Tapirape-aquiri,6.09718501387665,incendio,incendio,planet,Fumaça detectada na região no dia 26/07. Primeiros focos de calor só foram detectados no dia 31/07,208,8/5/2025 12:00:00 AM,2025,ago,08,incendio,interior,6.09718501387665,0,AMAZÔNIA,GR 1 - NORTE,Núcleo de Gestão Integrada - ICMBio Carajás,CR Belém,,,,62026.1281738281,2000.40092595167,CT Santarém
358893,0000.00.0124,FLONA do Tapirape-aquiri,0.593171234460587,incendio,incendio,planet,Fumaça detectada na região no dia 26/07. Primeiros focos de calor só foram detectados no dia 31/07,208,8/5/2025 12:00:00 AM,2025,ago,08,incendio,interior,0.593171234460587,0,AMAZÔNIA,GR 1 - NORTE,Núcleo de Gestão Integrada - ICMBio Carajás,CR Belém,,,,6034.23022460938,347.197054783593,CT Santarém
358894,0000.00.0124,FLONA do Tapirape-aquiri,0.615534811480804,incendio,incendio,planet,Fumaça detectada na região no dia 26/07. Primeiros focos de calor só foram detectados no dia 31/07,208,8/5/2025 12:00:00 AM,2025,ago,08,incendio,interior,0.615534811480804,0,AMAZÔNIA,GR 1 - NORTE,Núcleo de Gestão Integrada - ICMBio Carajás,CR Belém,,,,6261.82763671875,339.879978393016,CT Santarém
358895,0000.00.0266,FLONA do Jamanxim,51.9722564371784,incendio,incendio,planet, ,215,8/6/2025 12:00:00 AM,2025,ago,08,incendio,interior,51.9722564371784,0,AMAZÔNIA,GR 1 - NORTE,Núcleo de Gestão Integrada - ICMBio Serra do Cachimbo,CR Oeste d,,,,533881.579101563,3224.79823369731,CT Itaituba
358896,0000.00.0266,FLONA do Jamanxim,3.50370902485991,incendio,incendio,planet, ,215,8/6/2025 12:00:00 AM,2025,ago,08,incendio,interior,3.50370902485991,0,AMAZÔNIA,GR 1 - NORTE,Núcleo de Gestão Integrada - ICMBio Serra do Cachimbo,CR Oeste d,,,,35991.1137695313,985.129596241664,CT Itaituba
358897,0000.00.0028,APA das Nascentes do Rio Vermelho,3.10063711941515,incendio,incendio,planet, ,201,7/21/2025 12:00:00 AM,2025,jul,07,incendio,interior,3.10063711941515,0,CERRADO,GR 3 - CENTRO-OESTE,Núcleo de Gestão Integrada - ICMBio Mambaí, ,,,,33215.916015625,752.450301367334, 
358898,0000.00.0094,FLONA de Ipanema,23.7937703931878,incendio,incendio,planet, ,212,8/1/2025 12:00:00 AM,2025,ago,08,incendio,interior,23.7937703931878,0,MATA ATLÂNTICA,GR 4 - SUDESTE,Núcleo de Gestão Integrada - ICMBio Iperó, ,,,,284028.924804688,3393.48497604668, 
358899,0000.00.0086,FLONA de Brasília,24.6207779632483,incendio,incendio,planet, ,212,8/4/2025 12:00:00 AM,2025,ago,08,incendio,interior,24.6207779632483,0,CERRADO,GR 3 - CENTRO-OESTE,Núcleo de Gestão Integrada - ICMBio Descoberto-Brasília, ,,,,267014.33984375,4155.58049608467, 
358900,0000.00.0003,APA da Bacia do Rio Descoberto,61.2917154618954,incendio,incendio,planet, ,212,8/4/2025 12:00:00 AM,2025,ago,08,incendio,interior,61.2917154618954,0,CERRADO,GR 3 - CENTRO-OESTE,Núcleo de Gestão Integrada - ICMBio Descoberto-Brasília, ,,,,664680.354492188,8442.27432738368, 
358901,0000.00.0086,FLONA de Brasília,8.22456626858771,incendio,incendio,planet, ,212,8/4/2025 12:00:00 AM,2025,ago,08,incendio,interior,8.22456626858771,0,CERRADO,GR 3 - CENTRO-OESTE,Núcleo de Gestão Integrada - ICMBio Descoberto-Brasília, ,,,,89194.4111328125,2391.88066589722, 
358902,0000.00.0116,FLONA do Bom Futuro,141.77714029682,incendio,incendio,planet, ,212,8/5/2025 12:00:00 AM,2025,ago,08,incendio,interior,141.77714029682,0,AMAZÔNIA,GR 1 - NORTE,Núcleo de Gestão Integrada - ICMBio Porto Velho,CR Porto V,,,,1466976.18212891,5444.40813511275,CT Porto Velho
358903,0000.00.0086,FLONA de Brasília,78.3471490077724,incendio,incendio,planet, ,212,8/4/2025 12:00:00 AM,2025,ago,08,incendio,interior,78.3471490077724,0,CERRADO,GR 3 - CENTRO-OESTE,Núcleo de Gestão Integrada - ICMBio Descoberto-Brasília, ,,,,849663.1875,7279.43169948798, 
358904,0000.00.0003,APA da Bacia do Rio Descoberto,0.88447286146208,incendio,incendio,planet, ,212,8/4/2025 12:00:00 AM,2025,ago,08,incendio,interior,0.88447286146208,0,CERRADO,GR 3 - CENTRO-OESTE,Núcleo de Gestão Integrada - ICMBio Descoberto-Brasília, ,,,,9591.7392578125,2478.18781575435, 
358905,0000.00.0107,FLONA de Santa Rosa do Purus,57.5538420960621,incendio,incendio,planet, ,198,8/4/2025 12:00:00 AM,2025,ago,08,incendio,interior,57.5538420960621,0,AMAZÔNIA,GR 1 - NORTE,Núcleo de Gestão Integrada - ICMBio Alto Tarauacá-Santa Rosa, ,,,,594903.344726563,4745.59657982202,CT Rio Branco
358906,0000.00.0107,FLONA de Santa Rosa do Purus,7.42369637240656,incendio,incendio,planet, ,197,8/4/2025 12:00:00 AM,2025,ago,08,incendio,interior,7.42369637240656,0,AMAZÔNIA,GR 1 - NORTE,Núcleo de Gestão Integrada - ICMBio Alto Tarauacá-Santa Rosa, ,,,,76725.1826171875,1361.66247200611,CT Rio Branco
358907,0000.00.0107,FLONA de Santa Rosa do Purus,9.96893261707409,incendio,incendio,planet, ,197,8/4/2025 12:00:00 AM,2025,ago,08,incendio,interior,9.96893261707409,0,AMAZÔNIA,GR 1 - NORTE,Núcleo de Gestão Integrada - ICMBio Alto Tarauacá-Santa Rosa, ,,,,103034.379882813,1517.05735766326,CT Rio Branco
358908,0000.00.0116,FLONA do Bom Futuro,57.1841843789374,incendio,incendio,planet, ,205,8/5/2025 12:00:00 AM,2025,ago,08,incendio,interior,57.1841843789374,0,AMAZÔNIA,GR 1 - NORTE,Núcleo de Gestão Integrada - ICMBio Porto Velho,CR Porto V,,,,591716.583007813,5238.11356486548,CT Porto Velho
358909,0000.00.0116,FLONA do Bom Futuro,5.44537357782769,incendio,incendio,planet, ,198,8/5/2025 12:00:00 AM,2025,ago,08,incendio,interior,5.44537357782769,0,AMAZÔNIA,GR 1 - NORTE,Núcleo de Gestão Integrada - ICMBio Porto Velho,CR Porto V,,,,56353.7114257813,1069.84170331733,CT Porto Velho
358910,0000.00.0151,PARNA da Serra do Pardo,45.1828414539513,incendio,incendio,planet, ,201,8/5/2025 12:00:00 AM,2025,ago,08,incendio,interior,45.1828414539513,0,AMAZÔNIA,GR 1 - NORTE,Núcleo de Gestão Integrada - ICMBio Terra do Meio,CR Oeste d,,,,459787.184082031,3659.39079807352,CT Santarém
358911,0000.00.0264,PARNA do Rio Novo,105.660606270835,incendio,incendio,planet, ,212,8/7/2025 12:00:00 AM,2025,ago,08,incendio,interior,105.660606270835,0,AMAZÔNIA,GR 1 - NORTE,Núcleo de Gestão Integrada - ICMBio Serra do Cachimbo,CR Oeste d,,,,1080573.03027344,5642.32267614742,CT Itaituba
358912,0000.00.0065,ESEC de Uruçuí-Una,7.51551883714961,incendio,incendio,planet, ,318,11/17/2025 12:00:00 AM,2025,nov,11,incendio,interior,7.51551883714961,0,CERRADO,GR 2 - NORDESTE,-, ,,,,77523.0571289063,1223.93710513997,CT Fortaleza
358913,0000.00.0277,PARNA dos Campos Gerais,39.9499750073953,incendio,incendio,planet, ,198,7/19/2025 12:00:00 AM,2025,jul,07,incendio,interior,39.9499750073953,0,MATA ATLÂNTICA,GR 5 - SUL,Núcleo de Gestão Integrada - ICMBio Campos Gerais, ,,,,488726.4140625,6816.2472912389, 
358914,0000.00.4854,REVIS do Sauim-de-Coleira,6.01995128480974,incendio,incendio,planet, ,209,8/4/2025 12:00:00 AM,2025,ago,08,incendio,interior,6.01995128480974,0,AMAZÔNIA,GR 1 - NORTE,-, ,,,,60775.8454589844,1370.10971324946, 
358915,0000.00.0278,REVIS dos Campos de Palmas,109.285488376859,incendio,incendio,planet, ,211,7/31/2025 12:00:00 AM,2025,jul,07,incendio,interior,109.285488376859,0,MATA ATLÂNTICA,GR 5 - SUL,Núcleo de Gestão Integrada - ICMBio Palmas, ,,,,1370245.64648438,6939.94634896448, 
358916,0000.00.0278,REVIS dos Campos de Palmas,117.835874942346,incendio,incendio,planet, ,211,7/31/2025 12:00:00 AM,2025,jul,07,incendio,interior,117.835874942346,0,MATA ATLÂNTICA,GR 5 - SUL,Núcleo de Gestão Integrada - ICMBio Palmas, ,,,,1479117.50976563,9865.26905699167, 
358917,0000.00.0272,PARNA da Chapada das Mesas,9.59410367682997,queima prescrita,manejo,planet,Queima do dia 09/05,130,5/15/2025 12:00:00 AM,2025,mai,05,manejo,interior,9.59410367682997,0,CERRADO,GR 2 - NORDESTE,-, ,,,,98136.4445800781,1487.0067579896,CT Fortaleza
358918,0000.00.0272,PARNA da Chapada das Mesas,37.1017628841391,queima prescrita,manejo,planet,Queima do dia 09/05,130,5/15/2025 12:00:00 AM,2025,mai,05,manejo,interior,37.1017628841391,0,CERRADO,GR 2 - NORDESTE,-, ,,,,379507.859375,4095.98398760185,CT Fortaleza
358919,0000.00.0272,PARNA da Chapada das Mesas,208.714265123785,queima prescrita,manejo,planet,Queima do dia 09/05,130,5/15/2025 12:00:00 AM,2025,mai,05,manejo,interior,208.714265123785,0,CERRADO,GR 2 - NORDESTE,-, ,,,,2134869.44946289,11016.5983785391,CT Fortaleza
358920,0000.00.0159,PARNA de Brasília,14.0818740728002,queima prescrita,manejo,planet,Queima do dia 09/04,100,5/4/2025 12:00:00 AM,2025,mai,05,manejo,interior,14.0818740728002,0,CERRADO,GR 3 - CENTRO-OESTE,Núcleo de Gestão Integrada - ICMBio Brasília-Contagem, ,,,,152784.477539063,2148.70252138454, 
358921,0000.00.0159,PARNA de Brasília,0.990575070176101,queima prescrita,manejo,planet,Queima do dia 09/04,100,5/4/2025 12:00:00 AM,2025,mai,05,manejo,interior,0.990575070176101,0,CERRADO,GR 3 - CENTRO-OESTE,Núcleo de Gestão Integrada - ICMBio Brasília-Contagem, ,,,,10747.701171875,410.723751367662, 
358922,0000.00.0159,PARNA de Brasília,3.35189824069507,queima prescrita,manejo,planet,Queima do dia 09/04,100,5/4/2025 12:00:00 AM,2025,mai,05,manejo,interior,3.35189824069507,0,CERRADO,GR 3 - CENTRO-OESTE,Núcleo de Gestão Integrada - ICMBio Brasília-Contagem, ,,,,36369.767578125,1253.50074879767, 
358923,0000.00.0159,PARNA de Brasília,23.7209012445327,queima prescrita,manejo,planet,Queima do dia 09/04,100,5/4/2025 12:00:00 AM,2025,mai,05,manejo,interior,23.7209012445327,0,CERRADO,GR 3 - CENTRO-OESTE,Núcleo de Gestão Integrada - ICMBio Brasília-Contagem, ,,,,257388.118164063,3379.01019966362, 
358924,0000.00.0159,PARNA de Brasília,12.860435175836,queima prescrita,manejo,planet,Queima do dia 09/04,100,5/4/2025 12:00:00 AM,2025,mai,05,manejo,interior,12.860435175836,0,CERRADO,GR 3 - CENTRO-OESTE,Núcleo de Gestão Integrada - ICMBio Brasília-Contagem, ,,,,139472.356445313,2074.11592223758, 
358925,0000.00.0023,APA do Planalto Central,0.0108421707749083,queima prescrita,manejo,planet,Queima do dia 09/04,100,5/4/2025 12:00:00 AM,2025,mai,05,manejo,interior,0.0108421707749083,0,CERRADO,GR 3 - CENTRO-OESTE,-, ,,,,117.5654296875,66.1443833314283, 
358926,0000.00.0159,PARNA de Brasília,3.62507063852076,queima prescrita,manejo,planet,Queima do dia 09/04,100,5/4/2025 12:00:00 AM,2025,mai,05,manejo,interior,3.62507063852076,0,CERRADO,GR 3 - CENTRO-OESTE,Núcleo de Gestão Integrada - ICMBio Brasília-Contagem, ,,,,39308.021484375,1553.15051797714, 
358927,0000.00.0159,PARNA de Brasília,1.35704227133375,queima prescrita,manejo,planet,Queima do dia 09/04,100,5/4/2025 12:00:00 AM,2025,mai,05,manejo,interior,1.35704227133375,0,CERRADO,GR 3 - CENTRO-OESTE,Núcleo de Gestão Integrada - ICMBio Brasília-Contagem, ,,,,14714.4736328125,947.276467567388, 
358928,0000.00.0272,PARNA da Chapada das Mesas,169.613091565182,queima prescrita,manejo,planet,Queima entre os dias 26/05 e 27/05,147,5/28/2025 12:00:00 AM,2025,mai,05,manejo,interior,169.613091565182,0,CERRADO,GR 2 - NORDESTE,-, ,,,,1734108.95361328,12733.882152667,CT Fortaleza
358929,0000.00.0159,PARNA de Brasília,223.425915266263,queima prescrita,manejo,planet,Queima do dia 08/04,99,5/4/2025 12:00:00 AM,2025,mai,05,manejo,interior,223.425915266263,0,CERRADO,GR 3 - CENTRO-OESTE,Núcleo de Gestão Integrada - ICMBio Brasília-Contagem, ,,,,2424329.64550781,15025.711841246, 
358930,0000.00.0159,PARNA de Brasília,14.2309701782904,queima prescrita,manejo,planet,Queima do dia 09/04,100,5/4/2025 12:00:00 AM,2025,mai,05,manejo,interior,14.2309701782904,0,CERRADO,GR 3 - CENTRO-OESTE,Núcleo de Gestão Integrada - ICMBio Brasília-Contagem, ,,,,154270.634765625,3900.97726728766, 
358931,0000.00.0076,ESEC Serra Geral do Tocantins,277.583186174044,queima controlada,manejo,planet,Queima do dia 21/05,142,5/26/2025 12:00:00 AM,2025,mai,05,manejo,interior,277.583186174044,0,CERRADO,GR 3 - CENTRO-OESTE,-, ,,,,2892529.99072266,13519.8068174982, 
358932,0000.00.0076,ESEC Serra Geral do Tocantins,1473.06323837761,queima prescrita,manejo,planet,Queima do dia 11/05,132,5/26/2025 12:00:00 AM,2025,mai,05,manejo,interior,1473.06323837761,0,CERRADO,GR 3 - CENTRO-OESTE,-, ,,,,15348955.3911133,42657.6676916919, 
358933,0000.00.0272,PARNA da Chapada das Mesas,882.407895416124,queima prescrita,manejo,planet,Queima entre os dias 26/05 e 27/05,147,5/28/2025 12:00:00 AM,2025,mai,05,manejo,interior,882.407895416124,0,CERRADO,GR 2 - NORDESTE,-, ,,,,9021827.41186523,30896.896523342,CT Fortaleza
358934,0000.00.0076,ESEC Serra Geral do Tocantins,701.973272706835,queima prescrita,manejo,planet,Queima do dia 11/05,132,5/26/2025 12:00:00 AM,2025,mai,05,manejo,interior,701.973272706835,0,CERRADO,GR 3 - CENTRO-OESTE,-, ,,,,7312766.93505859,25036.7863098544, 
358935,0000.00.0076,ESEC Serra Geral do Tocantins,8.72530722120792,queima controlada,manejo,planet,Queima do dia 18/05,132,5/26/2025 12:00:00 AM,2025,mai,05,manejo,interior,8.72530722120792,0,CERRADO,GR 3 - CENTRO-OESTE,-, ,,,,90969.1948242188,1336.60767457796, 
358936,0000.00.0272,PARNA da Chapada das Mesas,455.576125369358,queima prescrita,manejo,planet,Queima do dia 16/05,137,5/28/2025 12:00:00 AM,2025,mai,05,manejo,interior,455.576125369358,0,CERRADO,GR 2 - NORDESTE,-, ,,,,4658995.22485352,11494.594398403,CT Fortaleza
358937,0000.00.0076,ESEC Serra Geral do Tocantins,512.484574607161,queima controlada,manejo,planet,Queima do dia 21/05,142,5/28/2025 12:00:00 AM,2025,mai,05,manejo,interior,512.484574607161,0,CERRADO,GR 3 - CENTRO-OESTE,-, ,,,,5340781.41308594,20789.6955923694, 
358938,0000.00.0272,PARNA da Chapada das Mesas,246.460247449415,queima prescrita,manejo,planet,Queima do dia 27/05,148,5/28/2025 12:00:00 AM,2025,mai,05,manejo,interior,246.460247449415,0,CERRADO,GR 2 - NORDESTE,-, ,,,,2520380.20654297,9935.67345563339,CT Fortaleza
358939,0000.00.0272,PARNA da Chapada das Mesas,232.793015788546,queima prescrita,manejo,planet,Queima entre os dias 26/05 e 26/05,147,5/28/2025 12:00:00 AM,2025,mai,05,manejo,interior,232.793015788546,0,CERRADO,GR 2 - NORDESTE,-, ,,,,2380821.15478516,8268.42284738703,CT Fortaleza
358940,0000.00.0168,PARNA do Araguaia,6.28478642585857,queima prescrita,manejo,planet,Queima do dia 19/07. Operação conjunta entre ICMBio e IBAMA,200,7/20/2025 12:00:00 AM,2025,jul,07,manejo,interior,6.28478642585857,0,CERRADO,GR 3 - CENTRO-OESTE,-, ,,,,65677.0366210938,1147.93194439198, 
358941,0000.00.0076,ESEC Serra Geral do Tocantins,336.533152772445,gestao de ignicao antropica,manejo,planet,Queima do dia 25/05,146,5/28/2025 12:00:00 AM,2025,mai,05,manejo,interior,336.533152772445,0,CERRADO,GR 3 - CENTRO-OESTE,-, ,,,,3506182.42285156,21316.9251962075, 
358942,0000.00.0272,PARNA da Chapada das Mesas,28.2228818139824,queima prescrita,manejo,planet,Queima entre os dias 27/05 e 01/06,148,5/28/2025 12:00:00 AM,2025,mai,05,manejo,interior,28.2228818139824,0,CERRADO,GR 2 - NORDESTE,-, ,,,,288710.804443359,2303.93214199867,CT Fortaleza
358943,0000.00.0272,PARNA da Chapada das Mesas,489.004903470438,queima prescrita,manejo,planet,Queima do dia 27/05,148,5/28/2025 12:00:00 AM,2025,mai,05,manejo,interior,489.004903470438,0,CERRADO,GR 2 - NORDESTE,-, ,,,,5000588.46850586,15463.1685669249,CT Fortaleza
358944,0000.00.0272,PARNA da Chapada das Mesas,36.0170212748605,queima prescrita,manejo,planet,Queima entre os dias 27/05 e 01/06,148,5/28/2025 12:00:00 AM,2025,mai,05,manejo,interior,36.0170212748605,0,CERRADO,GR 2 - NORDESTE,-, ,,,,368437.2890625,5076.89165104139,CT Fortaleza
358945,0000.00.0159,PARNA de Brasília,14.9583654447974,queima prescrita,manejo,planet,Queima do dia 08/04,99,5/4/2025 12:00:00 AM,2025,mai,05,manejo,interior,14.9583654447974,0,CERRADO,GR 3 - CENTRO-OESTE,Núcleo de Gestão Integrada - ICMBio Brasília-Contagem, ,,,,162320.659179688,2653.1040797185, 
358946,0000.00.0159,PARNA de Brasília,1.8136142570507,queima prescrita,manejo,planet,Queima do dia 08/04,99,5/4/2025 12:00:00 AM,2025,mai,05,manejo,interior,1.8136142570507,0,CERRADO,GR 3 - CENTRO-OESTE,Núcleo de Gestão Integrada - ICMBio Brasília-Contagem, ,,,,19679.6767578125,625.468135737943, 
358947,0000.00.0272,PARNA da Chapada das Mesas,1329.04171777421,queima prescrita,manejo,planet,Queima entre os dias 17/05 e 18/05,138,5/28/2025 12:00:00 AM,2025,mai,05,manejo,interior,1329.04171777421,0,CERRADO,GR 2 - NORDESTE,-, ,,,,13588300.6003418,29352.8175853779,CT Fortaleza
358948,0000.00.0272,PARNA da Chapada das Mesas,248.417263293667,queima prescrita,manejo,planet,Queima entre os dias 26/05 e 27/05,147,5/28/2025 12:00:00 AM,2025,mai,05,manejo,interior,248.417263293667,0,CERRADO,GR 2 - NORDESTE,-, ,,,,2540003.28588867,11303.7613319973,CT Fortaleza
358949,0000.00.0272,PARNA da Chapada das Mesas,681.51206612634,queima prescrita,manejo,planet,Queima entre os dias 27/05 e 01/06,148,5/28/2025 12:00:00 AM,2025,mai,05,manejo,interior,681.51206612634,0,CERRADO,GR 2 - NORDESTE,-, ,,,,6971763.96435547,23649.2574873419,CT Fortaleza
358950,0000.00.0272,PARNA da Chapada das Mesas,72.7364348678716,queima prescrita,manejo,planet,Queima do dia 27/05,148,5/28/2025 12:00:00 AM,2025,mai,05,manejo,interior,72.7364348678716,0,CERRADO,GR 2 - NORDESTE,-, ,,,,743810.824707031,5761.38562975715,CT Fortaleza
358951,0000.00.0272,PARNA da Chapada das Mesas,121.494182695348,queima prescrita,manejo,planet,Queima do dia 27/05,148,5/28/2025 12:00:00 AM,2025,mai,05,manejo,interior,121.494182695348,0,CERRADO,GR 2 - NORDESTE,-, ,,,,1242335.74462891,5132.0857336686,CT Fortaleza
358952,0000.00.0272,PARNA da Chapada das Mesas,266.51112333358,queima prescrita,manejo,planet,Queima entre os dias 27/05 e 01/06,148,6/23/2025 12:00:00 AM,2025,jun,06,manejo,interior,266.51112333358,0,CERRADO,GR 2 - NORDESTE,-, ,,,,2726621.08276367,8478.49853234964,CT Fortaleza
358953,0000.00.0272,PARNA da Chapada das Mesas,319.137858581346,queima prescrita,manejo,planet,Queima do dia 03/06,155,6/23/2025 12:00:00 AM,2025,jun,06,manejo,interior,319.137858581346,0,CERRADO,GR 2 - NORDESTE,-, ,,,,3262839.12817383,15691.8754161541,CT Fortaleza
358954,0000.00.0168,PARNA do Araguaia,13.7327531590933,queima prescrita,manejo,planet,Queima do dia 26/06. Operação conjunta entre ICMBio e IBAMA.,178,6/29/2025 12:00:00 AM,2025,jun,06,manejo,interior,13.7327531590933,0,CERRADO,GR 3 - CENTRO-OESTE,-, ,,,,143229.856445313,2357.32226014461, 
358955,0000.00.0076,ESEC Serra Geral do Tocantins,234.308964025467,queima controlada,manejo,planet,Queima do dia 15/06,167,6/24/2025 12:00:00 AM,2025,jun,06,manejo,interior,234.308964025467,0,CERRADO,GR 3 - CENTRO-OESTE,-, ,,,,2442127.6328125,11003.2142304117, 
358956,0000.00.0284,PARNA dos Campos Amazônicos,283.071333245269,queima prescrita,manejo,planet,Queima do dia 14/06,166,6/20/2025 12:00:00 AM,2025,jun,06,manejo,interior,283.071333245269,0,AMAZÔNIA,GR 1 - NORTE,Núcleo de Gestão Integrada - ICMBio Humaitá,CR Porto V,,,,2912120.77490234,12938.7592392869,CT Porto Velho
358957,0000.00.0272,PARNA da Chapada das Mesas,203.715727812654,queima controlada,manejo,planet,Queima do dia 16/06,168,6/23/2025 12:00:00 AM,2025,jun,06,manejo,interior,203.715727812654,0,CERRADO,GR 2 - NORDESTE,-, ,,,,2082659.34814453,7274.49583758545,CT Fortaleza
358958,0000.00.0168,PARNA do Araguaia,5.20055203585496,queima prescrita,manejo,planet,Queima do dia 26/06. Operação conjunta entre ICMBio e IBAMA.,178,6/29/2025 12:00:00 AM,2025,jun,06,manejo,interior,5.20055203585496,0,CERRADO,GR 3 - CENTRO-OESTE,-, ,,,,54241.8579101563,1079.22141390576, 
358959,0000.00.0284,PARNA dos Campos Amazônicos,624.631671298442,queima prescrita,manejo,planet,Queima do dia 13/06,165,6/20/2025 12:00:00 AM,2025,jun,06,manejo,interior,624.631671298442,0,AMAZÔNIA,GR 1 - NORTE,Núcleo de Gestão Integrada - ICMBio Humaitá,CR Porto V,,,,6427380.18359375,18063.8272183828,CT Porto Velho
358960,0000.00.0284,PARNA dos Campos Amazônicos,101.517481041739,queima prescrita,manejo,planet,Queima do dia 14/06,166,6/20/2025 12:00:00 AM,2025,jun,06,manejo,interior,101.517481041739,0,AMAZÔNIA,GR 1 - NORTE,Núcleo de Gestão Integrada - ICMBio Humaitá,CR Porto V,,,,1044243.22998047,9329.01841486204,CT Porto Velho
358961,0000.00.0284,PARNA dos Campos Amazônicos,58.8048613147049,queima prescrita,manejo,planet,Queima do dia 14/06,166,6/20/2025 12:00:00 AM,2025,jun,06,manejo,interior,58.8048613147049,0,AMAZÔNIA,GR 1 - NORTE,Núcleo de Gestão Integrada - ICMBio Humaitá,CR Porto V,,,,604939.830566406,4479.48176985507,CT Porto Velho
358962,0000.00.0272,PARNA da Chapada das Mesas,287.626305002041,queima prescrita,manejo,planet,Queima do dia 12/06,164,6/23/2025 12:00:00 AM,2025,jun,06,manejo,interior,287.626305002041,0,CERRADO,GR 2 - NORDESTE,-, ,,,,2941985.38989258,11972.9134629991,CT Fortaleza
358963,0000.00.0272,PARNA da Chapada das Mesas,224.717801067815,queima prescrita,manejo,planet,Queima entre os dias 27/05 e 01/06,148,6/23/2025 12:00:00 AM,2025,jun,06,manejo,interior,224.717801067815,0,CERRADO,GR 2 - NORDESTE,-, ,,,,2299039.20556641,6872.8521191092,CT Fortaleza
358964,0000.00.0272,PARNA da Chapada das Mesas,63.5775166412846,queima prescrita,manejo,planet,Queima entre os dias 27/05 e 01/06,148,6/23/2025 12:00:00 AM,2025,jun,06,manejo,interior,63.5775166412846,0,CERRADO,GR 2 - NORDESTE,-, ,,,,650467.623779297,5942.87318611678,CT Fortaleza
358965,0000.00.1633,PARNA Mapinguari,140.384389210991,queima prescrita,manejo,planet,Queima do dia 11/06,163,6/20/2025 12:00:00 AM,2025,jun,06,manejo,interior,140.384389210991,0,AMAZÔNIA,GR 1 - NORTE,Núcleo de Gestão Integrada - ICMBio Porto Velho,CR Porto V,,,,1446402.87304688,9067.70461586119,CT Porto Velho
358966,0000.00.0284,PARNA dos Campos Amazônicos,323.92017523316,queima prescrita,manejo,planet,Queima do dia 14/06,166,6/20/2025 12:00:00 AM,2025,jun,06,manejo,interior,323.92017523316,0,AMAZÔNIA,GR 1 - NORTE,Núcleo de Gestão Integrada - ICMBio Humaitá,CR Porto V,,,,3333559.13574219,13347.3520728468,CT Porto Velho
358967,0000.00.0138,PARNA da Chapada dos Guimaraes,3.19682903670026,queima prescrita,manejo,planet,Queima do dia 19/06,171,6/22/2025 12:00:00 AM,2025,jun,06,manejo,interior,3.19682903670026,0,CERRADO,GR 3 - CENTRO-OESTE,-, ,,,,34541.5576171875,1556.57645805351,CT - GR3
358968,0000.00.0138,PARNA da Chapada dos Guimaraes,8.97912278359492,queima prescrita,manejo,planet,Queima do dia 22/06,174,6/25/2025 12:00:00 AM,2025,jun,06,manejo,interior,8.97912278359492,0,CERRADO,GR 3 - CENTRO-OESTE,-, ,,,,97042.9169921875,2623.49827210354,CT - GR3
358969,0000.00.0168,PARNA do Araguaia,97.559327710034,queima prescrita,manejo,planet,Queima do dia 28/06. Operação conjunta entre ICMBio e IBAMA.,180,6/29/2025 12:00:00 AM,2025,jun,06,manejo,interior,97.559327710034,0,CERRADO,GR 3 - CENTRO-OESTE,-, ,,,,1018502.38818359,8285.39384047561, 
358970,0000.00.0168,PARNA do Araguaia,13.6633032140953,queima prescrita,manejo,planet,Queima do dia 26/06. Operação conjunta entre ICMBio e IBAMA.,178,6/29/2025 12:00:00 AM,2025,jun,06,manejo,interior,13.6633032140953,0,CERRADO,GR 3 - CENTRO-OESTE,-, ,,,,142800.303222656,1942.62880680985, 
358971,0000.00.0138,PARNA da Chapada dos Guimaraes,63.0235417811797,queima prescrita,manejo,planet,Queima do dia 19/06,171,6/22/2025 12:00:00 AM,2025,jun,06,manejo,interior,63.0235417811797,0,CERRADO,GR 3 - CENTRO-OESTE,-, ,,,,680952.7890625,9927.4004811019,CT - GR3
358972,0000.00.0006,APA da Baleia Franca,2.98149692963755,incendio,incendio,planet, ,351,12/23/2025 12:00:00 AM,2025,dez,12,incendio,interior,2.98149692963755,0,MATA ATLÂNTICA,GR 5 - SUL,-, ,,,,38701.365234375,1217.82880551984, 
358973,0000.00.0284,PARNA dos Campos Amazônicos,237.344268762811,queima prescrita,manejo,planet,Queima do dia 14/06,166,6/20/2025 12:00:00 AM,2025,jun,06,manejo,interior,237.344268762811,0,AMAZÔNIA,GR 1 - NORTE,Núcleo de Gestão Integrada - ICMBio Humaitá,CR Porto V,,,,2442076.00292969,12161.4494199148,CT Porto Velho
358974,0000.00.0284,PARNA dos Campos Amazônicos,170.149847110908,queima prescrita,manejo,planet,Queima do dia 14/06,166,6/20/2025 12:00:00 AM,2025,jun,06,manejo,interior,170.149847110908,0,AMAZÔNIA,GR 1 - NORTE,Núcleo de Gestão Integrada - ICMBio Humaitá,CR Porto V,,,,1750730.78222656,9675.0345706828,CT Porto Velho
358975,0000.00.1633,PARNA Mapinguari,230.666706046504,queima prescrita,manejo,planet,Queima do dia 12/06,164,6/20/2025 12:00:00 AM,2025,jun,06,manejo,interior,230.666706046504,0,AMAZÔNIA,GR 1 - NORTE,Núcleo de Gestão Integrada - ICMBio Porto Velho,CR Porto V,,,,2364030.88867188,9485.35124828581,CT Porto Velho
358976,0000.00.0168,PARNA do Araguaia,7.68496125108813,queima prescrita,manejo,planet,Queima do dia 19/07. Operação conjunta entre ICMBio e IBAMA,200,7/20/2025 12:00:00 AM,2025,jul,07,manejo,interior,7.68496125108813,0,CERRADO,GR 3 - CENTRO-OESTE,-, ,,,,80305.740234375,1452.47115780665, 
358977,0000.00.0284,PARNA dos Campos Amazônicos,434.953350189279,queima prescrita,manejo,planet,Queima do dia 14/06,166,6/20/2025 12:00:00 AM,2025,jun,06,manejo,interior,434.953350189279,0,AMAZÔNIA,GR 1 - NORTE,Núcleo de Gestão Integrada - ICMBio Humaitá,CR Porto V,,,,4474086.28369141,18281.8731489149,CT Porto Velho
358978,0000.00.1633,PARNA Mapinguari,129.035611135594,queima prescrita,manejo,planet,Queima do dia 12/06,164,6/20/2025 12:00:00 AM,2025,jun,06,manejo,interior,129.035611135594,0,AMAZÔNIA,GR 1 - NORTE,Núcleo de Gestão Integrada - ICMBio Porto Velho,CR Porto V,,,,1322582.73828125,6370.24829482928,CT Porto Velho
358979,0000.00.0168,PARNA do Araguaia,53.4391559696927,queima prescrita,manejo,planet,Queima do dia 28/06. Operação conjunta entre ICMBio e IBAMA.,180,6/29/2025 12:00:00 AM,2025,jun,06,manejo,interior,53.4391559696927,0,CERRADO,GR 3 - CENTRO-OESTE,-, ,,,,557819.569824219,4045.39602944472, 
358980,0000.00.1633,PARNA Mapinguari,375.179787136881,queima prescrita,manejo,planet,Queima entre os dias 09/06 e 10/06,161,6/20/2025 12:00:00 AM,2025,jun,06,manejo,interior,375.179787136881,0,AMAZÔNIA,GR 1 - NORTE,Núcleo de Gestão Integrada - ICMBio Porto Velho,CR Porto V,,,,3843371.38232422,21512.7388736393,CT Porto Velho
358981,0000.00.1633,PARNA Mapinguari,45.7879880550814,queima prescrita,manejo,planet,Queima do dia 10/06,162,6/20/2025 12:00:00 AM,2025,jun,06,manejo,interior,45.7879880550814,0,AMAZÔNIA,GR 1 - NORTE,Núcleo de Gestão Integrada - ICMBio Porto Velho,CR Porto V,,,,469307.963867188,3668.76563424178,CT Porto Velho
358982,0000.00.1633,PARNA Mapinguari,14.0119433310179,queima prescrita,manejo,planet,Queima do dia 10/06,162,6/20/2025 12:00:00 AM,2025,jun,06,manejo,interior,14.0119433310179,0,AMAZÔNIA,GR 1 - NORTE,Núcleo de Gestão Integrada - ICMBio Porto Velho,CR Porto V,,,,143620.98828125,1877.29856883531,CT Porto Velho
358983,0000.00.0168,PARNA do Araguaia,0.961161934702396,queima prescrita,manejo,planet,Queima do dia 19/07. Operação conjunta entre ICMBio e IBAMA,200,7/20/2025 12:00:00 AM,2025,jul,07,manejo,interior,0.961161934702396,0,CERRADO,GR 3 - CENTRO-OESTE,-, ,,,,10043.9672851563,409.175136103127, 
358984,0000.00.1633,PARNA Mapinguari,258.671974770524,queima prescrita,manejo,planet,Queima do dia 10/06,162,6/20/2025 12:00:00 AM,2025,jun,06,manejo,interior,258.671974770524,0,AMAZÔNIA,GR 1 - NORTE,Núcleo de Gestão Integrada - ICMBio Porto Velho,CR Porto V,,,,2651153.79443359,14815.6524272097,CT Porto Velho
358985,0000.00.1633,PARNA Mapinguari,35.0764456609873,queima prescrita,manejo,planet,Queima do dia 09/06,161,6/20/2025 12:00:00 AM,2025,jun,06,manejo,interior,35.0764456609873,0,AMAZÔNIA,GR 1 - NORTE,Núcleo de Gestão Integrada - ICMBio Porto Velho,CR Porto V,,,,359515.814941406,3319.49647893583,CT Porto Velho
358986,0000.00.1633,PARNA Mapinguari,85.4071700590129,queima prescrita,manejo,planet,Queima do dia 09/06,161,6/20/2025 12:00:00 AM,2025,jun,06,manejo,interior,85.4071700590129,0,AMAZÔNIA,GR 1 - NORTE,Núcleo de Gestão Integrada - ICMBio Porto Velho,CR Porto V,,,,875525.237792969,6045.05497271873,CT Porto Velho
358987,0000.00.0065,ESEC de Uruçuí-Una,30.3172225418373,queima prescrita,manejo,planet,Queima do dia 10/06,162,6/24/2025 12:00:00 AM,2025,jun,06,manejo,interior,30.3172225418373,0,CERRADO,GR 2 - NORDESTE,-, ,,,,312662.751953125,3245.35503547496,CT Fortaleza
358988,0000.00.0168,PARNA do Araguaia,14.5901904696155,queima prescrita,manejo,planet,Queima do dia 28/06. Operação conjunta entre ICMBio e IBAMA.,180,6/29/2025 12:00:00 AM,2025,jun,06,manejo,interior,14.5901904696155,0,CERRADO,GR 3 - CENTRO-OESTE,-, ,,,,152288.526367188,2089.7663035128, 
358989,0000.00.1633,PARNA Mapinguari,1293.41385716371,queima prescrita,manejo,planet,Queima entre os dias 11/06 e 13/06,163,6/20/2025 12:00:00 AM,2025,jun,06,manejo,interior,1293.41385716371,0,AMAZÔNIA,GR 1 - NORTE,Núcleo de Gestão Integrada - ICMBio Porto Velho,CR Porto V,,,,13264491.375,29310.082035845,CT Porto Velho
358990,0000.00.0065,ESEC de Uruçuí-Una,290.647331054012,queima prescrita,manejo,planet,Queima do dia 17/06,169,6/24/2025 12:00:00 AM,2025,jun,06,manejo,interior,290.647331054012,0,CERRADO,GR 2 - NORDESTE,-, ,,,,2997134.43164063,14071.3616834572,CT Fortaleza
358991,0000.00.0168,PARNA do Araguaia,6.04866609893071,queima prescrita,manejo,planet,Queima entre os dias 03/07 e 04/07. Operação conjunta entre ICMBio e IBAMA,184,7/13/2025 12:00:00 AM,2025,jul,07,manejo,interior,6.04866609893071,0,CERRADO,GR 3 - CENTRO-OESTE,-, ,,,,63117.7314453125,1449.11171259469, 
358992,0000.00.1633,PARNA Mapinguari,582.484224962628,queima prescrita,manejo,planet,Queima entre os dias 11/06 e 13/06,163,6/20/2025 12:00:00 AM,2025,jun,06,manejo,interior,582.484224962628,0,AMAZÔNIA,GR 1 - NORTE,Núcleo de Gestão Integrada - ICMBio Porto Velho,CR Porto V,,,,5998728.24804688,17601.8454861911,CT Porto Velho
358993,0000.00.0138,PARNA da Chapada dos Guimaraes,92.2904185872858,queima prescrita,manejo,planet,Queima do dia 22/06,174,6/25/2025 12:00:00 AM,2025,jun,06,manejo,interior,92.2904185872858,0,CERRADO,GR 3 - CENTRO-OESTE,-, ,,,,997739.815429688,8971.7920457506,CT - GR3
358994,0000.00.0138,PARNA da Chapada dos Guimaraes,209.755880872593,queima prescrita,manejo,planet,Queima do dia 22/06,174,6/25/2025 12:00:00 AM,2025,jun,06,manejo,interior,209.755880872593,0,CERRADO,GR 3 - CENTRO-OESTE,-, ,,,,2268013.02246094,13409.1241781551,CT - GR3
358995,0000.00.0168,PARNA do Araguaia,293.25486339695,incendio,incendio,planet, ,154,6/8/2025 12:00:00 AM,2025,jun,06,incendio,interior,293.25486339695,0,CERRADO,GR 3 - CENTRO-OESTE,-, ,,,,3044116.44433594,11670.6639377158, 
358996,0000.00.0284,PARNA dos Campos Amazônicos,270.849699595854,queima prescrita,manejo,planet,Queima entre os dias 10/06 e 11/06,162,6/12/2025 12:00:00 AM,2025,jun,06,manejo,interior,270.849699595854,0,AMAZÔNIA,GR 1 - NORTE,Núcleo de Gestão Integrada - ICMBio Humaitá,CR Porto V,,,,2785798.81787109,10357.3414486601,CT Porto Velho
358997,0000.00.0272,PARNA da Chapada das Mesas,54.8519848147236,queima prescrita,manejo,planet,Queima do dia 17/05,138,5/28/2025 12:00:00 AM,2025,mai,05,manejo,interior,54.8519848147236,0,CERRADO,GR 2 - NORDESTE,-, ,,,,560287.193359375,4350.64046412548,CT Fortaleza
358998,0000.00.0168,PARNA do Araguaia,14.4507492650639,queima prescrita,manejo,planet,Queima entre os dias 27/06 e 28/06. Operação conjunta entre ICMBio e IBAMA.,179,6/29/2025 12:00:00 AM,2025,jun,06,manejo,interior,14.4507492650639,0,CERRADO,GR 3 - CENTRO-OESTE,-, ,,,,150714.095214844,2024.0011895313, 
358999,0000.00.0076,ESEC Serra Geral do Tocantins,1796.59680151969,queima prescrita,manejo,planet,Queima do dia 06/05,127,5/21/2025 12:00:00 AM,2025,mai,05,manejo,interior,1796.59680151969,0,CERRADO,GR 3 - CENTRO-OESTE,-, ,,,,18703220.6728516,35768.7441368277, 
359000,0000.00.0168,PARNA do Araguaia,2.04202350308595,queima prescrita,manejo,planet,Queima entre os dias 27/06 e 28/06. Operação conjunta entre ICMBio e IBAMA.,179,6/29/2025 12:00:00 AM,2025,jun,06,manejo,interior,2.04202350308595,0,CERRADO,GR 3 - CENTRO-OESTE,-, ,,,,21297.6479492188,656.006083476534, 
359001,0000.00.0168,PARNA do Araguaia,0.580229263556266,queima prescrita,manejo,planet,Queima entre os dias 27/06 e 28/06. Operação conjunta entre ICMBio e IBAMA.,179,6/29/2025 12:00:00 AM,2025,jun,06,manejo,interior,0.580229263556266,0,CERRADO,GR 3 - CENTRO-OESTE,-, ,,,,6051.7978515625,317.005768459063, 
359002,0000.00.0168,PARNA do Araguaia,123.657861050817,queima prescrita,manejo,planet,Queima do dia 28/06. Operação conjunta entre ICMBio e IBAMA.,180,6/29/2025 12:00:00 AM,2025,jun,06,manejo,interior,123.657861050817,0,CERRADO,GR 3 - CENTRO-OESTE,-, ,,,,1290640.52441406,7053.19023323444, 
359003,0000.00.0168,PARNA do Araguaia,4.85523221580368,queima prescrita,manejo,planet,Queima do dia 28/06. Operação conjunta entre ICMBio e IBAMA.,180,6/29/2025 12:00:00 AM,2025,jun,06,manejo,interior,4.85523221580368,0,CERRADO,GR 3 - CENTRO-OESTE,-, ,,,,50675.9521484375,967.372443690682, 
359004,0000.00.0076,ESEC Serra Geral do Tocantins,939.842512258252,incendio,incendio,planet, ,275,10/27/2025 12:00:00 AM,2025,out,10,incendio,interior,939.842512258252,0,CERRADO,GR 3 - CENTRO-OESTE,-, ,,,,9801884.97998047,26205.7321785447, 
359005,0000.00.0076,ESEC Serra Geral do Tocantins,2101.5012252226,incendio,incendio,planet, ,281,10/27/2025 12:00:00 AM,2025,out,10,incendio,interior,2101.5012252226,0,CERRADO,GR 3 - CENTRO-OESTE,-, ,,,,21898846.6118164,50452.4719270207, 
359006,0000.00.0168,PARNA do Araguaia,163.210971366945,queima prescrita,manejo,planet,Queima do dia 28/06. Operação conjunta entre ICMBio e IBAMA.,180,6/29/2025 12:00:00 AM,2025,jun,06,manejo,interior,163.210971366945,0,CERRADO,GR 3 - CENTRO-OESTE,-, ,,,,1703158.12060547,11963.907684194, 
359007,0000.00.0168,PARNA do Araguaia,34.3504854179754,queima prescrita,manejo,planet,Queima do dia 28/06. Operação conjunta entre ICMBio e IBAMA.,180,6/29/2025 12:00:00 AM,2025,jun,06,manejo,interior,34.3504854179754,0,CERRADO,GR 3 - CENTRO-OESTE,-, ,,,,358499.766601563,4581.69743249823, 
359008,0000.00.0168,PARNA do Araguaia,9.98634085709914,queima prescrita,manejo,planet,Queima do dia 28/06. Operação conjunta entre ICMBio e IBAMA.,180,6/29/2025 12:00:00 AM,2025,jun,06,manejo,interior,9.98634085709914,0,CERRADO,GR 3 - CENTRO-OESTE,-, ,,,,104224.098144531,1813.71430529954, 
359009,0000.00.0168,PARNA do Araguaia,4.47949978206483,queima prescrita,manejo,planet,Queima do dia 26/06. Operação conjunta entre ICMBio e IBAMA.,178,6/29/2025 12:00:00 AM,2025,jun,06,manejo,interior,4.47949978206483,0,CERRADO,GR 3 - CENTRO-OESTE,-, ,,,,46720.7133789063,1180.90915698861, 
359010,0000.00.0168,PARNA do Araguaia,157.683815722514,queima prescrita,manejo,planet,Queima do dia 28/06. Operação conjunta entre ICMBio e IBAMA.,180,6/29/2025 12:00:00 AM,2025,jun,06,manejo,interior,157.683815722514,0,CERRADO,GR 3 - CENTRO-OESTE,-, ,,,,1646122.02880859,18385.7860732278, 
359011,0000.00.0168,PARNA do Araguaia,7.26070648738529,queima prescrita,manejo,planet,Queima do dia 28/06. Operação conjunta entre ICMBio e IBAMA.,180,6/29/2025 12:00:00 AM,2025,jun,06,manejo,interior,7.26070648738529,0,CERRADO,GR 3 - CENTRO-OESTE,-, ,,,,75811.0463867188,1510.28771736792, 
359012,0000.00.0168,PARNA do Araguaia,1.1533917054524,queima prescrita,manejo,planet,Queima do dia 28/06. Operação conjunta entre ICMBio e IBAMA.,180,6/29/2025 12:00:00 AM,2025,jun,06,manejo,interior,1.1533917054524,0,CERRADO,GR 3 - CENTRO-OESTE,-, ,,,,12042.6811523438,766.413760171351, 
359013,0000.00.0168,PARNA do Araguaia,28.536781081097,queima prescrita,manejo,planet,Queima do dia 28/06. Operação conjunta entre ICMBio e IBAMA.,180,6/29/2025 12:00:00 AM,2025,jun,06,manejo,interior,28.536781081097,0,CERRADO,GR 3 - CENTRO-OESTE,-, ,,,,297956.350585938,2601.9312269401, 
359014,0000.00.0168,PARNA do Araguaia,28.0130245249222,queima prescrita,manejo,planet,Queima do dia 27/06. Operação conjunta entre ICMBio e IBAMA.,179,6/29/2025 12:00:00 AM,2025,jun,06,manejo,interior,28.0130245249222,0,CERRADO,GR 3 - CENTRO-OESTE,-, ,,,,292209.934570313,3587.11996652632, 
359015,0000.00.0168,PARNA do Araguaia,3.27647446505058,queima prescrita,manejo,planet,Queima do dia 27/06. Operação conjunta entre ICMBio e IBAMA.,179,6/29/2025 12:00:00 AM,2025,jun,06,manejo,interior,3.27647446505058,0,CERRADO,GR 3 - CENTRO-OESTE,-, ,,,,34185.5932617188,841.940553342043, 
359016,0000.00.0168,PARNA do Araguaia,200.847751139535,queima prescrita,manejo,planet,Queima do dia 27/06. Operação conjunta entre ICMBio e IBAMA.,179,6/29/2025 12:00:00 AM,2025,jun,06,manejo,interior,200.847751139535,0,CERRADO,GR 3 - CENTRO-OESTE,-, ,,,,2094769.5859375,11424.6783741221, 
359017,0000.00.0168,PARNA do Araguaia,3.69518560653854,queima prescrita,manejo,planet,Queima do dia 27/06. Operação conjunta entre ICMBio e IBAMA.,179,6/29/2025 12:00:00 AM,2025,jun,06,manejo,interior,3.69518560653854,0,CERRADO,GR 3 - CENTRO-OESTE,-, ,,,,38542.2880859375,898.362019218485, 
359018,0000.00.0168,PARNA do Araguaia,266.928226248328,queima prescrita,manejo,planet,Queima do dia 27/06. Operação conjunta entre ICMBio e IBAMA.,179,6/29/2025 12:00:00 AM,2025,jun,06,manejo,interior,266.928226248328,0,CERRADO,GR 3 - CENTRO-OESTE,-, ,,,,2784410.86914063,11423.9987190437, 
359019,0000.00.0168,PARNA do Araguaia,16.9566662147052,queima prescrita,manejo,planet,Queima do dia 27/06. Operação conjunta entre ICMBio e IBAMA.,179,6/29/2025 12:00:00 AM,2025,jun,06,manejo,interior,16.9566662147052,0,CERRADO,GR 3 - CENTRO-OESTE,-, ,,,,176900.255371094,2242.0248248717, 
359020,0000.00.0144,PARNA da Serra da Canastra,9.11484159865352,incendio,incendio,planet, ,362,12/30/2025 12:00:00 AM,2025,dez,12,incendio,interior,9.11484159865352,0,CERRADO,GR 4 - SUDESTE,-, ,,,,104405.700195313,2662.48220612504, 
359021,0000.00.0168,PARNA do Araguaia,5.84675245579436,queima prescrita,manejo,planet,Queima do dia 27/06. Operação conjunta entre ICMBio e IBAMA.,179,6/29/2025 12:00:00 AM,2025,jun,06,manejo,interior,5.84675245579436,0,CERRADO,GR 3 - CENTRO-OESTE,-, ,,,,61002.5678710938,925.286396733874, 
359022,0000.00.0023,APA do Planalto Central,189.782107599304,incendio,incendio,planet, ,276,11/29/2025 12:00:00 AM,2025,nov,11,incendio,interior,189.782107599304,0,CERRADO,GR 3 - CENTRO-OESTE,-, ,,,,2057637.31347656,13886.7402380198, 
359023,0000.00.0023,APA do Planalto Central,489.404791507022,incendio,incendio,planet, ,302,11/29/2025 12:00:00 AM,2025,nov,11,incendio,interior,489.404791507022,0,CERRADO,GR 3 - CENTRO-OESTE,-, ,,,,5291702.48144531,40686.0226732178, 
359024,0000.00.0168,PARNA do Araguaia,77.3682116390288,queima prescrita,manejo,planet,Queima do dia 26/06. Operação conjunta entre ICMBio e IBAMA.,178,6/29/2025 12:00:00 AM,2025,jun,06,manejo,interior,77.3682116390288,0,CERRADO,GR 3 - CENTRO-OESTE,-, ,,,,806898.046875,7218.78700188434, 
359025,0000.00.0168,PARNA do Araguaia,80.8700187207136,queima prescrita,manejo,planet,Queima do dia 26/06. Operação conjunta entre ICMBio e IBAMA.,178,6/29/2025 12:00:00 AM,2025,jun,06,manejo,interior,80.8700187207136,0,CERRADO,GR 3 - CENTRO-OESTE,-, ,,,,843390.594238281,6334.88322034431, 
359026,0000.00.0168,PARNA do Araguaia,214.740112213262,queima prescrita,manejo,planet,Queima do dia 26/06. Operação conjunta entre ICMBio e IBAMA.,178,6/29/2025 12:00:00 AM,2025,jun,06,manejo,interior,214.740112213262,0,CERRADO,GR 3 - CENTRO-OESTE,-, ,,,,2242849.77783203,10943.4403695732, 
359027,0000.00.0168,PARNA do Araguaia,23.0840675593206,queima prescrita,manejo,planet,Queima do dia 26/06. Operação conjunta entre ICMBio e IBAMA.,178,6/29/2025 12:00:00 AM,2025,jun,06,manejo,interior,23.0840675593206,0,CERRADO,GR 3 - CENTRO-OESTE,-, ,,,,241138.279296875,2385.8812705151, 
359028,0000.00.0168,PARNA do Araguaia,3.17477969322458,queima prescrita,manejo,planet,Queima do dia 26/06. Operação conjunta entre ICMBio e IBAMA.,178,6/29/2025 12:00:00 AM,2025,jun,06,manejo,interior,3.17477969322458,0,CERRADO,GR 3 - CENTRO-OESTE,-, ,,,,33162.5747070313,667.75294529549, 
359029,0000.00.0168,PARNA do Araguaia,81.6794827682487,queima prescrita,manejo,planet,Queima do dia 26/06. Operação conjunta entre ICMBio e IBAMA.,178,6/29/2025 12:00:00 AM,2025,jun,06,manejo,interior,81.6794827682487,0,CERRADO,GR 3 - CENTRO-OESTE,-, ,,,,853314.9765625,4755.95796058573, 
359030,0000.00.0168,PARNA do Araguaia,149.543996109163,queima prescrita,manejo,planet,Queima do dia 26/06. Operação conjunta entre ICMBio e IBAMA.,178,6/29/2025 12:00:00 AM,2025,jun,06,manejo,interior,149.543996109163,0,CERRADO,GR 3 - CENTRO-OESTE,-, ,,,,1563263.01855469,9090.24937930481, 
359031,0000.00.0284,PARNA dos Campos Amazônicos,8.47068398383566,queima prescrita,manejo,planet,Queima do dia 13/06,165,6/29/2025 12:00:00 AM,2025,jun,06,manejo,interior,8.47068398383566,0,AMAZÔNIA,GR 1 - NORTE,Núcleo de Gestão Integrada - ICMBio Humaitá,CR Porto V,,,,87174.9877929688,1601.43320587683,CT Porto Velho
359032,0000.00.0076,ESEC Serra Geral do Tocantins,116.006276212861,incendio,incendio,planet, ,142,5/26/2025 12:00:00 AM,2025,mai,05,incendio,interior,116.006276212861,0,CERRADO,GR 3 - CENTRO-OESTE,-, ,,,,1210201.88623047,6877.24446514398, 
359033,0000.00.0076,ESEC Serra Geral do Tocantins,35.4657281711984,incendio,incendio,planet, ,162,6/24/2025 12:00:00 AM,2025,jun,06,incendio,interior,35.4657281711984,0,CERRADO,GR 3 - CENTRO-OESTE,-, ,,,,369530.275878906,2584.17621617241, 
359034,0000.00.1633,PARNA Mapinguari,14.5777713992373,incendio,incendio,planet, ,157,6/20/2025 12:00:00 AM,2025,jun,06,incendio,interior,14.5777713992373,0,AMAZÔNIA,GR 1 - NORTE,Núcleo de Gestão Integrada - ICMBio Porto Velho,CR Porto V,,,,150416.2109375,2249.90953968746,CT Porto Velho
359035,0000.00.0076,ESEC Serra Geral do Tocantins,850.35367828028,incendio,incendio,planet, ,166,6/29/2025 12:00:00 AM,2025,jun,06,incendio,interior,850.35367828028,0,CERRADO,GR 3 - CENTRO-OESTE,-, ,,,,8852219.09912109,38731.7567197939, 
359036,0000.00.0168,PARNA do Araguaia,10.7366862394541,queima prescrita,manejo,planet,Queima do dia 16/07. Operação conjunta entre ICMBio e IBAMA,197,6/26/2025 12:00:00 AM,2025,jun,06,manejo,interior,10.7366862394541,0,CERRADO,GR 3 - CENTRO-OESTE,-, ,,,,112198.817382813,1666.17784548285, 
359037,0000.00.0139,PARNA da Chapada dos Veadeiros,283.067312324178,incendio,incendio,planet, ,177,6/26/2025 12:00:00 AM,2025,jun,06,incendio,interior,283.067312324178,0,CERRADO,GR 3 - CENTRO-OESTE,-, ,,,,3019222.42578125,16088.686607954, 
359038,0000.00.0024,APA Meandros do Rio Araguaia,121.944486083741,incendio,incendio,planet, ,176,6/29/2025 12:00:00 AM,2025,jun,06,incendio,interior,121.944486083741,0,CERRADO,GR 3 - CENTRO-OESTE,Núcleo de Gestão Integrada - ICMBio Meandros do Rio Araguaia, ,,,,1296277.08056641,4825.39408170726, 
359039,0000.00.0024,APA Meandros do Rio Araguaia,1.62282894497461,incendio,incendio,planet, ,166,6/29/2025 12:00:00 AM,2025,jun,06,incendio,interior,1.62282894497461,0,CERRADO,GR 3 - CENTRO-OESTE,Núcleo de Gestão Integrada - ICMBio Meandros do Rio Araguaia, ,,,,17241.3256835938,784.885324270274, 
359040,0000.00.0076,ESEC Serra Geral do Tocantins,80.7652681123617,gestao de ignicao antropica,manejo,planet, ,145,5/28/2025 12:00:00 AM,2025,mai,05,manejo,interior,80.7652681123617,0,CERRADO,GR 3 - CENTRO-OESTE,-, ,,,,843802.236328125,5438.25494407763, 
359041,0000.00.0168,PARNA do Araguaia,7.5916499602064,queima prescrita,manejo,planet,Queima do dia 29/06. Operação Conjunta entre ICMBio e IBAMA.,180,7/1/2025 12:00:00 AM,2025,jul,07,manejo,interior,7.5916499602064,0,CERRADO,GR 3 - CENTRO-OESTE,-, ,,,,78970.5771484375,1472.79673237747, 
359042,0000.00.0074,ESEC Raso da Catarina,17.4681276772754,incendio,incendio,planet, ,316,11/25/2025 12:00:00 AM,2025,nov,11,incendio,interior,17.4681276772754,0,CAATINGA,GR 2 - NORDESTE,Núcleo de Gestão Integrada - ICMBio Paulo Afonso, ,,,,181043.078125,2727.60263110569,CT Salvador
359043,0000.00.0024,APA Meandros do Rio Araguaia,319.334659729043,incendio,incendio,planet, ,166,6/29/2025 12:00:00 AM,2025,jun,06,incendio,interior,319.334659729043,0,CERRADO,GR 3 - CENTRO-OESTE,Núcleo de Gestão Integrada - ICMBio Meandros do Rio Araguaia, ,,,,3392948.54931641,14943.2387558171, 
359044,0000.00.0024,APA Meandros do Rio Araguaia,8.69259105175323,incendio,incendio,planet, ,176,6/29/2025 12:00:00 AM,2025,jun,06,incendio,interior,8.69259105175323,0,CERRADO,GR 3 - CENTRO-OESTE,Núcleo de Gestão Integrada - ICMBio Meandros do Rio Araguaia, ,,,,92368.779296875,1370.13498179072, 
359045,0000.00.0023,APA do Planalto Central,7.05870543167565,incendio,incendio,planet, ,170,6/29/2025 12:00:00 AM,2025,jun,06,incendio,interior,7.05870543167565,0,CERRADO,GR 3 - CENTRO-OESTE,-, ,,,,76380.7431640625,1544.1799311453, 
359046,0000.00.0076,ESEC Serra Geral do Tocantins,110.777996244938,gestao de ignicao antropica,manejo,planet, ,107,5/21/2025 12:00:00 AM,2025,mai,05,manejo,interior,110.777996244938,0,CERRADO,GR 3 - CENTRO-OESTE,-, ,,,,1154136.60693359,5374.21916907677, 
359047,0000.00.0074,ESEC Raso da Catarina,31.2254184592447,incendio,incendio,planet, ,318,11/25/2025 12:00:00 AM,2025,nov,11,incendio,interior,31.2254184592447,0,CAATINGA,GR 2 - NORDESTE,Núcleo de Gestão Integrada - ICMBio Paulo Afonso, ,,,,323717.676269531,3303.63834293003,CT Salvador
359048,0000.00.0028,APA das Nascentes do Rio Vermelho,10.0882693017651,incendio,incendio,planet, ,19,1/23/2025 12:00:00 AM,2025,jan,01,incendio,interior,10.0882693017651,0,CERRADO,GR 3 - CENTRO-OESTE,Núcleo de Gestão Integrada - ICMBio Mambaí, ,,,,108178.397460938,1583.53374242583, 
359049,0000.00.0028,APA das Nascentes do Rio Vermelho,32.5787733106254,incendio,incendio,planet, ,19,1/23/2025 12:00:00 AM,2025,jan,01,incendio,interior,32.5787733106254,0,CERRADO,GR 3 - CENTRO-OESTE,Núcleo de Gestão Integrada - ICMBio Mambaí, ,,,,349285.076171875,3063.39494031224, 
359050,0000.00.0076,ESEC Serra Geral do Tocantins,899.962171038589,queima prescrita,manejo,planet,Queima do dia 20/05,140,5/21/2025 12:00:00 AM,2025,mai,05,manejo,interior,899.962171038589,0,CERRADO,GR 3 - CENTRO-OESTE,-, ,,,,9373727.29931641,26126.4708245528, 
359051,0000.00.0028,APA das Nascentes do Rio Vermelho,71.0154611996715,incendio,incendio,planet, ,19,1/23/2025 12:00:00 AM,2025,jan,01,incendio,interior,71.0154611996715,0,CERRADO,GR 3 - CENTRO-OESTE,Núcleo de Gestão Integrada - ICMBio Mambaí, ,,,,761322.510253906,6502.73230947515, 
359052,0000.00.0076,ESEC Serra Geral do Tocantins,584.231800575081,incendio,incendio,planet, ,281,10/27/2025 12:00:00 AM,2025,out,10,incendio,interior,584.231800575081,0,CERRADO,GR 3 - CENTRO-OESTE,-, ,,,,6087217.52929688,22217.9627150797, 
359053,0000.00.0076,ESEC Serra Geral do Tocantins,8.06946058155775,incendio,incendio,planet, ,120,5/21/2025 12:00:00 AM,2025,mai,05,incendio,interior,8.06946058155775,0,CERRADO,GR 3 - CENTRO-OESTE,-, ,,,,84221.8291015625,1764.9895570626, 
359054,0000.00.0023,APA do Planalto Central,813.792111694437,incendio,incendio,planet, ,170,6/29/2025 12:00:00 AM,2025,jun,06,incendio,interior,813.792111694437,0,CERRADO,GR 3 - CENTRO-OESTE,-, ,,,,8806767.1640625,47305.583718644, 
359055,0000.00.0076,ESEC Serra Geral do Tocantins,2770.82050845872,queima prescrita,manejo,planet,Queima do dia 20/05,140,5/21/2025 12:00:00 AM,2025,mai,05,manejo,interior,2770.82050845872,0,CERRADO,GR 3 - CENTRO-OESTE,-, ,,,,28879993.2421875,62238.7004313781, 
359056,0000.00.0076,ESEC Serra Geral do Tocantins,444.430728411992,incendio,incendio,planet, ,165,6/30/2025 12:00:00 AM,2025,jun,06,incendio,interior,444.430728411992,0,CERRADO,GR 3 - CENTRO-OESTE,-, ,,,,4626466.31738281,18462.4703462886, 
359057,0000.00.0076,ESEC Serra Geral do Tocantins,0.320228020914165,incendio,incendio,planet, ,165,6/30/2025 12:00:00 AM,2025,jun,06,incendio,interior,0.320228020914165,0,CERRADO,GR 3 - CENTRO-OESTE,-, ,,,,3334.01806640625,616.257362684313, 
359058,0000.00.0076,ESEC Serra Geral do Tocantins,131.298606025556,incendio,incendio,planet, ,161,6/30/2025 12:00:00 AM,2025,jun,06,incendio,interior,131.298606025556,0,CERRADO,GR 3 - CENTRO-OESTE,-, ,,,,1366946.31298828,8604.27527397444, 
359059,0000.00.0076,ESEC Serra Geral do Tocantins,1093.11008556506,incendio,incendio,planet, ,166,6/29/2025 12:00:00 AM,2025,jun,06,incendio,interior,1093.11008556506,0,CERRADO,GR 3 - CENTRO-OESTE,-, ,,,,11414915.5253906,20538.8338058868, 
359060,0000.00.0076,ESEC Serra Geral do Tocantins,321.65080412236,incendio,incendio,planet, ,167,6/29/2025 12:00:00 AM,2025,jun,06,incendio,interior,321.65080412236,0,CERRADO,GR 3 - CENTRO-OESTE,-, ,,,,3355013.09814453,14370.1848548712, 
359061,0000.00.0168,PARNA do Araguaia,2.60192460734262,queima prescrita,manejo,planet,Queima do dia 29/06. Operação Conjunta entre ICMBio e IBAMA.,180,7/1/2025 12:00:00 AM,2025,jul,07,manejo,interior,2.60192460734262,0,CERRADO,GR 3 - CENTRO-OESTE,-, ,,,,27065.0859375,640.268987659611, 
359062,0000.00.0168,PARNA do Araguaia,15.4711741504214,queima prescrita,manejo,planet,Queima do dia 15/07. Operação conjunta entre ICMBio e IBAMA,196,7/16/2025 12:00:00 AM,2025,jul,07,manejo,interior,15.4711741504214,0,CERRADO,GR 3 - CENTRO-OESTE,-, ,,,,161422.942871094,1823.38312981759, 
359063,0000.00.0076,ESEC Serra Geral do Tocantins,325.623420709207,queima controlada,manejo,planet,Queima do dia 15/06,166,6/29/2025 12:00:00 AM,2025,jun,06,manejo,interior,325.623420709207,0,CERRADO,GR 3 - CENTRO-OESTE,-, ,,,,3400716.8515625,11762.2275499765, 
359064,0000.00.0076,ESEC Serra Geral do Tocantins,184.171595824525,queima controlada,manejo,planet,Queima do dia 15/06,166,6/29/2025 12:00:00 AM,2025,jun,06,manejo,interior,184.171595824525,0,CERRADO,GR 3 - CENTRO-OESTE,-, ,,,,1923560.2265625,7074.7653112491, 
359065,0000.00.0076,ESEC Serra Geral do Tocantins,16.4244685144684,queima controlada,manejo,planet,Queima do dia 15/06,166,6/29/2025 12:00:00 AM,2025,jun,06,manejo,interior,16.4244685144684,0,CERRADO,GR 3 - CENTRO-OESTE,-, ,,,,171532.224121094,1950.9222512312, 
359066,0000.00.0076,ESEC Serra Geral do Tocantins,90.3175860996183,queima controlada,manejo,planet,Queima do dia 19/05,139,5/26/2025 12:00:00 AM,2025,mai,05,manejo,interior,90.3175860996183,0,CERRADO,GR 3 - CENTRO-OESTE,-, ,,,,941624.891601563,5377.54559875055, 
359067,0000.00.0076,ESEC Serra Geral do Tocantins,87.4911287985983,queima prescrita,manejo,planet,Queima do dia 03/06,154,6/29/2025 12:00:00 AM,2025,jun,06,manejo,interior,87.4911287985983,0,CERRADO,GR 3 - CENTRO-OESTE,-, ,,,,913010.843261719,5136.99882376517, 
359068,0000.00.0023,APA do Planalto Central,13.6772266427083,incendio,incendio,planet, ,282,11/29/2025 12:00:00 AM,2025,nov,11,incendio,interior,13.6772266427083,0,CERRADO,GR 3 - CENTRO-OESTE,-, ,,,,147887.977539063,2878.90504893749, 
359069,0000.00.0076,ESEC Serra Geral do Tocantins,430.754084028657,queima prescrita,manejo,planet,Queima do dia 13/06,164,6/29/2025 12:00:00 AM,2025,jun,06,manejo,interior,430.754084028657,0,CERRADO,GR 3 - CENTRO-OESTE,-, ,,,,4503698.48730469,25417.0832695748, 
359070,0000.00.0076,ESEC Serra Geral do Tocantins,27.1976756945187,queima prescrita,manejo,planet,Queima do dia 20/05,140,6/29/2025 12:00:00 AM,2025,jun,06,manejo,interior,27.1976756945187,0,CERRADO,GR 3 - CENTRO-OESTE,-, ,,,,283244.779296875,3229.16681793531, 
359071,0000.00.0076,ESEC Serra Geral do Tocantins,21.985010411863,queima prescrita,manejo,planet,Queima do dia 20/05,140,5/26/2025 12:00:00 AM,2025,mai,05,manejo,interior,21.985010411863,0,CERRADO,GR 3 - CENTRO-OESTE,-, ,,,,228957.672363281,2309.67539007409, 
359072,0000.00.0076,ESEC Serra Geral do Tocantins,0.921289853234778,queima prescrita,manejo,planet,Queima do dia 20/05,140,5/26/2025 12:00:00 AM,2025,mai,05,manejo,interior,0.921289853234778,0,CERRADO,GR 3 - CENTRO-OESTE,-, ,,,,9594.7509765625,501.137047359737, 
359073,0000.00.0076,ESEC Serra Geral do Tocantins,67.0973665966937,queima prescrita,manejo,planet,Queima do dia 20/05,140,5/26/2025 12:00:00 AM,2025,mai,05,manejo,interior,67.0973665966937,0,CERRADO,GR 3 - CENTRO-OESTE,-, ,,,,698798.129882813,4366.08350695718, 
359074,0000.00.0076,ESEC Serra Geral do Tocantins,2.73243980480741,queima prescrita,manejo,planet,Queima do dia 20/05,140,5/26/2025 12:00:00 AM,2025,mai,05,manejo,interior,2.73243980480741,0,CERRADO,GR 3 - CENTRO-OESTE,-, ,,,,28459.1953125,667.416377961136, 
359075,0000.00.0076,ESEC Serra Geral do Tocantins,1029.46760995574,queima prescrita,manejo,planet,Queima do dia 20/06,171,6/29/2025 12:00:00 AM,2025,jun,06,manejo,interior,1029.46760995574,0,CERRADO,GR 3 - CENTRO-OESTE,-, ,,,,10714187.234375,33430.1427997878, 
359076,0000.00.0076,ESEC Serra Geral do Tocantins,184.054465814156,queima prescrita,manejo,planet,Queima do dia 20/05,140,5/26/2025 12:00:00 AM,2025,mai,05,manejo,interior,184.054465814156,0,CERRADO,GR 3 - CENTRO-OESTE,-, ,,,,1917151.65966797,9735.59845564265, 
359077,0000.00.0076,ESEC Serra Geral do Tocantins,80.0841389775912,queima prescrita,manejo,planet,Queima do dia 20/05,140,5/26/2025 12:00:00 AM,2025,mai,05,manejo,interior,80.0841389775912,0,CERRADO,GR 3 - CENTRO-OESTE,-, ,,,,834718.373535156,4773.63034472283, 
359078,0000.00.0076,ESEC Serra Geral do Tocantins,3.02845658265881,queima prescrita,manejo,planet,Queima do dia 20/05,140,5/26/2025 12:00:00 AM,2025,mai,05,manejo,interior,3.02845658265881,0,CERRADO,GR 3 - CENTRO-OESTE,-, ,,,,31564.2319335938,875.393667687578, 
359079,0000.00.0076,ESEC Serra Geral do Tocantins,122.864366191426,queima prescrita,manejo,planet,Queima do dia 13/06,164,6/29/2025 12:00:00 AM,2025,jun,06,manejo,interior,122.864366191426,0,CERRADO,GR 3 - CENTRO-OESTE,-, ,,,,1284163.69580078,5307.01673007611, 
359080,0000.00.0076,ESEC Serra Geral do Tocantins,1161.71626068131,queima prescrita,manejo,planet,Queima do dia 20/06,171,6/29/2025 12:00:00 AM,2025,jun,06,manejo,interior,1161.71626068131,0,CERRADO,GR 3 - CENTRO-OESTE,-, ,,,,12095496.8867188,37511.4778660505, 
359081,0000.00.0076,ESEC Serra Geral do Tocantins,466.394930284381,queima controlada,manejo,planet,Queima entre os dias 10/05 e 11/05,131,5/21/2025 12:00:00 AM,2025,mai,05,manejo,interior,466.394930284381,0,CERRADO,GR 3 - CENTRO-OESTE,-, ,,,,4861387.86669922,26254.8393828768, 
359082,0000.00.0168,PARNA do Araguaia,14.9876839863864,queima prescrita,manejo,planet,Queima do dia 29/06. Operação Conjunta entre ICMBio e IBAMA.,180,7/1/2025 12:00:00 AM,2025,jul,07,manejo,interior,14.9876839863864,0,CERRADO,GR 3 - CENTRO-OESTE,-, ,,,,155897.485351563,2170.65851033814, 
359083,0000.00.0065,ESEC de Uruçuí-Una,62.6750068419747,queima prescrita,manejo,planet,Queima do dia 23/05,143,5/26/2025 12:00:00 AM,2025,mai,05,manejo,interior,62.6750068419747,0,CERRADO,GR 2 - NORDESTE,-, ,,,,646332.437011719,3838.89053476369,CT Fortaleza
359084,0000.00.0168,PARNA do Araguaia,126.482122521529,queima prescrita,manejo,planet,Queima do dia 30/06. Operação conjunta entre ICMBio e IBAMA.,181,7/1/2025 12:00:00 AM,2025,jul,07,manejo,interior,126.482122521529,0,CERRADO,GR 3 - CENTRO-OESTE,-, ,,,,1319770.46875,8522.86098275263, 
359085,0000.00.0168,PARNA do Araguaia,17.7447283037534,queima prescrita,manejo,planet,Queima do dia 30/06. Operação conjunta entre ICMBio e IBAMA.,181,7/1/2025 12:00:00 AM,2025,jul,07,manejo,interior,17.7447283037534,0,CERRADO,GR 3 - CENTRO-OESTE,-, ,,,,185140.392578125,2620.78317881535, 
359086,0000.00.0168,PARNA do Araguaia,0.816837826503832,queima prescrita,manejo,planet,Queima do dia 30/06. Operação conjunta entre ICMBio e IBAMA.,181,7/1/2025 12:00:00 AM,2025,jul,07,manejo,interior,0.816837826503832,0,CERRADO,GR 3 - CENTRO-OESTE,-, ,,,,8522.50634765625,528.166659950282, 
359087,0000.00.0168,PARNA do Araguaia,73.1276873403082,incendio,incendio,planet, ,180,6/29/2025 12:00:00 AM,2025,jun,06,incendio,interior,73.1276873403082,0,CERRADO,GR 3 - CENTRO-OESTE,-, ,,,,759096.963867188,5677.71360939748, 
359088,0000.00.0168,PARNA do Araguaia,6.16254821387341,queima prescrita,manejo,planet,Queima do dia 15/07. Operação conjunta entre ICMBio e IBAMA,196,7/16/2025 12:00:00 AM,2025,jul,07,manejo,interior,6.16254821387341,0,CERRADO,GR 3 - CENTRO-OESTE,-, ,,,,64297.1801757813,1011.28158313251, 
359089,0000.00.0168,PARNA do Araguaia,290.470564464748,queima prescrita,manejo,planet,Queima do dia 30/06. Operação conjunta entre ICMBio e IBAMA.,181,7/1/2025 12:00:00 AM,2025,jul,07,manejo,interior,290.470564464748,0,CERRADO,GR 3 - CENTRO-OESTE,-, ,,,,3030313.06689453,11219.767450771, 
359090,0000.00.0168,PARNA do Araguaia,1.00618587982618,queima prescrita,manejo,planet,Queima do dia 30/06. Operação conjunta entre ICMBio e IBAMA.,181,7/1/2025 12:00:00 AM,2025,jul,07,manejo,interior,1.00618587982618,0,CERRADO,GR 3 - CENTRO-OESTE,-, ,,,,10496.791015625,453.90230830114, 
359091,0000.00.0168,PARNA do Araguaia,6.96808661795038,incendio,incendio,planet, ,180,6/29/2025 12:00:00 AM,2025,jun,06,incendio,interior,6.96808661795038,0,CERRADO,GR 3 - CENTRO-OESTE,-, ,,,,72332.21875,1494.76387567637, 
359092,0000.00.0168,PARNA do Araguaia,37.5239179587988,incendio,incendio,planet, ,180,6/29/2025 12:00:00 AM,2025,jun,06,incendio,interior,37.5239179587988,0,CERRADO,GR 3 - CENTRO-OESTE,-, ,,,,389595.346191406,4833.2561508869, 
359093,0000.00.0284,PARNA dos Campos Amazônicos,4.92792400432101,queima prescrita,manejo,planet,Queima do dia 19/06,170,6/21/2025 12:00:00 AM,2025,jun,06,manejo,interior,4.92792400432101,0,AMAZÔNIA,GR 1 - NORTE,Núcleo de Gestão Integrada - ICMBio Humaitá,CR Porto V,,,,50806.8901367188,1141.80104805243,CT Porto Velho
359094,0000.00.0168,PARNA do Araguaia,85.3973282429396,queima prescrita,manejo,planet,Queima do dia 29/06. Operação conjunta entre ICMBio e IBAMA.,180,6/30/2025 12:00:00 AM,2025,jun,06,manejo,interior,85.3973282429396,0,CERRADO,GR 3 - CENTRO-OESTE,-, ,,,,891282.837402344,7588.80652655175, 
359095,0000.00.0168,PARNA do Araguaia,252.375301228841,queima prescrita,manejo,planet,Queima do dia 29/06. Operação conjunta entre ICMBio e IBAMA.,180,7/1/2025 12:00:00 AM,2025,jul,07,manejo,interior,252.375301228841,0,CERRADO,GR 3 - CENTRO-OESTE,-, ,,,,2633508.03759766,15454.3887173478, 
359096,0000.00.0168,PARNA do Araguaia,24.5509211572986,queima prescrita,manejo,planet,Queima do dia 29/06. Operação Conjunta entre ICMBio e IBAMA.,180,7/1/2025 12:00:00 AM,2025,jul,07,manejo,interior,24.5509211572986,0,CERRADO,GR 3 - CENTRO-OESTE,-, ,,,,255300.280761719,2406.47543893268, 
359097,0000.00.0168,PARNA do Araguaia,27.1638558342994,queima prescrita,manejo,planet,Queima do dia 29/06. Operação Conjunta entre ICMBio e IBAMA.,180,7/1/2025 12:00:00 AM,2025,jul,07,manejo,interior,27.1638558342994,0,CERRADO,GR 3 - CENTRO-OESTE,-, ,,,,282477.549804688,2863.97017592706, 
359098,0000.00.0168,PARNA do Araguaia,25.462693649245,queima prescrita,manejo,planet,Queima do dia 29/06. Operação Conjunta entre ICMBio e IBAMA.,180,7/1/2025 12:00:00 AM,2025,jul,07,manejo,interior,25.462693649245,0,CERRADO,GR 3 - CENTRO-OESTE,-, ,,,,264821.608886719,2705.6108722747, 
359099,0000.00.0168,PARNA do Araguaia,11.7687858177579,queima prescrita,manejo,planet,Queima do dia 29/06. Operação Conjunta entre ICMBio e IBAMA.,180,7/1/2025 12:00:00 AM,2025,jul,07,manejo,interior,11.7687858177579,0,CERRADO,GR 3 - CENTRO-OESTE,-, ,,,,122401.498046875,1773.39799744921, 
359100,0000.00.0076,ESEC Serra Geral do Tocantins,467.364289310943,queima prescrita,manejo,planet,Queima do dia 29/06,180,6/30/2025 12:00:00 AM,2025,jun,06,manejo,interior,467.364289310943,0,CERRADO,GR 3 - CENTRO-OESTE,-, ,,,,4871785.86572266,14778.4566925212, 
359101,0000.00.0168,PARNA do Araguaia,1.89666804667562,incendio,incendio,planet, ,179,6/29/2025 12:00:00 AM,2025,jun,06,incendio,interior,1.89666804667562,0,CERRADO,GR 3 - CENTRO-OESTE,-, ,,,,19705.0747070313,846.082352227902, 
359102,0000.00.0168,PARNA do Araguaia,26.8762432854228,incendio,incendio,planet, ,179,6/29/2025 12:00:00 AM,2025,jun,06,incendio,interior,26.8762432854228,0,CERRADO,GR 3 - CENTRO-OESTE,-, ,,,,279226.533691406,3397.08985485856, 
359103,0000.00.0168,PARNA do Araguaia,3.0357628283679,incendio,incendio,planet, ,179,6/29/2025 12:00:00 AM,2025,jun,06,incendio,interior,3.0357628283679,0,CERRADO,GR 3 - CENTRO-OESTE,-, ,,,,31538.546875,806.954776102729, 
359104,0000.00.0168,PARNA do Araguaia,54.96320599778,incendio,incendio,planet, ,179,6/29/2025 12:00:00 AM,2025,jun,06,incendio,interior,54.96320599778,0,CERRADO,GR 3 - CENTRO-OESTE,-, ,,,,570981.952636719,4343.30816399714, 
359105,0000.00.0076,ESEC Serra Geral do Tocantins,94.0811308718777,queima controlada,manejo,planet,Queima do dia 28/06,179,6/29/2025 12:00:00 AM,2025,jun,06,manejo,interior,94.0811308718777,0,CERRADO,GR 3 - CENTRO-OESTE,-, ,,,,980222.515625,5493.59114778797, 
359106,0000.00.0168,PARNA do Araguaia,231.382874960359,incendio,incendio,planet, ,178,6/29/2025 12:00:00 AM,2025,jun,06,incendio,interior,231.382874960359,0,CERRADO,GR 3 - CENTRO-OESTE,-, ,,,,2401527.70117188,11724.3408867591, 
359107,0000.00.0168,PARNA do Araguaia,9.79677159572549,queima prescrita,manejo,planet,Queima do dia 27/06. Operação conjunta entre ICMBio e IBAMA.,178,7/1/2025 12:00:00 AM,2025,jul,07,manejo,interior,9.79677159572549,0,CERRADO,GR 3 - CENTRO-OESTE,-, ,,,,102162.218261719,1618.91905533478, 
359108,0000.00.0168,PARNA do Araguaia,49.494752549352,incendio,incendio,planet, ,177,6/29/2025 12:00:00 AM,2025,jun,06,incendio,interior,49.494752549352,0,CERRADO,GR 3 - CENTRO-OESTE,-, ,,,,514061.537109375,3527.87647263761, 
359109,0000.00.0168,PARNA do Araguaia,7.60284082632736,incendio,incendio,planet, ,177,6/29/2025 12:00:00 AM,2025,jun,06,incendio,interior,7.60284082632736,0,CERRADO,GR 3 - CENTRO-OESTE,-, ,,,,78959.3461914063,1381.61848288886, 
359110,0000.00.0076,ESEC Serra Geral do Tocantins,145.899320594947,queima controlada,manejo,planet,Queima do dia 26/06,177,6/29/2025 12:00:00 AM,2025,jun,06,manejo,interior,145.899320594947,0,CERRADO,GR 3 - CENTRO-OESTE,-, ,,,,1520290.92578125,8620.12358991919, 
359111,0000.00.0076,ESEC Serra Geral do Tocantins,226.063121243827,queima controlada,manejo,planet,Queima do dia 25/06,176,6/29/2025 12:00:00 AM,2025,jun,06,manejo,interior,226.063121243827,0,CERRADO,GR 3 - CENTRO-OESTE,-, ,,,,2355405.76367188,13719.5387321517, 
359112,0000.00.0168,PARNA do Araguaia,183.569707940631,incendio,incendio,planet, ,176,6/29/2025 12:00:00 AM,2025,jun,06,incendio,interior,183.569707940631,0,CERRADO,GR 3 - CENTRO-OESTE,-, ,,,,1905677.73339844,9518.35739053514, 
359113,0000.00.0076,ESEC Serra Geral do Tocantins,39.8414192538903,queima prescrita,manejo,planet,Queima do dia 25/06,176,6/29/2025 12:00:00 AM,2025,jun,06,manejo,interior,39.8414192538903,0,CERRADO,GR 3 - CENTRO-OESTE,-, ,,,,414845.276367188,3573.68590474127, 
359114,0000.00.0076,ESEC Serra Geral do Tocantins,80.6160845610222,queima prescrita,manejo,planet,Queima do dia 25/06,176,6/29/2025 12:00:00 AM,2025,jun,06,manejo,interior,80.6160845610222,0,CERRADO,GR 3 - CENTRO-OESTE,-, ,,,,839373.80859375,5506.65974345962, 
359115,0000.00.0168,PARNA do Araguaia,2.0447575011935,queima prescrita,manejo,planet,Queima do dia 16/07. Operação conjunta entre ICMBio e IBAMA,197,6/26/2025 12:00:00 AM,2025,jun,06,manejo,interior,2.0447575011935,0,CERRADO,GR 3 - CENTRO-OESTE,-, ,,,,21367.5678710938,736.946081465082, 
359116,0000.00.0168,PARNA do Araguaia,86.2921658175036,incendio,incendio,planet, ,175,6/29/2025 12:00:00 AM,2025,jun,06,incendio,interior,86.2921658175036,0,CERRADO,GR 3 - CENTRO-OESTE,-, ,,,,897961.818847656,5523.04386516237, 
359117,0000.00.0076,ESEC Serra Geral do Tocantins,49.3856863592073,queima prescrita,manejo,planet,Queima do dia 22/06,173,6/29/2025 12:00:00 AM,2025,jun,06,manejo,interior,49.3856863592073,0,CERRADO,GR 3 - CENTRO-OESTE,-, ,,,,514399.153808594,4782.52380278618, 
359118,0000.00.0076,ESEC Serra Geral do Tocantins,634.452789044635,queima prescrita,manejo,planet,Queima do dia 22/06,173,6/29/2025 12:00:00 AM,2025,jun,06,manejo,interior,634.452789044635,0,CERRADO,GR 3 - CENTRO-OESTE,-, ,,,,6608675.2578125,14583.3712690938, 
359119,0000.00.0076,ESEC Serra Geral do Tocantins,51.7571432939978,incendio,incendio,planet, ,165,6/29/2025 12:00:00 AM,2025,jun,06,incendio,interior,51.7571432939978,0,CERRADO,GR 3 - CENTRO-OESTE,-, ,,,,539604.723632813,6184.80957397926, 
359120,0000.00.0023,APA do Planalto Central,89.8958669574831,incendio,incendio,planet, ,171,6/29/2025 12:00:00 AM,2025,jun,06,incendio,interior,89.8958669574831,0,CERRADO,GR 3 - CENTRO-OESTE,-, ,,,,972768.732421875,8691.14841205463, 
359121,0000.00.0023,APA do Planalto Central,8.69187605328766,incendio,incendio,planet, ,171,6/29/2025 12:00:00 AM,2025,jun,06,incendio,interior,8.69187605328766,0,CERRADO,GR 3 - CENTRO-OESTE,-, ,,,,94054.95703125,1585.91378314484, 
359122,0000.00.0027,APA Morro da Pedreira,16.9345826244784,incendio,incendio,planet, ,169,6/29/2025 12:00:00 AM,2025,jun,06,incendio,interior,16.9345826244784,0,CERRADO,GR 4 - SUDESTE,Núcleo de Gestão Integrada - ICMBio Cipó-Pedreira, ,,,,191610.509765625,2930.49310059857, 
359123,0000.00.0076,ESEC Serra Geral do Tocantins,13.5645456013312,queima controlada,manejo,planet,Queima do dia 11/06,162,6/29/2025 12:00:00 AM,2025,jun,06,manejo,interior,13.5645456013312,0,CERRADO,GR 3 - CENTRO-OESTE,-, ,,,,141384.715332031,1945.44837227005, 
359124,0000.00.0076,ESEC Serra Geral do Tocantins,232.411467379507,queima controlada,manejo,planet,Queima do dia 18/06,169,6/29/2025 12:00:00 AM,2025,jun,06,manejo,interior,232.411467379507,0,CERRADO,GR 3 - CENTRO-OESTE,-, ,,,,2423806.03662109,9770.49558670465, 
359125,0000.00.0023,APA do Planalto Central,34.8675112003805,incendio,incendio,planet, ,168,6/29/2025 12:00:00 AM,2025,jun,06,incendio,interior,34.8675112003805,0,CERRADO,GR 3 - CENTRO-OESTE,-, ,,,,377226.798828125,5944.21618351389, 
359126,0000.00.0076,ESEC Serra Geral do Tocantins,80.5040335072958,incendio,incendio,planet, ,165,6/29/2025 12:00:00 AM,2025,jun,06,incendio,interior,80.5040335072958,0,CERRADO,GR 3 - CENTRO-OESTE,-, ,,,,839342.076171875,4672.44414785939, 
359127,0000.00.0006,APA da Baleia Franca,149.813919586185,incendio,incendio,planet, ,165,6/25/2025 12:00:00 AM,2025,jun,06,incendio,interior,149.813919586185,0,MATA ATLÂNTICA,GR 5 - SUL,-, ,,,,1949300.72851563,10032.4138350732, 
359128,0000.00.0076,ESEC Serra Geral do Tocantins,25.0369305370214,queima prescrita,manejo,planet,Queima do dia 25/06,176,6/29/2025 12:00:00 AM,2025,jun,06,manejo,interior,25.0369305370214,0,CERRADO,GR 3 - CENTRO-OESTE,-, ,,,,261602.919433594,4840.8629623457, 
359129,0000.00.0076,ESEC Serra Geral do Tocantins,39.3993559928834,queima controlada,manejo,planet,Queima do dia 11/06,162,6/29/2025 12:00:00 AM,2025,jun,06,manejo,interior,39.3993559928834,0,CERRADO,GR 3 - CENTRO-OESTE,-, ,,,,410665.677734375,4708.87306810159, 
359130,0000.00.0076,ESEC Serra Geral do Tocantins,107.714908793435,queima controlada,manejo,planet,Queima do dia 11/06,162,6/29/2025 12:00:00 AM,2025,jun,06,manejo,interior,107.714908793435,0,CERRADO,GR 3 - CENTRO-OESTE,-, ,,,,1122748.83447266,9242.59388479754, 
359131,0000.00.0168,PARNA do Araguaia,150.942209813223,incendio,incendio,planet, ,161,6/13/2025 12:00:00 AM,2025,jun,06,incendio,interior,150.942209813223,0,CERRADO,GR 3 - CENTRO-OESTE,-, ,,,,1568759.81738281,7468.64453726409, 
359132,0000.00.0168,PARNA do Araguaia,10.4825331029318,queima prescrita,manejo,planet,Queima do dia 15/07,196,7/17/2025 12:00:00 AM,2025,jul,07,manejo,interior,10.4825331029318,0,CERRADO,GR 3 - CENTRO-OESTE,-, ,,,,109558.395507813,1503.89040217452, 
359133,0000.00.0076,ESEC Serra Geral do Tocantins,201.084925940006,queima controlada,manejo,planet,Queima do dia 04/06,155,6/29/2025 12:00:00 AM,2025,jun,06,manejo,interior,201.084925940006,0,CERRADO,GR 3 - CENTRO-OESTE,-, ,,,,2095673.54638672,8640.77973975737, 
359134,0000.00.0076,ESEC Serra Geral do Tocantins,35.4084143691177,queima controlada,manejo,planet,Queima do dia 04/06,155,6/29/2025 12:00:00 AM,2025,jun,06,manejo,interior,35.4084143691177,0,CERRADO,GR 3 - CENTRO-OESTE,-, ,,,,368976.082519531,3675.74535011624, 
359135,0000.00.0168,PARNA do Araguaia,77.8485962209413,incendio,incendio,planet, ,154,6/8/2025 12:00:00 AM,2025,jun,06,incendio,interior,77.8485962209413,0,CERRADO,GR 3 - CENTRO-OESTE,-, ,,,,808814.901855469,5699.5793903814, 
359136,0000.00.0168,PARNA do Araguaia,13.176660706702,incendio,incendio,planet, ,154,6/8/2025 12:00:00 AM,2025,jun,06,incendio,interior,13.176660706702,0,CERRADO,GR 3 - CENTRO-OESTE,-, ,,,,136893.062011719,1559.36814859021, 
359137,0000.00.0076,ESEC Serra Geral do Tocantins,108.003887236819,queima prescrita,manejo,planet,Queima do dia 20/05,140,5/26/2025 12:00:00 AM,2025,mai,05,manejo,interior,108.003887236819,0,CERRADO,GR 3 - CENTRO-OESTE,-, ,,,,1125254.78369141,7137.57919511498, 
359138,0000.00.0168,PARNA do Araguaia,139.454226782849,queima prescrita,manejo,planet,Queima do dia 29/06. Operação conjunta entre ICMBio e IBAMA.,180,6/30/2025 12:00:00 AM,2025,jun,06,manejo,interior,139.454226782849,0,CERRADO,GR 3 - CENTRO-OESTE,-, ,,,,1455284.66748047,12224.8742681674, 
359139,0000.00.0168,PARNA do Araguaia,36.6667802125867,queima prescrita,manejo,planet,Queima do dia 29/06. Operação conjunta entre ICMBio e IBAMA.,180,7/1/2025 12:00:00 AM,2025,jul,07,manejo,interior,36.6667802125867,0,CERRADO,GR 3 - CENTRO-OESTE,-, ,,,,382639.659667969,4252.95966301494, 
359140,0000.00.0168,PARNA do Araguaia,21.2410767483476,queima prescrita,manejo,planet,Queima do dia 29/06. Operação Conjunta entre ICMBio e IBAMA.,180,7/1/2025 12:00:00 AM,2025,jul,07,manejo,interior,21.2410767483476,0,CERRADO,GR 3 - CENTRO-OESTE,-, ,,,,220937.059082031,2622.73353524707, 
359141,0000.00.0168,PARNA do Araguaia,398.797930822527,queima prescrita,manejo,planet,Queima do dia 29/06. Operação conjunta entre ICMBio e IBAMA.,180,7/1/2025 12:00:00 AM,2025,jul,07,manejo,interior,398.797930822527,0,CERRADO,GR 3 - CENTRO-OESTE,-, ,,,,4161920.45019531,18781.4059234908, 
359142,0000.00.0168,PARNA do Araguaia,6.74732674604119,queima prescrita,manejo,planet,Queima do dia 29/06. Operação conjunta entre ICMBio e IBAMA.,180,7/1/2025 12:00:00 AM,2025,jul,07,manejo,interior,6.74732674604119,0,CERRADO,GR 3 - CENTRO-OESTE,-, ,,,,70421.0766601563,1139.55271682608, 
359143,0000.00.0168,PARNA do Araguaia,30.2759150554268,queima prescrita,manejo,planet,Queima do dia 29/06. Operação conjunta entre ICMBio e IBAMA.,180,7/1/2025 12:00:00 AM,2025,jul,07,manejo,interior,30.2759150554268,0,CERRADO,GR 3 - CENTRO-OESTE,-, ,,,,315995.034179688,4027.90030487732, 
359144,0000.00.0168,PARNA do Araguaia,230.784469409432,queima prescrita,manejo,planet,Queima do dia 29/06. Operação Conjunta entre ICMBio e IBAMA.,180,7/1/2025 12:00:00 AM,2025,jul,07,manejo,interior,230.784469409432,0,CERRADO,GR 3 - CENTRO-OESTE,-, ,,,,2401692.92773438,11035.4911542981, 
359145,0000.00.0168,PARNA do Araguaia,1.74147778949074,queima prescrita,manejo,planet,Queima do dia 29/06. Operação Conjunta entre ICMBio e IBAMA.,180,7/1/2025 12:00:00 AM,2025,jul,07,manejo,interior,1.74147778949074,0,CERRADO,GR 3 - CENTRO-OESTE,-, ,,,,18116.3994140625,598.208268724135, 
359146,0000.00.0168,PARNA do Araguaia,0.413951042169412,queima prescrita,manejo,planet,Queima do dia 29/06. Operação Conjunta entre ICMBio e IBAMA.,180,7/1/2025 12:00:00 AM,2025,jul,07,manejo,interior,0.413951042169412,0,CERRADO,GR 3 - CENTRO-OESTE,-, ,,,,4306.22900390625,271.942027832881, 
359147,0000.00.0168,PARNA do Araguaia,5.1819988789439,queima prescrita,manejo,planet,Queima do dia 29/06. Operação Conjunta entre ICMBio e IBAMA.,180,7/1/2025 12:00:00 AM,2025,jul,07,manejo,interior,5.1819988789439,0,CERRADO,GR 3 - CENTRO-OESTE,-, ,,,,53905.7846679688,1020.47126999362, 
359148,0000.00.0168,PARNA do Araguaia,0.391616908898683,queima prescrita,manejo,planet,Queima do dia 29/06. Operação Conjunta entre ICMBio e IBAMA.,180,7/1/2025 12:00:00 AM,2025,jul,07,manejo,interior,0.391616908898683,0,CERRADO,GR 3 - CENTRO-OESTE,-, ,,,,4073.83837890625,276.792935436974, 
359149,0000.00.0168,PARNA do Araguaia,10.6869401902933,queima prescrita,manejo,planet,Queima do dia 29/06. Operação Conjunta entre ICMBio e IBAMA.,180,7/1/2025 12:00:00 AM,2025,jul,07,manejo,interior,10.6869401902933,0,CERRADO,GR 3 - CENTRO-OESTE,-, ,,,,111158.961425781,2149.71085390256, 
359150,0000.00.0168,PARNA do Araguaia,39.8813574131151,queima prescrita,manejo,planet,Queima do dia 29/06. Operação Conjunta entre ICMBio e IBAMA.,180,7/1/2025 12:00:00 AM,2025,jul,07,manejo,interior,39.8813574131151,0,CERRADO,GR 3 - CENTRO-OESTE,-, ,,,,414808.256347656,3299.99032698238, 
359151,0000.00.0168,PARNA do Araguaia,2.79248885196958,queima prescrita,manejo,planet,Queima do dia 29/06. Operação Conjunta entre ICMBio e IBAMA.,180,7/1/2025 12:00:00 AM,2025,jul,07,manejo,interior,2.79248885196958,0,CERRADO,GR 3 - CENTRO-OESTE,-, ,,,,29044.0708007813,896.719260440589, 
359152,0000.00.0168,PARNA do Araguaia,3.05568993979382,queima prescrita,manejo,planet,Queima do dia 29/06. Operação Conjunta entre ICMBio e IBAMA.,180,7/1/2025 12:00:00 AM,2025,jul,07,manejo,interior,3.05568993979382,0,CERRADO,GR 3 - CENTRO-OESTE,-, ,,,,31780.5688476563,854.801353127188, 
359153,0000.00.0168,PARNA do Araguaia,3.06678568229762,queima prescrita,manejo,planet,Queima do dia 29/06. Operação Conjunta entre ICMBio e IBAMA.,180,7/1/2025 12:00:00 AM,2025,jul,07,manejo,interior,3.06678568229762,0,CERRADO,GR 3 - CENTRO-OESTE,-, ,,,,31895.65234375,830.770522326682, 
359154,0000.00.0168,PARNA do Araguaia,14.1855448004172,queima prescrita,manejo,planet,Queima do dia 29/06. Operação Conjunta entre ICMBio e IBAMA.,180,7/1/2025 12:00:00 AM,2025,jul,07,manejo,interior,14.1855448004172,0,CERRADO,GR 3 - CENTRO-OESTE,-, ,,,,147531.6953125,2322.0891799074, 
359155,0000.00.0168,PARNA do Araguaia,2.74406950199027,queima prescrita,manejo,planet,Queima do dia 29/06. Operação Conjunta entre ICMBio e IBAMA.,180,7/1/2025 12:00:00 AM,2025,jul,07,manejo,interior,2.74406950199027,0,CERRADO,GR 3 - CENTRO-OESTE,-, ,,,,28538.2983398438,633.064200457728, 
359156,0000.00.0168,PARNA do Araguaia,50.6878368739008,queima prescrita,manejo,planet,Queima do dia 29/06. Operação Conjunta entre ICMBio e IBAMA.,180,7/1/2025 12:00:00 AM,2025,jul,07,manejo,interior,50.6878368739008,0,CERRADO,GR 3 - CENTRO-OESTE,-, ,,,,527135.631835938,5421.04991745808, 
359157,0000.00.0076,ESEC Serra Geral do Tocantins,123.72548120313,queima controlada,manejo,planet,Queima do dia 28/05,148,6/29/2025 12:00:00 AM,2025,jun,06,manejo,interior,123.72548120313,0,CERRADO,GR 3 - CENTRO-OESTE,-, ,,,,1289060.91845703,8759.26589367833, 
359158,0000.00.0076,ESEC Serra Geral do Tocantins,8.03298191828146,queima controlada,manejo,planet,Queima do dia 28/05,148,6/29/2025 12:00:00 AM,2025,jun,06,manejo,interior,8.03298191828146,0,CERRADO,GR 3 - CENTRO-OESTE,-, ,,,,83700.3178710938,2791.66952272096, 
359159,0000.00.0076,ESEC Serra Geral do Tocantins,50.1771221871544,queima controlada,manejo,planet,Queima do dia 22/05,142,5/26/2025 12:00:00 AM,2025,mai,05,manejo,interior,50.1771221871544,0,CERRADO,GR 3 - CENTRO-OESTE,-, ,,,,522977.164550781,6439.02816060751, 
359160,0000.00.0076,ESEC Serra Geral do Tocantins,126.095926629085,queima prescrita,manejo,planet,Queima do dia 20/05,140,5/26/2025 12:00:00 AM,2025,mai,05,manejo,interior,126.095926629085,0,CERRADO,GR 3 - CENTRO-OESTE,-, ,,,,1313628.87988281,5764.42151029703, 
359161,0000.00.0076,ESEC Serra Geral do Tocantins,34.9710998504064,incendio,incendio,planet, ,121,5/21/2025 12:00:00 AM,2025,mai,05,incendio,interior,34.9710998504064,0,CERRADO,GR 3 - CENTRO-OESTE,-, ,,,,364285.624023438,4360.1669498377, 
359162,0000.00.0076,ESEC Serra Geral do Tocantins,1337.84696117835,queima prescrita,manejo,planet,Queima do dia 19/05,139,5/21/2025 12:00:00 AM,2025,mai,05,manejo,interior,1337.84696117835,0,CERRADO,GR 3 - CENTRO-OESTE,-, ,,,,13934401.7763672,38669.1405186592, 
359163,0000.00.0076,ESEC Serra Geral do Tocantins,40.7632272399527,incendio,incendio,planet, ,144,5/28/2025 12:00:00 AM,2025,mai,05,incendio,interior,40.7632272399527,0,CERRADO,GR 3 - CENTRO-OESTE,-, ,,,,426284.695800781,3944.98322843254, 
359164,0000.00.0076,ESEC Serra Geral do Tocantins,262.40855792883,queima prescrita,manejo,planet,Queima do dia 19/05,139,5/21/2025 12:00:00 AM,2025,mai,05,manejo,interior,262.40855792883,0,CERRADO,GR 3 - CENTRO-OESTE,-, ,,,,2732738.78173828,15503.3943528382, 
359165,0000.00.0076,ESEC Serra Geral do Tocantins,17.5260361831603,queima controlada,manejo,planet,Queima entre os dias 10/05 e 11/05,131,5/21/2025 12:00:00 AM,2025,mai,05,manejo,interior,17.5260361831603,0,CERRADO,GR 3 - CENTRO-OESTE,-, ,,,,182662.628417969,3242.17508178954, 
359166,0000.00.0076,ESEC Serra Geral do Tocantins,15.4124289043664,queima controlada,manejo,planet,Queima entre os dias 10/05 e 11/05,131,5/21/2025 12:00:00 AM,2025,mai,05,manejo,interior,15.4124289043664,0,CERRADO,GR 3 - CENTRO-OESTE,-, ,,,,160624.782226563,1934.30565590086, 
359167,0000.00.0076,ESEC Serra Geral do Tocantins,63.8837066281359,queima controlada,manejo,planet,Queima entre os dias 10/05 e 11/05,131,5/26/2025 12:00:00 AM,2025,mai,05,manejo,interior,63.8837066281359,0,CERRADO,GR 3 - CENTRO-OESTE,-, ,,,,665913.166015625,6122.99297080456, 
359168,0000.00.0076,ESEC Serra Geral do Tocantins,6.8260402590301,queima controlada,manejo,planet,Queima entre os dias 10/05 e 11/05,131,5/21/2025 12:00:00 AM,2025,mai,05,manejo,interior,6.8260402590301,0,CERRADO,GR 3 - CENTRO-OESTE,-, ,,,,71142.4868164063,1278.06360948799, 
359169,0000.00.0168,PARNA do Araguaia,2.80033388012591,queima prescrita,manejo,planet,Queima do dia 15/07,196,7/17/2025 12:00:00 AM,2025,jul,07,manejo,interior,2.80033388012591,0,CERRADO,GR 3 - CENTRO-OESTE,-, ,,,,29267.7094726563,672.956289844573, 
359170,0000.00.0076,ESEC Serra Geral do Tocantins,82.1734867619777,incendio,incendio,planet, ,151,6/2/2025 12:00:00 AM,2025,jun,06,incendio,interior,82.1734867619777,0,CERRADO,GR 3 - CENTRO-OESTE,-, ,,,,857006.127929688,8922.6223345635, 
359171,0000.00.0023,APA do Planalto Central,1.79633667012729,incendio,incendio,planet, ,282,11/29/2025 12:00:00 AM,2025,nov,11,incendio,interior,1.79633667012729,0,CERRADO,GR 3 - CENTRO-OESTE,-, ,,,,19422.6181640625,890.621725092313, 
359172,0000.00.0076,ESEC Serra Geral do Tocantins,47.138493965662,incendio,incendio,planet, ,151,6/29/2025 12:00:00 AM,2025,jun,06,incendio,interior,47.138493965662,0,CERRADO,GR 3 - CENTRO-OESTE,-, ,,,,491155.508789063,4319.10503426278, 
359173,0000.00.0076,ESEC Serra Geral do Tocantins,206.071605902006,incendio,incendio,planet, ,151,6/29/2025 12:00:00 AM,2025,jun,06,incendio,interior,206.071605902006,0,CERRADO,GR 3 - CENTRO-OESTE,-, ,,,,2147829.40527344,9545.61494596945, 
359174,0000.00.0076,ESEC Serra Geral do Tocantins,363.63522963231,incendio,incendio,planet, ,165,6/29/2025 12:00:00 AM,2025,jun,06,incendio,interior,363.63522963231,0,CERRADO,GR 3 - CENTRO-OESTE,-, ,,,,3791301.60888672,10315.239015014, 
359175,0000.00.0023,APA do Planalto Central,453.618826873043,incendio,incendio,planet, ,282,11/29/2025 12:00:00 AM,2025,nov,11,incendio,interior,453.618826873043,0,CERRADO,GR 3 - CENTRO-OESTE,-, ,,,,4904628.04394531,35220.0196978915, 
359176,0000.00.0076,ESEC Serra Geral do Tocantins,115.87714165733,incendio,incendio,planet, ,161,6/29/2025 12:00:00 AM,2025,jun,06,incendio,interior,115.87714165733,0,CERRADO,GR 3 - CENTRO-OESTE,-, ,,,,1208988.75634766,4806.26587300691, 
359177,0000.00.0076,ESEC Serra Geral do Tocantins,96.4566759073517,incendio,incendio,planet, ,166,6/29/2025 12:00:00 AM,2025,jun,06,incendio,interior,96.4566759073517,0,CERRADO,GR 3 - CENTRO-OESTE,-, ,,,,1005998.23730469,5637.44595162896, 
359178,0000.00.0076,ESEC Serra Geral do Tocantins,200.876754048821,incendio,incendio,planet, ,171,6/29/2025 12:00:00 AM,2025,jun,06,incendio,interior,200.876754048821,0,CERRADO,GR 3 - CENTRO-OESTE,-, ,,,,2094858.00878906,11656.3189333809, 
359179,0000.00.0023,APA do Planalto Central,175.864138077977,incendio,incendio,planet, ,319,11/29/2025 12:00:00 AM,2025,nov,11,incendio,interior,175.864138077977,0,CERRADO,GR 3 - CENTRO-OESTE,-, ,,,,1901974.09277344,14808.4442894029, 
359180,0000.00.0076,ESEC Serra Geral do Tocantins,1416.59755448573,incendio,incendio,planet, ,151,6/29/2025 12:00:00 AM,2025,jun,06,incendio,interior,1416.59755448573,0,CERRADO,GR 3 - CENTRO-OESTE,-, ,,,,14763682.7490234,41065.6935781132, 
359181,0000.00.0076,ESEC Serra Geral do Tocantins,996.168493751137,incendio,incendio,planet, ,151,6/29/2025 12:00:00 AM,2025,jun,06,incendio,interior,996.168493751137,0,CERRADO,GR 3 - CENTRO-OESTE,-, ,,,,10376640.6376953,30655.1097509802, 
359182,0000.00.0076,ESEC Serra Geral do Tocantins,524.199727949245,incendio,incendio,planet, ,173,6/29/2025 12:00:00 AM,2025,jun,06,incendio,interior,524.199727949245,0,CERRADO,GR 3 - CENTRO-OESTE,-, ,,,,5467495.72412109,13400.2279369406, 
359183,0000.00.0076,ESEC Serra Geral do Tocantins,301.936062989288,queima controlada,manejo,planet,Queima do dia 20/06,171,6/29/2025 12:00:00 AM,2025,jun,06,manejo,interior,301.936062989288,0,CERRADO,GR 3 - CENTRO-OESTE,-, ,,,,3149550.87060547,17085.4874583018, 
359184,0000.00.0076,ESEC Serra Geral do Tocantins,5344.45117707135,queima controlada,manejo,planet,Queima entre os dias 20/06 e 26/06,171,6/29/2025 12:00:00 AM,2025,jun,06,manejo,interior,5344.45117707135,0,CERRADO,GR 3 - CENTRO-OESTE,-, ,,,,55859134.105957,69081.8081424892, 
359185,0000.00.0076,ESEC Serra Geral do Tocantins,29.2885123052688,queima controlada,manejo,planet,Queima do dia 20/06,171,6/29/2025 12:00:00 AM,2025,jun,06,manejo,interior,29.2885123052688,0,CERRADO,GR 3 - CENTRO-OESTE,-, ,,,,306195.137207031,2756.48615355934, 
359186,0000.00.0076,ESEC Serra Geral do Tocantins,188.97442109458,queima controlada,manejo,planet,Queima do dia 20/06,171,6/29/2025 12:00:00 AM,2025,jun,06,manejo,interior,188.97442109458,0,CERRADO,GR 3 - CENTRO-OESTE,-, ,,,,1971284.26757813,9944.02280457082, 
359187,0000.00.0076,ESEC Serra Geral do Tocantins,240.802898466765,queima controlada,manejo,planet,Queima do dia 15/06,166,6/29/2025 12:00:00 AM,2025,jun,06,manejo,interior,240.802898466765,0,CERRADO,GR 3 - CENTRO-OESTE,-, ,,,,2512704.62402344,8909.65796039977, 
359188,0000.00.0076,ESEC Serra Geral do Tocantins,14.4979258814057,queima controlada,manejo,planet,Queima do dia 20/06,171,6/29/2025 12:00:00 AM,2025,jun,06,manejo,interior,14.4979258814057,0,CERRADO,GR 3 - CENTRO-OESTE,-, ,,,,151568.260253906,1772.54643137397, 
359189,0000.00.0076,ESEC Serra Geral do Tocantins,22.5545615997141,queima prescrita,manejo,planet,Queima do dia 25/06,176,6/29/2025 12:00:00 AM,2025,jun,06,manejo,interior,22.5545615997141,0,CERRADO,GR 3 - CENTRO-OESTE,-, ,,,,235685.118164063,2956.81800846251, 
359190,0000.00.0076,ESEC Serra Geral do Tocantins,104.296624512747,queima prescrita,manejo,planet,Queima do dia 25/06,176,6/29/2025 12:00:00 AM,2025,jun,06,manejo,interior,104.296624512747,0,CERRADO,GR 3 - CENTRO-OESTE,-, ,,,,1089801.81591797,10200.6835806967, 
359191,0000.00.0076,ESEC Serra Geral do Tocantins,983.426991708724,queima controlada,manejo,planet,Queima do dia 20/06,171,6/29/2025 12:00:00 AM,2025,jun,06,manejo,interior,983.426991708724,0,CERRADO,GR 3 - CENTRO-OESTE,-, ,,,,10278009.1728516,23719.5830826603, 
359192,0000.00.0076,ESEC Serra Geral do Tocantins,89.2094970736135,queima controlada,manejo,planet,Queima do dia 20/06,171,6/29/2025 12:00:00 AM,2025,jun,06,manejo,interior,89.2094970736135,0,CERRADO,GR 3 - CENTRO-OESTE,-, ,,,,932472.689453125,7162.42060229608, 
359193,0000.00.0076,ESEC Serra Geral do Tocantins,65.8555120683248,queima controlada,manejo,planet,Queima do dia 20/06,171,6/29/2025 12:00:00 AM,2025,jun,06,manejo,interior,65.8555120683248,0,CERRADO,GR 3 - CENTRO-OESTE,-, ,,,,688447.16015625,4467.03446511642, 
359194,0000.00.0076,ESEC Serra Geral do Tocantins,137.517249367758,queima prescrita,manejo,planet,Queima do dia 25/06,176,6/29/2025 12:00:00 AM,2025,jun,06,manejo,interior,137.517249367758,0,CERRADO,GR 3 - CENTRO-OESTE,-, ,,,,1436618.60351563,10986.930611653, 
359195,0000.00.0076,ESEC Serra Geral do Tocantins,14.2893395333339,queima prescrita,manejo,planet,Queima do dia 25/06,176,6/29/2025 12:00:00 AM,2025,jun,06,manejo,interior,14.2893395333339,0,CERRADO,GR 3 - CENTRO-OESTE,-, ,,,,149300.948242188,1806.55406272344, 
359196,0000.00.0076,ESEC Serra Geral do Tocantins,9.02248212121036,queima prescrita,manejo,planet,Queima do dia 25/06,176,6/29/2025 12:00:00 AM,2025,jun,06,manejo,interior,9.02248212121036,0,CERRADO,GR 3 - CENTRO-OESTE,-, ,,,,94286.4106445313,1273.6675687193, 
359197,0000.00.0076,ESEC Serra Geral do Tocantins,34.4133340922714,queima prescrita,manejo,planet,Queima do dia 25/06,176,6/29/2025 12:00:00 AM,2025,jun,06,manejo,interior,34.4133340922714,0,CERRADO,GR 3 - CENTRO-OESTE,-, ,,,,359602.780273438,3512.1876841493, 
359198,0000.00.0076,ESEC Serra Geral do Tocantins,2.00168588268998,queima prescrita,manejo,planet,Queima do dia 25/06,176,6/29/2025 12:00:00 AM,2025,jun,06,manejo,interior,2.00168588268998,0,CERRADO,GR 3 - CENTRO-OESTE,-, ,,,,20917.2075195313,658.897245338727, 
359199,0000.00.0076,ESEC Serra Geral do Tocantins,76.0519194787887,queima prescrita,manejo,planet,Queima do dia 25/06,176,6/29/2025 12:00:00 AM,2025,jun,06,manejo,interior,76.0519194787887,0,CERRADO,GR 3 - CENTRO-OESTE,-, ,,,,794719.270019531,5263.07523600705, 
359200,0000.00.0076,ESEC Serra Geral do Tocantins,12.5072551286737,queima prescrita,manejo,planet,Queima do dia 25/06,176,6/29/2025 12:00:00 AM,2025,jun,06,manejo,interior,12.5072551286737,0,CERRADO,GR 3 - CENTRO-OESTE,-, ,,,,130709.196289063,1637.80095004307, 
359201,0000.00.0076,ESEC Serra Geral do Tocantins,10.2297315853156,queima prescrita,manejo,planet,Queima do dia 25/06,176,6/29/2025 12:00:00 AM,2025,jun,06,manejo,interior,10.2297315853156,0,CERRADO,GR 3 - CENTRO-OESTE,-, ,,,,106911.762695313,2180.0718047696, 
359202,0000.00.0076,ESEC Serra Geral do Tocantins,1.35620475615902,queima prescrita,manejo,planet,Queima do dia 25/06,176,6/29/2025 12:00:00 AM,2025,jun,06,manejo,interior,1.35620475615902,0,CERRADO,GR 3 - CENTRO-OESTE,-, ,,,,14173.45703125,528.112302511283, 
359203,0000.00.0076,ESEC Serra Geral do Tocantins,1.50773251004842,queima prescrita,manejo,planet,Queima do dia 25/06,176,6/29/2025 12:00:00 AM,2025,jun,06,manejo,interior,1.50773251004842,0,CERRADO,GR 3 - CENTRO-OESTE,-, ,,,,15757.0966796875,658.705345060452, 
359204,0000.00.0076,ESEC Serra Geral do Tocantins,77.7130671657601,queima prescrita,manejo,planet,Queima do dia 20/05,140,5/28/2025 12:00:00 AM,2025,mai,05,manejo,interior,77.7130671657601,0,CERRADO,GR 3 - CENTRO-OESTE,-, ,,,,809952.395507813,4852.72498678118, 
359205,0000.00.0076,ESEC Serra Geral do Tocantins,11.2858322829249,queima prescrita,manejo,planet,Queima do dia 04/06,155,6/29/2025 12:00:00 AM,2025,jun,06,manejo,interior,11.2858322829249,0,CERRADO,GR 3 - CENTRO-OESTE,-, ,,,,117563.1171875,1496.7768259773, 
359206,0000.00.0076,ESEC Serra Geral do Tocantins,49.9481954288202,queima prescrita,manejo,planet,Queima do dia 04/06,155,6/29/2025 12:00:00 AM,2025,jun,06,manejo,interior,49.9481954288202,0,CERRADO,GR 3 - CENTRO-OESTE,-, ,,,,520286.920898438,4860.58627048187, 
359207,0000.00.0076,ESEC Serra Geral do Tocantins,53.7739587615282,queima prescrita,manejo,planet,Queima do dia 13/06,164,6/29/2025 12:00:00 AM,2025,jun,06,manejo,interior,53.7739587615282,0,CERRADO,GR 3 - CENTRO-OESTE,-, ,,,,561031.67578125,4338.79839973644, 
359208,0000.00.0139,PARNA da Chapada dos Veadeiros,103.409099739421,incendio,incendio,planet, ,180,6/30/2025 12:00:00 AM,2025,jun,06,incendio,interior,103.409099739421,0,CERRADO,GR 3 - CENTRO-OESTE,-, ,,,,1102066.03369141,4748.50954020168, 
359209,0000.00.0076,ESEC Serra Geral do Tocantins,47.5839100734079,queima prescrita,manejo,planet,Queima do dia 22/06,173,6/29/2025 12:00:00 AM,2025,jun,06,manejo,interior,47.5839100734079,0,CERRADO,GR 3 - CENTRO-OESTE,-, ,,,,496868.469238281,4525.3696079006, 
359210,0000.00.0076,ESEC Serra Geral do Tocantins,619.883939664804,queima prescrita,manejo,planet,Queima do dia 25/06,176,6/29/2025 12:00:00 AM,2025,jun,06,manejo,interior,619.883939664804,0,CERRADO,GR 3 - CENTRO-OESTE,-, ,,,,6479123.9296875,20656.1320973, 
359211,0000.00.0076,ESEC Serra Geral do Tocantins,172.754281246836,queima controlada,manejo,planet,Queima do dia 08/04,98,5/21/2025 12:00:00 AM,2025,mai,05,manejo,interior,172.754281246836,0,CERRADO,GR 3 - CENTRO-OESTE,-, ,,,,1801587.25195313,8916.44839682457, 
359212,0000.00.0076,ESEC Serra Geral do Tocantins,744.997156110491,queima prescrita,manejo,planet,Queima do dia 25/06,176,6/29/2025 12:00:00 AM,2025,jun,06,manejo,interior,744.997156110491,0,CERRADO,GR 3 - CENTRO-OESTE,-, ,,,,7785285.62890625,21896.9839084097, 
359213,0000.00.0076,ESEC Serra Geral do Tocantins,519.706707148839,queima prescrita,manejo,planet,Queima do dia 25/06,176,6/29/2025 12:00:00 AM,2025,jun,06,manejo,interior,519.706707148839,0,CERRADO,GR 3 - CENTRO-OESTE,-, ,,,,5430671.49267578,12850.4403701405, 
359214,0000.00.0076,ESEC Serra Geral do Tocantins,13.7220995542006,queima controlada,manejo,planet,Queima do dia 08/04,98,5/26/2025 12:00:00 AM,2025,mai,05,manejo,interior,13.7220995542006,0,CERRADO,GR 3 - CENTRO-OESTE,-, ,,,,143081.021484375,1934.86587823372, 
359215,0000.00.0168,PARNA do Araguaia,2.04655817904958,queima prescrita,manejo,planet,Queima do dia 03/07. Operação conjunta entre ICMBio e IBAMA.,184,7/7/2025 12:00:00 AM,2025,jul,07,manejo,interior,2.04655817904958,0,CERRADO,GR 3 - CENTRO-OESTE,-, ,,,,21329.5673828125,648.157311768307, 
359216,0000.00.0076,ESEC Serra Geral do Tocantins,75.8123198487665,queima controlada,manejo,planet,Queima do dia 10/05,130,5/21/2025 12:00:00 AM,2025,mai,05,manejo,interior,75.8123198487665,0,CERRADO,GR 3 - CENTRO-OESTE,-, ,,,,791537.353027344,5610.63114338776, 
359217,0000.00.0076,ESEC Serra Geral do Tocantins,73.1201092158246,queima controlada,manejo,planet,Queima do dia 08/04,98,5/21/2025 12:00:00 AM,2025,mai,05,manejo,interior,73.1201092158246,0,CERRADO,GR 3 - CENTRO-OESTE,-, ,,,,762442.060546875,4118.77002057097, 
359218,0000.00.0076,ESEC Serra Geral do Tocantins,9.49140867447079,queima controlada,manejo,planet,Queima do dia 10/05,130,5/21/2025 12:00:00 AM,2025,mai,05,manejo,interior,9.49140867447079,0,CERRADO,GR 3 - CENTRO-OESTE,-, ,,,,99094.8203125,1269.00184977277, 
359219,0000.00.0076,ESEC Serra Geral do Tocantins,6.70062014884947,queima controlada,manejo,planet,Queima do dia 10/05,130,5/21/2025 12:00:00 AM,2025,mai,05,manejo,interior,6.70062014884947,0,CERRADO,GR 3 - CENTRO-OESTE,-, ,,,,69955.3237304688,1390.44946203353, 
359220,0000.00.0076,ESEC Serra Geral do Tocantins,25.5688558562115,queima controlada,manejo,planet,Queima do dia 10/05,130,5/21/2025 12:00:00 AM,2025,mai,05,manejo,interior,25.5688558562115,0,CERRADO,GR 3 - CENTRO-OESTE,-, ,,,,266798.508789063,3314.92855423818, 
359221,0000.00.0076,ESEC Serra Geral do Tocantins,370.337170782272,queima controlada,manejo,planet,Queima do dia 08/04,98,5/21/2025 12:00:00 AM,2025,mai,05,manejo,interior,370.337170782272,0,CERRADO,GR 3 - CENTRO-OESTE,-, ,,,,3864357.37255859,20857.7550329863, 
359222,0000.00.0076,ESEC Serra Geral do Tocantins,177.914124218536,queima controlada,manejo,planet,Queima do dia 10/05,130,5/21/2025 12:00:00 AM,2025,mai,05,manejo,interior,177.914124218536,0,CERRADO,GR 3 - CENTRO-OESTE,-, ,,,,1857389.30810547,9040.57245544909, 
359223,0000.00.0076,ESEC Serra Geral do Tocantins,12.0516732221192,queima controlada,manejo,planet,Queima do dia 08/04,98,5/21/2025 12:00:00 AM,2025,mai,05,manejo,interior,12.0516732221192,0,CERRADO,GR 3 - CENTRO-OESTE,-, ,,,,125666.255371094,1665.87926532924, 
359224,0000.00.0076,ESEC Serra Geral do Tocantins,5.33030906227979,queima controlada,manejo,planet,Queima do dia 08/04,98,5/21/2025 12:00:00 AM,2025,mai,05,manejo,interior,5.33030906227979,0,CERRADO,GR 3 - CENTRO-OESTE,-, ,,,,55583.2221679688,976.052285858163, 
359225,0000.00.0076,ESEC Serra Geral do Tocantins,27.2059481610273,queima controlada,manejo,planet,Queima do dia 10/05,130,5/21/2025 12:00:00 AM,2025,mai,05,manejo,interior,27.2059481610273,0,CERRADO,GR 3 - CENTRO-OESTE,-, ,,,,283917.549316406,2954.96830052452, 
359226,0000.00.0076,ESEC Serra Geral do Tocantins,250.899926494035,queima controlada,manejo,planet,Queima do dia 08/04,98,5/21/2025 12:00:00 AM,2025,mai,05,manejo,interior,250.899926494035,0,CERRADO,GR 3 - CENTRO-OESTE,-, ,,,,2616641.77148438,13534.0892904348, 
359227,0000.00.0076,ESEC Serra Geral do Tocantins,17.8066806134999,incendio,incendio,planet, ,44,3/7/2025 12:00:00 AM,2025,mar,03,incendio,interior,17.8066806134999,0,CERRADO,GR 3 - CENTRO-OESTE,-, ,,,,186281.405761719,2424.80135167342, 
359228,0000.00.0076,ESEC Serra Geral do Tocantins,3.97347269098032,incendio,incendio,planet, ,44,3/7/2025 12:00:00 AM,2025,mar,03,incendio,interior,3.97347269098032,0,CERRADO,GR 3 - CENTRO-OESTE,-, ,,,,41549.8256835938,1562.48519390674, 
359229,0000.00.0076,ESEC Serra Geral do Tocantins,35.0459027583483,incendio,incendio,planet, ,172,6/29/2025 12:00:00 AM,2025,jun,06,incendio,interior,35.0459027583483,0,CERRADO,GR 3 - CENTRO-OESTE,-, ,,,,365459.882324219,2731.89366903082, 
359230,0000.00.0076,ESEC Serra Geral do Tocantins,64.8300259830765,incendio,incendio,planet, ,44,3/7/2025 12:00:00 AM,2025,mar,03,incendio,interior,64.8300259830765,0,CERRADO,GR 3 - CENTRO-OESTE,-, ,,,,678170.283203125,10203.9077951589, 
359231,0000.00.0076,ESEC Serra Geral do Tocantins,77.1396466010054,incendio,incendio,planet, ,44,3/7/2025 12:00:00 AM,2025,mar,03,incendio,interior,77.1396466010054,0,CERRADO,GR 3 - CENTRO-OESTE,-, ,,,,806778.708007813,14467.7739236951, 
359232,0000.00.0076,ESEC Serra Geral do Tocantins,374.34515124678,gestao de ignicao antropica,manejo,planet, ,107,5/21/2025 12:00:00 AM,2025,mai,05,manejo,interior,374.34515124678,0,CERRADO,GR 3 - CENTRO-OESTE,-, ,,,,3900076.69091797,12345.4683167533, 
359233,0000.00.0284,PARNA dos Campos Amazônicos,216.76466207897,queima prescrita,manejo,planet,Queima do dia 20/06,171,6/21/2025 12:00:00 AM,2025,jun,06,manejo,interior,216.76466207897,0,AMAZÔNIA,GR 1 - NORTE,Núcleo de Gestão Integrada - ICMBio Humaitá,CR Porto V,,,,2235272.36474609,14923.8978027204,CT Porto Velho
359234,0000.00.0168,PARNA do Araguaia,1.88749214212243,queima prescrita,manejo,planet,Queima do dia 03/07. Operação conjunta entre ICMBio e IBAMA.,184,7/7/2025 12:00:00 AM,2025,jul,07,manejo,interior,1.88749214212243,0,CERRADO,GR 3 - CENTRO-OESTE,-, ,,,,19671.900390625,585.26223860165, 
359235,0000.00.0284,PARNA dos Campos Amazônicos,123.090890621466,queima prescrita,manejo,planet,Queima do dia 20/06,171,6/21/2025 12:00:00 AM,2025,jun,06,manejo,interior,123.090890621466,0,AMAZÔNIA,GR 1 - NORTE,Núcleo de Gestão Integrada - ICMBio Humaitá,CR Porto V,,,,1269473.97216797,6547.57347616395,CT Porto Velho
359236,0000.00.0284,PARNA dos Campos Amazônicos,22.6199186671837,queima prescrita,manejo,planet,Queima do dia 20/06,171,6/21/2025 12:00:00 AM,2025,jun,06,manejo,interior,22.6199186671837,0,AMAZÔNIA,GR 1 - NORTE,Núcleo de Gestão Integrada - ICMBio Humaitá,CR Porto V,,,,233271.84375,2157.21326702376,CT Porto Velho
359237,0000.00.0284,PARNA dos Campos Amazônicos,98.6808188349122,queima prescrita,manejo,planet,Queima do dia 20/06,171,6/21/2025 12:00:00 AM,2025,jun,06,manejo,interior,98.6808188349122,0,AMAZÔNIA,GR 1 - NORTE,Núcleo de Gestão Integrada - ICMBio Humaitá,CR Porto V,,,,1017621.06298828,5282.10376906371,CT Porto Velho
359238,0000.00.0284,PARNA dos Campos Amazônicos,156.054547785503,queima prescrita,manejo,planet,Queima do dia 20/06,171,6/21/2025 12:00:00 AM,2025,jun,06,manejo,interior,156.054547785503,0,AMAZÔNIA,GR 1 - NORTE,Núcleo de Gestão Integrada - ICMBio Humaitá,CR Porto V,,,,1609137.53857422,8702.80800131259,CT Porto Velho
359239,0000.00.0284,PARNA dos Campos Amazônicos,54.2681169348245,queima prescrita,manejo,planet,Queima do dia 19/06,170,6/21/2025 12:00:00 AM,2025,jun,06,manejo,interior,54.2681169348245,0,AMAZÔNIA,GR 1 - NORTE,Núcleo de Gestão Integrada - ICMBio Humaitá,CR Porto V,,,,559528.017578125,3202.34261125074,CT Porto Velho
359240,0000.00.0284,PARNA dos Campos Amazônicos,34.0100916205138,queima prescrita,manejo,planet,Queima do dia 19/06,170,6/21/2025 12:00:00 AM,2025,jun,06,manejo,interior,34.0100916205138,0,AMAZÔNIA,GR 1 - NORTE,Núcleo de Gestão Integrada - ICMBio Humaitá,CR Porto V,,,,350654.051757813,2519.69126960066,CT Porto Velho
359241,0000.00.0284,PARNA dos Campos Amazônicos,272.864070162359,queima prescrita,manejo,planet,Queima do dia 08/06,159,6/21/2025 12:00:00 AM,2025,jun,06,manejo,interior,272.864070162359,0,AMAZÔNIA,GR 1 - NORTE,Núcleo de Gestão Integrada - ICMBio Humaitá,CR Porto V,,,,2812283.75488281,11600.3813386089,CT Porto Velho
359242,0000.00.0284,PARNA dos Campos Amazônicos,78.5924602920428,queima prescrita,manejo,planet,Queima do dia 19/06,170,6/21/2025 12:00:00 AM,2025,jun,06,manejo,interior,78.5924602920428,0,AMAZÔNIA,GR 1 - NORTE,Núcleo de Gestão Integrada - ICMBio Humaitá,CR Porto V,,,,810278.666992188,5575.59032179154,CT Porto Velho
359243,0000.00.0168,PARNA do Araguaia,1.79858850633264,queima prescrita,manejo,planet,Queima do dia 03/07. Operação conjunta entre ICMBio e IBAMA.,184,7/7/2025 12:00:00 AM,2025,jul,07,manejo,interior,1.79858850633264,0,CERRADO,GR 3 - CENTRO-OESTE,-, ,,,,18745.6396484375,558.334440210155, 
359244,0000.00.0144,PARNA da Serra da Canastra,133.748216752763,queima prescrita,manejo,planet,Queima do dia 17/06,168,7/2/2025 12:00:00 AM,2025,jul,07,manejo,interior,133.748216752763,0,CERRADO,GR 4 - SUDESTE,-, ,,,,1527091.5703125,5875.32795491177, 
359245,0000.00.0144,PARNA da Serra da Canastra,342.195252913285,queima controlada,manejo,planet,Queima do dia 29/06,180,7/2/2025 12:00:00 AM,2025,jul,07,manejo,interior,342.195252913285,0,CERRADO,GR 4 - SUDESTE,-, ,,,,3907979.70410156,16841.2290717769, 
359246,0000.00.0144,PARNA da Serra da Canastra,84.7358906723366,queima prescrita,manejo,planet,Queima do dia 18/06,169,7/2/2025 12:00:00 AM,2025,jul,07,manejo,interior,84.7358906723366,0,CERRADO,GR 4 - SUDESTE,-, ,,,,967408.33984375,6231.47869607748, 
359247,0000.00.0168,PARNA do Araguaia,0.474499365431879,queima prescrita,manejo,planet,Queima do dia 03/07. Operação conjunta entre ICMBio e IBAMA.,184,7/7/2025 12:00:00 AM,2025,jul,07,manejo,interior,0.474499365431879,0,CERRADO,GR 3 - CENTRO-OESTE,-, ,,,,4945.3779296875,305.207157184638, 
359248,0000.00.0144,PARNA da Serra da Canastra,227.3196516978,queima controlada,manejo,planet,Queima do dia 28/06,179,7/2/2025 12:00:00 AM,2025,jul,07,manejo,interior,227.3196516978,0,CERRADO,GR 4 - SUDESTE,-, ,,,,2595722.32714844,13293.4188523562, 
359249,0000.00.0144,PARNA da Serra da Canastra,33.3225192236242,queima controlada,manejo,planet,Queima do dia 25/06,176,6/28/2025 12:00:00 AM,2025,jun,06,manejo,interior,33.3225192236242,0,CERRADO,GR 4 - SUDESTE,-, ,,,,380640.176757813,4180.58608459902, 
359250,0000.00.0144,PARNA da Serra da Canastra,20.1334682459421,queima controlada,manejo,planet,Queima do dia 25/06,176,6/28/2025 12:00:00 AM,2025,jun,06,manejo,interior,20.1334682459421,0,CERRADO,GR 4 - SUDESTE,-, ,,,,229998.883789063,3227.29615877347, 
359251,0000.00.0144,PARNA da Serra da Canastra,19.8875027046711,queima controlada,manejo,planet,Queima do dia 25/06,176,6/28/2025 12:00:00 AM,2025,jun,06,manejo,interior,19.8875027046711,0,CERRADO,GR 4 - SUDESTE,-, ,,,,227262.556640625,2692.22993643818, 
359252,0000.00.0168,PARNA do Araguaia,490.264129530682,queima prescrita,manejo,planet,Queima entre os dias 27/06 e 28/06. Operação conjunta entre ICMBio e IBAMA.,179,6/29/2025 12:00:00 AM,2025,jun,06,manejo,interior,490.264129530682,0,CERRADO,GR 3 - CENTRO-OESTE,-, ,,,,5113587.24169922,23885.4745174889, 
359253,0000.00.0168,PARNA do Araguaia,9.39039362881893,queima prescrita,manejo,planet,Queima do dia 02/07. Operação conjunta entre ICMBio e IBAMA,183,7/7/2025 12:00:00 AM,2025,jul,07,manejo,interior,9.39039362881893,0,CERRADO,GR 3 - CENTRO-OESTE,-, ,,,,97961.978515625,1610.30856725914, 
359254,0000.00.0168,PARNA do Araguaia,90.8132172721929,queima prescrita,manejo,planet,Queima do dia 02/07. Operação conjunta entre ICMBio e IBAMA,183,7/7/2025 12:00:00 AM,2025,jul,07,manejo,interior,90.8132172721929,0,CERRADO,GR 3 - CENTRO-OESTE,-, ,,,,947313.319335938,5527.75567837563, 
359255,0000.00.0168,PARNA do Araguaia,0.602473212953156,queima prescrita,manejo,planet,Queima do dia 03/07. Operação conjunta entre ICMBio e IBAMA.,184,7/7/2025 12:00:00 AM,2025,jul,07,manejo,interior,0.602473212953156,0,CERRADO,GR 3 - CENTRO-OESTE,-, ,,,,6279.36962890625,362.934934274515, 
359256,0000.00.0168,PARNA do Araguaia,14.0050706047547,queima prescrita,manejo,planet,Queima prescrita do dia 06/07. Operação conjunta entre ICMBio e IBAMA.,187,7/7/2025 12:00:00 AM,2025,jul,07,manejo,interior,14.0050706047547,0,CERRADO,GR 3 - CENTRO-OESTE,-, ,,,,145949.905761719,2256.08417645132, 
359257,0000.00.0168,PARNA do Araguaia,0.805777297999185,queima prescrita,manejo,planet,Queima do dia 03/07. Operação conjunta entre ICMBio e IBAMA.,184,7/7/2025 12:00:00 AM,2025,jul,07,manejo,interior,0.805777297999185,0,CERRADO,GR 3 - CENTRO-OESTE,-, ,,,,8398.552734375,663.260348754905, 
359258,0000.00.0116,FLONA do Bom Futuro,6.11699423342287,incendio,incendio,planet, ,192,8/5/2025 12:00:00 AM,2025,ago,08,incendio,interior,6.11699423342287,0,AMAZÔNIA,GR 1 - NORTE,Núcleo de Gestão Integrada - ICMBio Porto Velho,CR Porto V,,,,63284.4326171875,1230.38848780987,CT Porto Velho
359259,0000.00.0168,PARNA do Araguaia,30.3069762712361,queima prescrita,manejo,planet,Queima prescrita do dia 06/07. Operação conjunta entre ICMBio e IBAMA.,187,7/7/2025 12:00:00 AM,2025,jul,07,manejo,interior,30.3069762712361,0,CERRADO,GR 3 - CENTRO-OESTE,-, ,,,,315850.019042969,4443.01642851428, 
359260,0000.00.0168,PARNA do Araguaia,2.33824036176312,queima prescrita,manejo,planet,Queima prescrita do dia 06/07. Operação conjunta entre ICMBio e IBAMA.,187,7/7/2025 12:00:00 AM,2025,jul,07,manejo,interior,2.33824036176312,0,CERRADO,GR 3 - CENTRO-OESTE,-, ,,,,24369.8950195313,973.012703126912, 
359261,0000.00.0168,PARNA do Araguaia,13.3783698603831,queima prescrita,manejo,planet,Queima prescrita do dia 06/07. Operação conjunta entre ICMBio e IBAMA.,187,7/7/2025 12:00:00 AM,2025,jul,07,manejo,interior,13.3783698603831,0,CERRADO,GR 3 - CENTRO-OESTE,-, ,,,,139435.061523438,2292.4947075436, 
359262,0000.00.0168,PARNA do Araguaia,0.531338556535835,queima prescrita,manejo,planet,Queima prescrita do dia 06/07. Operação conjunta entre ICMBio e IBAMA.,187,7/7/2025 12:00:00 AM,2025,jul,07,manejo,interior,0.531338556535835,0,CERRADO,GR 3 - CENTRO-OESTE,-, ,,,,5537.912109375,366.944301007419, 
359263,0000.00.0168,PARNA do Araguaia,0.58898465004286,queima prescrita,manejo,planet,Queima prescrita do dia 06/07. Operação conjunta entre ICMBio e IBAMA.,187,7/7/2025 12:00:00 AM,2025,jul,07,manejo,interior,0.58898465004286,0,CERRADO,GR 3 - CENTRO-OESTE,-, ,,,,6138.85546875,484.858798483155, 
359264,0000.00.0168,PARNA do Araguaia,5.76411837193735,queima prescrita,manejo,planet,Queima do dia 03/07. Operação conjunta entre ICMBio e IBAMA.,184,7/7/2025 12:00:00 AM,2025,jul,07,manejo,interior,5.76411837193735,0,CERRADO,GR 3 - CENTRO-OESTE,-, ,,,,60080.271484375,1890.2964315146, 
359265,0000.00.0168,PARNA do Araguaia,21.8165697218966,queima prescrita,manejo,planet,Queima do dia 03/07. Operação conjunta entre ICMBio e IBAMA.,184,7/7/2025 12:00:00 AM,2025,jul,07,manejo,interior,21.8165697218966,0,CERRADO,GR 3 - CENTRO-OESTE,-, ,,,,227417.594238281,4158.57971760593, 
359266,0000.00.0168,PARNA do Araguaia,0.817063353327664,queima prescrita,manejo,planet,Queima do dia 03/07. Operação conjunta entre ICMBio e IBAMA.,184,7/7/2025 12:00:00 AM,2025,jul,07,manejo,interior,0.817063353327664,0,CERRADO,GR 3 - CENTRO-OESTE,-, ,,,,8517.349609375,404.052639300115, 
359267,0000.00.0168,PARNA do Araguaia,2.17531197659815,queima prescrita,manejo,planet,Queima do dia 03/07. Operação conjunta entre ICMBio e IBAMA.,184,7/7/2025 12:00:00 AM,2025,jul,07,manejo,interior,2.17531197659815,0,CERRADO,GR 3 - CENTRO-OESTE,-, ,,,,22676.642578125,684.243769672889, 
359268,0000.00.0168,PARNA do Araguaia,1.45394275837195,queima prescrita,manejo,planet,Queima do dia 03/07. Operação conjunta entre ICMBio e IBAMA.,184,7/7/2025 12:00:00 AM,2025,jul,07,manejo,interior,1.45394275837195,0,CERRADO,GR 3 - CENTRO-OESTE,-, ,,,,15157.0053710938,513.509650908048, 
359269,0000.00.0168,PARNA do Araguaia,0.213347678011754,queima prescrita,manejo,planet,Queima do dia 03/07. Operação conjunta entre ICMBio e IBAMA.,184,7/7/2025 12:00:00 AM,2025,jul,07,manejo,interior,0.213347678011754,0,CERRADO,GR 3 - CENTRO-OESTE,-, ,,,,2224.0048828125,203.565556244844, 
359270,0000.00.0168,PARNA do Araguaia,0.489572154158469,queima prescrita,manejo,planet,Queima do dia 03/07. Operação conjunta entre ICMBio e IBAMA.,184,7/7/2025 12:00:00 AM,2025,jul,07,manejo,interior,0.489572154158469,0,CERRADO,GR 3 - CENTRO-OESTE,-, ,,,,5103.50830078125,291.083459298923, 
359271,0000.00.0168,PARNA do Araguaia,6.01994112285064,queima prescrita,manejo,planet,Queima do dia 06/07. Operação conjunta entre ICMBio e IBAMA,187,7/7/2025 12:00:00 AM,2025,jul,07,manejo,interior,6.01994112285064,0,CERRADO,GR 3 - CENTRO-OESTE,-, ,,,,62689.2119140625,1362.03233306371, 
359272,0000.00.0168,PARNA do Araguaia,10.6916322284451,queima prescrita,manejo,planet,Queima do dia 03/07. Operação conjunta entre ICMBio e IBAMA.,184,7/7/2025 12:00:00 AM,2025,jul,07,manejo,interior,10.6916322284451,0,CERRADO,GR 3 - CENTRO-OESTE,-, ,,,,111474.423339844,1729.48631167434, 
359273,0000.00.0168,PARNA do Araguaia,9.26170524151339,queima prescrita,manejo,planet,Queima do dia 03/07. Operação conjunta entre ICMBio e IBAMA.,184,7/7/2025 12:00:00 AM,2025,jul,07,manejo,interior,9.26170524151339,0,CERRADO,GR 3 - CENTRO-OESTE,-, ,,,,96568.8022460938,1441.40391331019, 
359274,0000.00.0168,PARNA do Araguaia,13.1206997089743,queima prescrita,manejo,planet,Queima do dia 03/07. Operação conjunta entre ICMBio e IBAMA.,184,7/7/2025 12:00:00 AM,2025,jul,07,manejo,interior,13.1206997089743,0,CERRADO,GR 3 - CENTRO-OESTE,-, ,,,,136811.348632813,2129.07946946152, 
359275,0000.00.0168,PARNA do Araguaia,2.4929254471557,queima prescrita,manejo,planet,Queima do dia 03/07. Operação conjunta entre ICMBio e IBAMA.,184,7/7/2025 12:00:00 AM,2025,jul,07,manejo,interior,2.4929254471557,0,CERRADO,GR 3 - CENTRO-OESTE,-, ,,,,25993.5927734375,957.777019728472, 
359276,0000.00.0168,PARNA do Araguaia,1.47622387816967,queima prescrita,manejo,planet,Queima do dia 02/07. Operação conjunta entre ICMBio e IBAMA.,183,7/7/2025 12:00:00 AM,2025,jul,07,manejo,interior,1.47622387816967,0,CERRADO,GR 3 - CENTRO-OESTE,-, ,,,,15397.7021484375,534.763489074006, 
359277,0000.00.0168,PARNA do Araguaia,3.21967995285424,queima prescrita,manejo,planet,Queima do dia 02/07. Operação conjunta entre ICMBio e IBAMA,183,7/7/2025 12:00:00 AM,2025,jul,07,manejo,interior,3.21967995285424,0,CERRADO,GR 3 - CENTRO-OESTE,-, ,,,,33584.1669921875,931.623464486629, 
359278,0000.00.0168,PARNA do Araguaia,24.2253162262871,queima prescrita,manejo,planet,Queima do dia 03/07. Operação conjunta entre ICMBio e IBAMA,184,7/7/2025 12:00:00 AM,2025,jul,07,manejo,interior,24.2253162262871,0,CERRADO,GR 3 - CENTRO-OESTE,-, ,,,,253172.999511719,3106.897617017, 
359279,0000.00.0168,PARNA do Araguaia,4.9863458527923,queima prescrita,manejo,planet,Queima do dia 03/07. Operação conjunta entre ICMBio e IBAMA,184,7/7/2025 12:00:00 AM,2025,jul,07,manejo,interior,4.9863458527923,0,CERRADO,GR 3 - CENTRO-OESTE,-, ,,,,52114.4731445313,1065.9937011497, 
359280,0000.00.0168,PARNA do Araguaia,26.9528920874676,queima prescrita,manejo,planet,Queima do dia 03/07. Operação conjunta entre ICMBio e IBAMA,184,7/7/2025 12:00:00 AM,2025,jul,07,manejo,interior,26.9528920874676,0,CERRADO,GR 3 - CENTRO-OESTE,-, ,,,,281662.310546875,2806.9551768685, 
359281,0000.00.0168,PARNA do Araguaia,34.6534402961839,queima prescrita,manejo,planet,Queima do dia 06/07. Operação conjunta entre ICMBio e IBAMA,187,7/7/2025 12:00:00 AM,2025,jul,07,manejo,interior,34.6534402961839,0,CERRADO,GR 3 - CENTRO-OESTE,-, ,,,,360856.086425781,3372.52676693633, 
359282,0000.00.0168,PARNA do Araguaia,14.2154205870551,queima prescrita,manejo,planet,Queima do dia 06/07. Operação conjunta entre ICMBio e IBAMA,187,7/7/2025 12:00:00 AM,2025,jul,07,manejo,interior,14.2154205870551,0,CERRADO,GR 3 - CENTRO-OESTE,-, ,,,,148033.17578125,1823.51440476459, 
359283,0000.00.0284,PARNA dos Campos Amazônicos,163.197650674041,queima prescrita,manejo,planet,Queima do dia 30/06,181,7/9/2025 12:00:00 AM,2025,jul,07,manejo,interior,163.197650674041,0,AMAZÔNIA,GR 1 - NORTE,Núcleo de Gestão Integrada - ICMBio Humaitá,CR Porto V,,,,1679028.91015625,10586.1706938204,CT Porto Velho
359284,0000.00.0284,PARNA dos Campos Amazônicos,1.56280449547058,queima prescrita,manejo,planet,Queima do dia 30/06,181,7/9/2025 12:00:00 AM,2025,jul,07,manejo,interior,1.56280449547058,0,AMAZÔNIA,GR 1 - NORTE,Núcleo de Gestão Integrada - ICMBio Humaitá,CR Porto V,,,,16079.9638671875,650.852152429852,CT Porto Velho
359285,0000.00.0284,PARNA dos Campos Amazônicos,23.5522949334963,queima prescrita,manejo,planet,Queima do dia 17/06,168,6/20/2025 12:00:00 AM,2025,jun,06,manejo,interior,23.5522949334963,0,AMAZÔNIA,GR 1 - NORTE,Núcleo de Gestão Integrada - ICMBio Humaitá,CR Porto V,,,,242276.313476563,3729.04182243963,CT Porto Velho
359286,0000.00.0065,ESEC de Uruçuí-Una,22.1340359773186,incendio,incendio,planet, ,220,8/18/2025 12:00:00 AM,2025,ago,08,incendio,interior,22.1340359773186,0,CERRADO,GR 2 - NORDESTE,-, ,,,,227952.011230469,2371.00288548094,CT Fortaleza
359287,0000.00.0284,PARNA dos Campos Amazônicos,81.6670558040203,queima prescrita,manejo,planet,Queima do dia 18/06,169,6/20/2025 12:00:00 AM,2025,jun,06,manejo,interior,81.6670558040203,0,AMAZÔNIA,GR 1 - NORTE,Núcleo de Gestão Integrada - ICMBio Humaitá,CR Porto V,,,,840097.546386719,6636.74841558382,CT Porto Velho
359288,0000.00.0284,PARNA dos Campos Amazônicos,6.81750853419645,queima prescrita,manejo,planet,Queima do dia 18/06,169,6/20/2025 12:00:00 AM,2025,jun,06,manejo,interior,6.81750853419645,0,AMAZÔNIA,GR 1 - NORTE,Núcleo de Gestão Integrada - ICMBio Humaitá,CR Porto V,,,,70132.0737304688,1961.2921557515,CT Porto Velho
359289,0000.00.0139,PARNA da Chapada dos Veadeiros,14.6648331704004,incendio,incendio,planet, ,187,7/7/2025 12:00:00 AM,2025,jul,07,incendio,interior,14.6648331704004,0,CERRADO,GR 3 - CENTRO-OESTE,-, ,,,,156630.820800781,2378.98353264216, 
359290,0000.00.0139,PARNA da Chapada dos Veadeiros,54.1170384538606,incendio,incendio,planet, ,187,7/7/2025 12:00:00 AM,2025,jul,07,incendio,interior,54.1170384538606,0,CERRADO,GR 3 - CENTRO-OESTE,-, ,,,,577997.932617188,3659.68484869248, 
359291,0000.00.0139,PARNA da Chapada dos Veadeiros,38.0846636311538,incendio,incendio,planet, ,187,7/7/2025 12:00:00 AM,2025,jul,07,incendio,interior,38.0846636311538,0,CERRADO,GR 3 - CENTRO-OESTE,-, ,,,,406744.450195313,3744.60452085308, 
359292,0000.00.0139,PARNA da Chapada dos Veadeiros,117.736683290214,incendio,incendio,planet, ,187,7/7/2025 12:00:00 AM,2025,jul,07,incendio,interior,117.736683290214,0,CERRADO,GR 3 - CENTRO-OESTE,-, ,,,,1257465.36132813,10538.0783850223, 
359293,0000.00.0139,PARNA da Chapada dos Veadeiros,11.7948661383522,incendio,incendio,planet, ,187,7/7/2025 12:00:00 AM,2025,jul,07,incendio,interior,11.7948661383522,0,CERRADO,GR 3 - CENTRO-OESTE,-, ,,,,125961.740722656,2139.85165731781, 
359294,0000.00.0139,PARNA da Chapada dos Veadeiros,13.290249486265,incendio,incendio,planet, ,187,7/7/2025 12:00:00 AM,2025,jul,07,incendio,interior,13.290249486265,0,CERRADO,GR 3 - CENTRO-OESTE,-, ,,,,141934.131347656,3230.46143694769, 
359295,0000.00.0139,PARNA da Chapada dos Veadeiros,16.4059410645874,incendio,incendio,planet, ,187,7/7/2025 12:00:00 AM,2025,jul,07,incendio,interior,16.4059410645874,0,CERRADO,GR 3 - CENTRO-OESTE,-, ,,,,175222.379394531,2119.75337914608, 
359296,0000.00.0139,PARNA da Chapada dos Veadeiros,119.047733905659,incendio,incendio,planet, ,187,7/7/2025 12:00:00 AM,2025,jul,07,incendio,interior,119.047733905659,0,CERRADO,GR 3 - CENTRO-OESTE,-, ,,,,1271409.08251953,9600.69619289096, 
359297,0000.00.0139,PARNA da Chapada dos Veadeiros,41.3945110931573,incendio,incendio,planet, ,187,7/7/2025 12:00:00 AM,2025,jul,07,incendio,interior,41.3945110931573,0,CERRADO,GR 3 - CENTRO-OESTE,-, ,,,,442126.089355469,3626.2736397336, 
359298,0000.00.0139,PARNA da Chapada dos Veadeiros,15.7841070234765,incendio,incendio,planet, ,187,7/7/2025 12:00:00 AM,2025,jul,07,incendio,interior,15.7841070234765,0,CERRADO,GR 3 - CENTRO-OESTE,-, ,,,,168555.07421875,1753.02705966064, 
359299,0000.00.0139,PARNA da Chapada dos Veadeiros,40.8994037043725,incendio,incendio,planet, ,187,7/7/2025 12:00:00 AM,2025,jul,07,incendio,interior,40.8994037043725,0,CERRADO,GR 3 - CENTRO-OESTE,-, ,,,,436789.515136719,2991.74653040553, 
359300,0000.00.0139,PARNA da Chapada dos Veadeiros,8.6894345593545,incendio,incendio,planet, ,187,7/7/2025 12:00:00 AM,2025,jul,07,incendio,interior,8.6894345593545,0,CERRADO,GR 3 - CENTRO-OESTE,-, ,,,,92797.0263671875,1642.18759866138, 
359301,0000.00.0139,PARNA da Chapada dos Veadeiros,6.8928600004788,incendio,incendio,planet, ,187,7/7/2025 12:00:00 AM,2025,jul,07,incendio,interior,6.8928600004788,0,CERRADO,GR 3 - CENTRO-OESTE,-, ,,,,73601.634765625,1287.5553034514, 
359302,0000.00.0139,PARNA da Chapada dos Veadeiros,209.453972172221,incendio,incendio,planet, ,187,7/7/2025 12:00:00 AM,2025,jul,07,incendio,interior,209.453972172221,0,CERRADO,GR 3 - CENTRO-OESTE,-, ,,,,2236259.45019531,18468.6932843633, 
359303,0000.00.0139,PARNA da Chapada dos Veadeiros,41.55863148751,incendio,incendio,planet, ,187,7/7/2025 12:00:00 AM,2025,jul,07,incendio,interior,41.55863148751,0,CERRADO,GR 3 - CENTRO-OESTE,-, ,,,,443840.136230469,3430.25625989001, 
359304,0000.00.0074,ESEC Raso da Catarina,5.59933507769799,incendio,incendio,planet, ,316,11/25/2025 12:00:00 AM,2025,nov,11,incendio,interior,5.59933507769799,0,CAATINGA,GR 2 - NORDESTE,Núcleo de Gestão Integrada - ICMBio Paulo Afonso, ,,,,58035.408203125,1127.13054027281,CT Salvador
359305,0000.00.0074,ESEC Raso da Catarina,20.612303949884,incendio,incendio,planet, ,322,11/25/2025 12:00:00 AM,2025,nov,11,incendio,interior,20.612303949884,0,CAATINGA,GR 2 - NORDESTE,Núcleo de Gestão Integrada - ICMBio Paulo Afonso, ,,,,213669.690917969,2837.16641563686,CT Salvador
359306,0000.00.0074,ESEC Raso da Catarina,45.2612216900596,incendio,incendio,planet, ,322,11/25/2025 12:00:00 AM,2025,nov,11,incendio,interior,45.2612216900596,0,CAATINGA,GR 2 - NORDESTE,Núcleo de Gestão Integrada - ICMBio Paulo Afonso, ,,,,469222.140136719,3801.32532242661,CT Salvador
359307,0000.00.0009,APA da Costa dos Corais,24.9582039078038,incendio,incendio,planet, ,305,11/25/2025 12:00:00 AM,2025,nov,11,incendio,interior,24.9582039078038,0,MARINHO COSTEIRO,GR 2 - NORDESTE,Núcleo de Gestão Integrada - ICMBio Costa dos Corais, ,,,,257686.763183594,2793.09373299084,CT Salvador
359308,0000.00.0023,APA do Planalto Central,14.465596918506,incendio,incendio,planet, ,282,11/29/2025 12:00:00 AM,2025,nov,11,incendio,interior,14.465596918506,0,CERRADO,GR 3 - CENTRO-OESTE,-, ,,,,156476.647460938,2279.60420017794, 
359309,0000.00.0023,APA do Planalto Central,214.223106346793,incendio,incendio,planet, ,324,11/29/2025 12:00:00 AM,2025,nov,11,incendio,interior,214.223106346793,0,CERRADO,GR 3 - CENTRO-OESTE,-, ,,,,2318589.66503906,27604.1453342997, 
359310,0000.00.0023,APA do Planalto Central,100.919726931983,incendio,incendio,planet, ,295,11/29/2025 12:00:00 AM,2025,nov,11,incendio,interior,100.919726931983,0,CERRADO,GR 3 - CENTRO-OESTE,-, ,,,,1091462.14257813,8756.28947957902, 
359311,0000.00.0024,APA Meandros do Rio Araguaia,35.2330598312188,incendio,incendio,planet, ,333,12/22/2025 12:00:00 AM,2025,dez,12,incendio,interior,35.2330598312188,0,CERRADO,GR 3 - CENTRO-OESTE,Núcleo de Gestão Integrada - ICMBio Meandros do Rio Araguaia, ,,,,373795.500488281,4068.89881902199, 
359312,0000.00.0168,PARNA do Araguaia,41.0834589986189,queima prescrita,manejo,planet,Queima do dia 10/07,191,7/13/2025 12:00:00 AM,2025,jul,07,manejo,interior,41.0834589986189,0,CERRADO,GR 3 - CENTRO-OESTE,-, ,,,,427806.373046875,3167.34104441723, 
359313,0000.00.0168,PARNA do Araguaia,30.1910354298458,queima prescrita,manejo,planet,Queima do dia 10/07,191,7/13/2025 12:00:00 AM,2025,jul,07,manejo,interior,30.1910354298458,0,CERRADO,GR 3 - CENTRO-OESTE,-, ,,,,314389.687988281,2919.59671045927, 
359314,0000.00.0023,APA do Planalto Central,66.4098630126692,incendio,incendio,planet, ,318,11/29/2025 12:00:00 AM,2025,nov,11,incendio,interior,66.4098630126692,0,CERRADO,GR 3 - CENTRO-OESTE,-, ,,,,717616.215820313,10396.8979598063, 
359315,0000.00.0024,APA Meandros do Rio Araguaia,330.270665145523,incendio,incendio,planet, ,325,11/30/2025 12:00:00 AM,2025,nov,11,incendio,interior,330.270665145523,0,CERRADO,GR 3 - CENTRO-OESTE,Núcleo de Gestão Integrada - ICMBio Meandros do Rio Araguaia, ,,,,3503147.64501953,9261.52567115683, 
359316,0000.00.0076,ESEC Serra Geral do Tocantins,8863.45909229348,incendio,incendio,planet, ,249,9/14/2025 12:00:00 AM,2025,set,09,incendio,interior,8863.45909229348,0,CERRADO,GR 3 - CENTRO-OESTE,-, ,,,,92407661.277832,86326.9993050215, 
359317,0000.00.0144,PARNA da Serra da Canastra,837.80109368561,queima controlada,manejo,planet,Queima do dia 31/07,212,7/26/2025 12:00:00 AM,2025,jul,07,manejo,interior,837.80109368561,0,CERRADO,GR 4 - SUDESTE,-, ,,,,9592521.64257813,25932.579043817, 
359318,0000.00.0144,PARNA da Serra da Canastra,212.82939274564,queima controlada,manejo,planet,Queima do dia 04/09,247,9/10/2025 12:00:00 AM,2025,set,09,manejo,interior,212.82939274564,0,CERRADO,GR 4 - SUDESTE,-, ,,,,2427658.38964844,18899.25386445, 
359319,0000.00.0076,ESEC Serra Geral do Tocantins,1905.23330822805,queima controlada,manejo,planet,Queima do dia 04/08,216,8/10/2025 12:00:00 AM,2025,ago,08,manejo,interior,1905.23330822805,0,CERRADO,GR 3 - CENTRO-OESTE,-, ,,,,19869129.2241211,41618.8908388079, 
359320,0000.00.0139,PARNA da Chapada dos Veadeiros,588.788594697558,incendio,incendio,planet, ,253,9/11/2025 12:00:00 AM,2025,set,09,incendio,interior,588.788594697558,0,CERRADO,GR 3 - CENTRO-OESTE,-, ,,,,6283474.59472656,12926.5620935229, 
359321,0000.00.0163,PARNA de Pacaás Novos,100.807312675933,queima por indigenas isolados,manejo,planet,Queima por indígenas isolados no dia 05/09,248,9/11/2025 12:00:00 AM,2025,set,09,manejo,interior,100.807312675933,0,AMAZÔNIA,GR 1 - NORTE,-, ,,,,1055152.96582031,4826.83524139064,CT Porto Velho
359322,0000.00.0163,PARNA de Pacaás Novos,331.293716640197,queima por indigenas isolados,manejo,planet,Queima por indígenas isolados no dia 02/09,245,9/11/2025 12:00:00 AM,2025,set,09,manejo,interior,331.293716640197,0,AMAZÔNIA,GR 1 - NORTE,-, ,,,,3467003.22070313,13612.1975431875,CT Porto Velho
359323,0000.00.0216,REBIO Nascentes da Serra do Cachimbo,478.989168431849,incendio,incendio,planet, ,254,9/11/2025 12:00:00 AM,2025,set,09,incendio,interior,478.989168431849,0,AMAZÔNIA,GR 1 - NORTE,Núcleo de Gestão Integrada - ICMBio Serra do Cachimbo,CR Oeste d,,,,4933417.37841797,16036.953989866,CT Itaituba
359324,0000.00.0003,APA da Bacia do Rio Descoberto,26.545804319947,incendio,incendio,planet, ,237,9/9/2025 12:00:00 AM,2025,set,09,incendio,interior,26.545804319947,0,CERRADO,GR 3 - CENTRO-OESTE,Núcleo de Gestão Integrada - ICMBio Descoberto-Brasília, ,,,,288347.500976563,3671.61037569182, 
359325,0000.00.0140,PARNA da Lagoa do Peixe,47.6107873032247,incendio,incendio,planet, ,345,12/14/2025 12:00:00 AM,2025,dez,12,incendio,interior,47.6107873032247,0,PAMPA,GR 5 - SUL,-, ,,,,650870.3359375,6436.83702461172, 
359326,0000.00.0065,ESEC de Uruçuí-Una,235.067369284003,incendio,incendio,planet, ,248,9/11/2025 12:00:00 AM,2025,set,09,incendio,interior,235.067369284003,0,CERRADO,GR 2 - NORDESTE,-, ,,,,2421264.39306641,9730.69540958053,CT Fortaleza
359327,0000.00.0140,PARNA da Lagoa do Peixe,8.25040271650651,incendio,incendio,planet, ,348,12/14/2025 12:00:00 AM,2025,dez,12,incendio,interior,8.25040271650651,0,PAMPA,GR 5 - SUL,-, ,,,,112729.884765625,2099.51295305629, 
359328,0000.00.0086,FLONA de Brasília,195.821942869793,incendio,incendio,planet, ,252,9/11/2025 12:00:00 AM,2025,set,09,incendio,interior,195.821942869793,0,CERRADO,GR 3 - CENTRO-OESTE,Núcleo de Gestão Integrada - ICMBio Descoberto-Brasília, ,,,,2126799.00878906,11904.1664669299, 
359329,0000.00.0003,APA da Bacia do Rio Descoberto,7.53817443552601,incendio,incendio,planet, ,252,9/11/2025 12:00:00 AM,2025,set,09,incendio,interior,7.53817443552601,0,CERRADO,GR 3 - CENTRO-OESTE,Núcleo de Gestão Integrada - ICMBio Descoberto-Brasília, ,,,,81881.296875,2283.62716315826, 
359330,0000.00.0165,PARNA de São Joaquim,25.0628379079847,queima controlada,manejo,planet,Queima do dia 31/08,243,8/31/2025 12:00:00 AM,2025,ago,08,manejo,interior,25.0628379079847,0,MATA ATLÂNTICA,GR 5 - SUL,-, ,,,,324137.357421875,3215.92609614147, 
359331,0000.00.0024,APA Meandros do Rio Araguaia,77.3772925739433,incendio,incendio,planet, ,256,9/17/2025 12:00:00 AM,2025,set,09,incendio,interior,77.3772925739433,0,CERRADO,GR 3 - CENTRO-OESTE,Núcleo de Gestão Integrada - ICMBio Meandros do Rio Araguaia, ,,,,824707.32421875,6372.15788429344, 
359332,0000.00.0144,PARNA da Serra da Canastra,632.463393937525,queima controlada,manejo,planet,Queima do dia 02/09,245,9/10/2025 12:00:00 AM,2025,set,09,manejo,interior,632.463393937525,0,CERRADO,GR 4 - SUDESTE,-, ,,,,7234391.82128906,15110.0283124329, 
359333,0000.00.0165,PARNA de São Joaquim,62.9039636391261,incendio,incendio,planet, ,228,8/31/2025 12:00:00 AM,2025,ago,08,incendio,interior,62.9039636391261,0,MATA ATLÂNTICA,GR 5 - SUL,-, ,,,,812169.3046875,4766.01381543622, 
359334,0000.00.0165,PARNA de São Joaquim,23.9111057005358,incendio,incendio,planet, ,228,8/31/2025 12:00:00 AM,2025,ago,08,incendio,interior,23.9111057005358,0,MATA ATLÂNTICA,GR 5 - SUL,-, ,,,,308736.50390625,3401.95582095273, 
359335,0000.00.0144,PARNA da Serra da Canastra,396.41404112593,incendio,incendio,planet, ,253,9/10/2025 12:00:00 AM,2025,set,09,incendio,interior,396.41404112593,0,CERRADO,GR 4 - SUDESTE,-, ,,,,4534241.17675781,16650.1565021947, 
359336,0000.00.0144,PARNA da Serra da Canastra,219.866871737111,incendio,incendio,planet, ,254,9/11/2025 12:00:00 AM,2025,set,09,incendio,interior,219.866871737111,0,CERRADO,GR 4 - SUDESTE,-, ,,,,2514458.63769531,18682.1457514897, 
359337,0000.00.0165,PARNA de São Joaquim,41.8162011334289,queima controlada,manejo,planet,Queima do dia 31/08,243,8/31/2025 12:00:00 AM,2025,ago,08,manejo,interior,41.8162011334289,0,MATA ATLÂNTICA,GR 5 - SUL,-, ,,,,540824.81640625,7696.04250452742, 
359338,0000.00.0065,ESEC de Uruçuí-Una,1157.9148099407,incendio,incendio,planet, ,250,9/11/2025 12:00:00 AM,2025,set,09,incendio,interior,1157.9148099407,0,CERRADO,GR 2 - NORDESTE,-, ,,,,11926894.171875,25268.658631976,CT Fortaleza
359339,0000.00.0165,PARNA de São Joaquim,15.5323985635042,queima controlada,manejo,planet,Queima do dia 31/08,243,8/31/2025 12:00:00 AM,2025,ago,08,manejo,interior,15.5323985635042,0,MATA ATLÂNTICA,GR 5 - SUL,-, ,,,,200884.857421875,3075.88431848673, 
359340,0000.00.0065,ESEC de Uruçuí-Una,389.011408364976,incendio,incendio,planet, ,248,9/11/2025 12:00:00 AM,2025,set,09,incendio,interior,389.011408364976,0,CERRADO,GR 2 - NORDESTE,-, ,,,,4007295.70849609,12444.5847701448,CT Fortaleza
359341,0000.00.0165,PARNA de São Joaquim,1.59693329180813,queima controlada,manejo,planet,Queima do dia 31/08,243,8/31/2025 12:00:00 AM,2025,ago,08,manejo,interior,1.59693329180813,0,MATA ATLÂNTICA,GR 5 - SUL,-, ,,,,20654.212890625,646.969452905975, 
359342,0000.00.0165,PARNA de São Joaquim,5.57156697352685,queima controlada,manejo,planet,Queima do dia 31/08,243,8/31/2025 12:00:00 AM,2025,ago,08,manejo,interior,5.57156697352685,0,MATA ATLÂNTICA,GR 5 - SUL,-, ,,,,72051.638671875,1671.79606708177, 
359343,0000.00.0165,PARNA de São Joaquim,13.194341462041,queima controlada,manejo,planet,Queima do dia 31/08,243,8/31/2025 12:00:00 AM,2025,ago,08,manejo,interior,13.194341462041,0,MATA ATLÂNTICA,GR 5 - SUL,-, ,,,,170616.80078125,2295.47654280395, 
359344,0000.00.0086,FLONA de Brasília,36.7173200553786,incendio,incendio,sentinel_2, ,252,9/13/2025 12:00:00 AM,2025,set,09,incendio,interior,36.7173200553786,0,CERRADO,GR 3 - CENTRO-OESTE,Núcleo de Gestão Integrada - ICMBio Descoberto-Brasília, ,,,,398782.51953125,2604.55271862804, 
359345,0000.00.0165,PARNA de São Joaquim,0.762514532137399,queima controlada,manejo,planet,Queima do dia 13/08,225,8/31/2025 12:00:00 AM,2025,ago,08,manejo,interior,0.762514532137399,0,MATA ATLÂNTICA,GR 5 - SUL,-, ,,,,9852.73046875,418.632119581772, 
359346,0000.00.0086,FLONA de Brasília,34.9698227300136,incendio,incendio,sentinel_2, ,254,9/13/2025 12:00:00 AM,2025,set,09,incendio,interior,34.9698227300136,0,CERRADO,GR 3 - CENTRO-OESTE,Núcleo de Gestão Integrada - ICMBio Descoberto-Brasília, ,,,,379717.234375,2475.99187426638, 
359347,0000.00.0003,APA da Bacia do Rio Descoberto,0.0839490918776252,incendio,incendio,sentinel_2, ,254,9/13/2025 12:00:00 AM,2025,set,09,incendio,interior,0.0839490918776252,0,CERRADO,GR 3 - CENTRO-OESTE,Núcleo de Gestão Integrada - ICMBio Descoberto-Brasília, ,,,,911.556640625,773.191298680059, 
359348,0000.00.0158,PARNA de Aparados da Serra,69.1347584269677,incendio,incendio,planet, ,237,8/30/2025 12:00:00 AM,2025,ago,08,incendio,interior,69.1347584269677,0,MATA ATLÂNTICA,GR 5 - SUL,Núcleo de Gestão Integrada - ICMBio Aparados da Serra, ,,,,909273.40234375,5741.56603474914, 
359349,0000.00.0028,APA das Nascentes do Rio Vermelho,5624.07116743855,incendio,incendio,planet, ,255,9/15/2025 12:00:00 AM,2025,set,09,incendio,interior,5624.07116743855,0,CERRADO,GR 3 - CENTRO-OESTE,Núcleo de Gestão Integrada - ICMBio Mambaí, ,,,,60194469.5664063,76813.0016617479, 
359350,0000.00.0144,PARNA da Serra da Canastra,1915.41577687308,incendio,incendio,planet, ,256,9/15/2025 12:00:00 AM,2025,set,09,incendio,interior,1915.41577687308,0,CERRADO,GR 4 - SUDESTE,-, ,,,,21831947.3466797,24957.8573061443, 
359351,0000.00.0165,PARNA de São Joaquim,4.10296536852986,queima controlada,manejo,planet,Queima do dia 13/08,225,8/31/2025 12:00:00 AM,2025,ago,08,manejo,interior,4.10296536852986,0,MATA ATLÂNTICA,GR 5 - SUL,-, ,,,,53017.56640625,1395.70032865999, 
359352,0000.00.0165,PARNA de São Joaquim,0.892988647372135,queima controlada,manejo,planet,Queima do dia 13/08,225,8/31/2025 12:00:00 AM,2025,ago,08,manejo,interior,0.892988647372135,0,MATA ATLÂNTICA,GR 5 - SUL,-, ,,,,11539.193359375,468.615188590497, 
359353,0000.00.0165,PARNA de São Joaquim,4.0633356075825,queima controlada,manejo,planet,Queima do dia 13/08,225,8/31/2025 12:00:00 AM,2025,ago,08,manejo,interior,4.0633356075825,0,MATA ATLÂNTICA,GR 5 - SUL,-, ,,,,52507.09765625,1353.03767851682, 
359354,0000.00.0144,PARNA da Serra da Canastra,270.039054328487,incendio,incendio,planet, ,254,9/15/2025 12:00:00 AM,2025,set,09,incendio,interior,270.039054328487,0,CERRADO,GR 4 - SUDESTE,-, ,,,,3085413.54101563,20675.4093198725, 
359355,0000.00.0165,PARNA de São Joaquim,71.9409797381841,queima controlada,manejo,planet,Queima do dia 13/08,225,8/31/2025 12:00:00 AM,2025,ago,08,manejo,interior,71.9409797381841,0,MATA ATLÂNTICA,GR 5 - SUL,-, ,,,,929741.98828125,7790.64709992473, 
359356,0000.00.0165,PARNA de São Joaquim,19.2641906932105,queima controlada,manejo,planet,Queima do dia 13/08,225,8/31/2025 12:00:00 AM,2025,ago,08,manejo,interior,19.2641906932105,0,MATA ATLÂNTICA,GR 5 - SUL,-, ,,,,249031.015625,3863.31679462249, 
359357,0000.00.0165,PARNA de São Joaquim,28.8083194382471,queima controlada,manejo,planet,Queima do dia 12/08,224,8/31/2025 12:00:00 AM,2025,ago,08,manejo,interior,28.8083194382471,0,MATA ATLÂNTICA,GR 5 - SUL,-, ,,,,372446.06640625,4284.15037396806, 
359358,0000.00.0165,PARNA de São Joaquim,3.17176217445497,queima controlada,manejo,planet,Queima do dia 12/08,224,8/31/2025 12:00:00 AM,2025,ago,08,manejo,interior,3.17176217445497,0,MATA ATLÂNTICA,GR 5 - SUL,-, ,,,,41009.23828125,893.702725560528, 
359359,0000.00.0165,PARNA de São Joaquim,0.903738282630028,queima controlada,manejo,planet,Queima do dia 13/08,225,8/31/2025 12:00:00 AM,2025,ago,08,manejo,interior,0.903738282630028,0,MATA ATLÂNTICA,GR 5 - SUL,-, ,,,,11678.78125,602.188350721046, 
359360,0000.00.0165,PARNA de São Joaquim,63.4495143975843,queima controlada,manejo,planet,Queima do dia 13/08,225,8/31/2025 12:00:00 AM,2025,ago,08,manejo,interior,63.4495143975843,0,MATA ATLÂNTICA,GR 5 - SUL,-, ,,,,820220.1328125,8759.35286502785, 
359361,0000.00.3136,PARNA da Serra do Gandarela,20.6406527899491,incendio,incendio,planet, ,254,9/17/2025 12:00:00 AM,2025,set,09,incendio,interior,20.6406527899491,0,MATA ATLÂNTICA,GR 4 - SUDESTE,-, ,,,,234892.897460938,3209.48448927755, 
359362,0000.00.0165,PARNA de São Joaquim,137.79233539414,queima controlada,manejo,planet,Queima do dia 13/08,225,8/31/2025 12:00:00 AM,2025,ago,08,manejo,interior,137.79233539414,0,MATA ATLÂNTICA,GR 5 - SUL,-, ,,,,1781104.76171875,10798.5652215625, 
359363,0000.00.0165,PARNA de São Joaquim,3.34561895942291,queima controlada,manejo,planet,Queima do dia 13/08,225,8/31/2025 12:00:00 AM,2025,ago,08,manejo,interior,3.34561895942291,0,MATA ATLÂNTICA,GR 5 - SUL,-, ,,,,43241.798828125,1095.80055424772, 
359364,0000.00.0165,PARNA de São Joaquim,3.69537571294013,queima controlada,manejo,planet,Queima do dia 13/08,225,8/31/2025 12:00:00 AM,2025,ago,08,manejo,interior,3.69537571294013,0,MATA ATLÂNTICA,GR 5 - SUL,-, ,,,,47762.5625,1250.03143470181, 
359365,0000.00.0165,PARNA de São Joaquim,1.69008706281604,queima controlada,manejo,planet,Queima do dia 13/08,225,8/31/2025 12:00:00 AM,2025,ago,08,manejo,interior,1.69008706281604,0,MATA ATLÂNTICA,GR 5 - SUL,-, ,,,,21843.658203125,825.43443499417, 
359366,0000.00.0165,PARNA de São Joaquim,326.24969123198,queima controlada,manejo,planet,Queima do dia 31/08,243,8/31/2025 12:00:00 AM,2025,ago,08,manejo,interior,326.24969123198,0,MATA ATLÂNTICA,GR 5 - SUL,-, ,,,,4218148.66796875,17259.6436065375, 
359367,0000.00.0165,PARNA de São Joaquim,9.27255961733571,queima controlada,manejo,planet,Queima do dia 13/08,225,8/31/2025 12:00:00 AM,2025,ago,08,manejo,interior,9.27255961733571,0,MATA ATLÂNTICA,GR 5 - SUL,-, ,,,,119848.091796875,2007.8088719023, 
359368,0000.00.0165,PARNA de São Joaquim,14.6225915691046,queima controlada,manejo,planet,Queima do dia 13/08,225,8/31/2025 12:00:00 AM,2025,ago,08,manejo,interior,14.6225915691046,0,MATA ATLÂNTICA,GR 5 - SUL,-, ,,,,188932.123046875,2660.07901969655, 
359369,0000.00.0163,PARNA de Pacaás Novos,2080.02857891661,queima por indigenas isolados,manejo,planet,Queima por indígenas isolados entre os dias 12/09 e 13/09,255,9/15/2025 12:00:00 AM,2025,set,09,manejo,interior,2080.02857891661,0,AMAZÔNIA,GR 1 - NORTE,-, ,,,,21775832.421875,32919.5698782564,CT Porto Velho
359370,0000.00.0076,ESEC Serra Geral do Tocantins,1113.18756050484,incendio,incendio,planet, ,247,9/14/2025 12:00:00 AM,2025,set,09,incendio,interior,1113.18756050484,0,CERRADO,GR 3 - CENTRO-OESTE,-, ,,,,11604945.6235352,27595.2222360053, 
359371,0000.00.0065,ESEC de Uruçuí-Una,111.932819235101,queima prescrita,manejo,planet,Queima do dia 02/08,214,8/5/2025 12:00:00 AM,2025,ago,08,manejo,interior,111.932819235101,0,CERRADO,GR 2 - NORDESTE,-, ,,,,1154287.47851563,6026.20266429897,CT Fortaleza
359372,0000.00.0179,PARNA do Viruá,30.9729947473786,queima prescrita,manejo,planet,Queima do dia 17/12,351,12/31/2025 12:00:00 AM,2025,dez,12,manejo,interior,30.9729947473786,0,AMAZÔNIA,GR 1 - NORTE,Núcleo de Gestão Integrada - ICMBio Roraima,CR Manaus,,,,312012.530517578,3278.60351271386,CT Manaus
359373,0000.00.0137,PARNA da Chapada Diamantina,48.1753901853662,incendio,incendio,planet, ,215,8/9/2025 12:00:00 AM,2025,ago,08,incendio,interior,48.1753901853662,0,CAATINGA,GR 2 - NORDESTE,-, ,,,,508572.803222656,4983.23805836496,CT Salvador
359374,0000.00.0168,PARNA do Araguaia,60.0714337237715,queima prescrita,manejo,planet,Queima do dia 18/07,199,7/20/2025 12:00:00 AM,2025,jul,07,manejo,interior,60.0714337237715,0,CERRADO,GR 3 - CENTRO-OESTE,-, ,,,,627561.146484375,5187.76077923875, 
359375,0000.00.0165,PARNA de São Joaquim,10.9882523506526,incendio,incendio,planet, ,212,8/12/2025 12:00:00 AM,2025,ago,08,incendio,interior,10.9882523506526,0,MATA ATLÂNTICA,GR 5 - SUL,-, ,,,,142009.580078125,1976.7504196258, 
359376,0000.00.0027,APA Morro da Pedreira,169.243403970123,queima prescrita,manejo,planet,Queima do dia 07/08,219,8/10/2025 12:00:00 AM,2025,ago,08,manejo,interior,169.243403970123,0,CERRADO,GR 4 - SUDESTE,Núcleo de Gestão Integrada - ICMBio Cipó-Pedreira, ,,,,1906507.8984375,11415.2300423723, 
359377,0000.00.0002,APA Cavernas do Peruaçu,22.8381598502403,incendio,incendio,planet, ,218,8/7/2025 12:00:00 AM,2025,ago,08,incendio,interior,22.8381598502403,0,CERRADO,GR 4 - SUDESTE,Núcleo de Gestão Integrada - ICMBio Peruaçu, ,,,,246249.747070313,2852.39699275113, 
359378,0000.00.0272,PARNA da Chapada das Mesas,188.616170533421,incendio,incendio,planet, ,219,8/11/2025 12:00:00 AM,2025,ago,08,incendio,interior,188.616170533421,0,CERRADO,GR 2 - NORDESTE,-, ,,,,1927062.07788086,9063.29282399556,CT Fortaleza
359379,0000.00.0086,FLONA de Brasília,72.0803932757383,incendio,incendio,planet, ,219,8/10/2025 12:00:00 AM,2025,ago,08,incendio,interior,72.0803932757383,0,CERRADO,GR 3 - CENTRO-OESTE,Núcleo de Gestão Integrada - ICMBio Descoberto-Brasília, ,,,,782968.497070313,4844.48525645066, 
359380,0000.00.0003,APA da Bacia do Rio Descoberto,12.0113990997581,incendio,incendio,planet, ,219,8/10/2025 12:00:00 AM,2025,ago,08,incendio,interior,12.0113990997581,0,CERRADO,GR 3 - CENTRO-OESTE,Núcleo de Gestão Integrada - ICMBio Descoberto-Brasília, ,,,,130474.708007813,4286.78965350745, 
359381,0000.00.0168,PARNA do Araguaia,36.7724928147421,queima prescrita,manejo,planet,Queima do dia 05/08,217,8/11/2025 12:00:00 AM,2025,ago,08,manejo,interior,36.7724928147421,0,CERRADO,GR 3 - CENTRO-OESTE,-, ,,,,384170.220214844,4165.37913250976, 
359382,0000.00.0165,PARNA de São Joaquim,13.0504063545538,incendio,incendio,planet, ,213,8/12/2025 12:00:00 AM,2025,ago,08,incendio,interior,13.0504063545538,0,MATA ATLÂNTICA,GR 5 - SUL,-, ,,,,168608.3359375,2274.70789548893, 
359383,0000.00.0192,REBIO da Contagem,11.3666328735847,incendio,incendio,planet, ,220,8/10/2025 12:00:00 AM,2025,ago,08,incendio,interior,11.3666328735847,0,CERRADO,GR 3 - CENTRO-OESTE,Núcleo de Gestão Integrada - ICMBio Brasília-Contagem, ,,,,123291.27734375,2870.51590391192, 
359384,0000.00.0076,ESEC Serra Geral do Tocantins,602.248375745782,incendio,incendio,planet, ,222,8/11/2025 12:00:00 AM,2025,ago,08,incendio,interior,602.248375745782,0,CERRADO,GR 3 - CENTRO-OESTE,-, ,,,,6292166.50585938,18030.2155355915, 
359385,0000.00.0168,PARNA do Araguaia,503.804378524294,queima prescrita,manejo,planet,Queima do dia 06/08,218,8/11/2025 12:00:00 AM,2025,ago,08,manejo,interior,503.804378524294,0,CERRADO,GR 3 - CENTRO-OESTE,-, ,,,,5242288.91503906,23015.9677086568, 
359386,0000.00.0168,PARNA do Araguaia,54.6988664796069,queima prescrita,manejo,planet,Queima do dia 04/08,216,8/11/2025 12:00:00 AM,2025,ago,08,manejo,interior,54.6988664796069,0,CERRADO,GR 3 - CENTRO-OESTE,-, ,,,,571249.875,5369.6515095731, 
359387,0000.00.0139,PARNA da Chapada dos Veadeiros,384.75196291628,incendio,incendio,planet, ,224,8/12/2025 12:00:00 AM,2025,ago,08,incendio,interior,384.75196291628,0,CERRADO,GR 3 - CENTRO-OESTE,-, ,,,,4112158.61132813,16423.4161493658, 
359388,0000.00.0027,APA Morro da Pedreira,116.824143094929,incendio,incendio,planet, ,216,8/10/2025 12:00:00 AM,2025,ago,08,incendio,interior,116.824143094929,0,CERRADO,GR 4 - SUDESTE,Núcleo de Gestão Integrada - ICMBio Cipó-Pedreira, ,,,,1315281.6328125,7259.78785995795, 
359389,0000.00.0086,FLONA de Brasília,11.7904644742571,incendio,incendio,planet, ,222,8/12/2025 12:00:00 AM,2025,ago,08,incendio,interior,11.7904644742571,0,CERRADO,GR 3 - CENTRO-OESTE,Núcleo de Gestão Integrada - ICMBio Descoberto-Brasília, ,,,,127894.193359375,1666.83525995024, 
359390,0000.00.0003,APA da Bacia do Rio Descoberto,1.12102422846935,incendio,incendio,planet, ,222,8/12/2025 12:00:00 AM,2025,ago,08,incendio,interior,1.12102422846935,0,CERRADO,GR 3 - CENTRO-OESTE,Núcleo de Gestão Integrada - ICMBio Descoberto-Brasília, ,,,,12160.09765625,1388.36604602453, 
359391,0000.00.0027,APA Morro da Pedreira,27.2575286096663,incendio,incendio,planet, ,215,8/10/2025 12:00:00 AM,2025,ago,08,incendio,interior,27.2575286096663,0,CERRADO,GR 4 - SUDESTE,Núcleo de Gestão Integrada - ICMBio Cipó-Pedreira, ,,,,307012.387695313,2656.37447536608, 
359392,0000.00.0027,APA Morro da Pedreira,58.8849859123745,incendio,incendio,planet, ,215,8/10/2025 12:00:00 AM,2025,ago,08,incendio,interior,58.8849859123745,0,CERRADO,GR 4 - SUDESTE,Núcleo de Gestão Integrada - ICMBio Cipó-Pedreira, ,,,,663257.470703125,3859.70545839876, 
359393,0000.00.0153,PARNA da Serra Geral,193.633804196729,incendio,incendio,planet, ,219,8/11/2025 12:00:00 AM,2025,ago,08,incendio,interior,193.633804196729,0,MATA ATLÂNTICA,GR 5 - SUL,Núcleo de Gestão Integrada - ICMBio Aparados da Serra, ,,,,2546081.328125,17477.74573041, 
359394,0000.00.0076,ESEC Serra Geral do Tocantins,1319.02143832347,queima controlada,manejo,planet,Queima do dia 04/08,216,8/10/2025 12:00:00 AM,2025,ago,08,manejo,interior,1319.02143832347,0,CERRADO,GR 3 - CENTRO-OESTE,-, ,,,,13754726.0375977,26413.5974354415, 
359395,0000.00.0139,PARNA da Chapada dos Veadeiros,30.839981484689,aceiro,manejo,planet,"Queima do dia 02/07, realizada pelo PREVFOGO",183,7/21/2025 12:00:00 AM,2025,jul,07,manejo,interior,30.839981484689,0,CERRADO,GR 3 - CENTRO-OESTE,-, ,,,,329626.81640625,6363.80119034915, 
359396,0000.00.0065,ESEC de Uruçuí-Una,41.4681115377942,queima prescrita,manejo,planet,Queima do dia 21/05,142,5/26/2025 12:00:00 AM,2025,mai,05,manejo,interior,41.4681115377942,0,CERRADO,GR 2 - NORDESTE,-, ,,,,427787.409667969,4816.77137592316,CT Fortaleza
359397,0000.00.0158,PARNA de Aparados da Serra,49.88532928872,incendio,incendio,planet, ,215,8/12/2025 12:00:00 AM,2025,ago,08,incendio,interior,49.88532928872,0,MATA ATLÂNTICA,GR 5 - SUL,Núcleo de Gestão Integrada - ICMBio Aparados da Serra, ,,,,656660.33984375,4861.62203801798, 
359398,0000.00.0165,PARNA de São Joaquim,146.877674765247,incendio,incendio,planet, ,212,8/12/2025 12:00:00 AM,2025,ago,08,incendio,interior,146.877674765247,0,MATA ATLÂNTICA,GR 5 - SUL,-, ,,,,1902267.76953125,10706.215388815, 
359399,0000.00.0165,PARNA de São Joaquim,3.73159490689296,incendio,incendio,planet, ,223,8/12/2025 12:00:00 AM,2025,ago,08,incendio,interior,3.73159490689296,0,MATA ATLÂNTICA,GR 5 - SUL,-, ,,,,48329.056640625,865.881010891292, 
359400,0000.00.0165,PARNA de São Joaquim,12.1397553796298,incendio,incendio,planet, ,223,8/12/2025 12:00:00 AM,2025,ago,08,incendio,interior,12.1397553796298,0,MATA ATLÂNTICA,GR 5 - SUL,-, ,,,,157213.359375,2889.49141023593, 
359401,0000.00.0165,PARNA de São Joaquim,2.98126257242139,incendio,incendio,planet, ,224,8/12/2025 12:00:00 AM,2025,ago,08,incendio,interior,2.98126257242139,0,MATA ATLÂNTICA,GR 5 - SUL,-, ,,,,38616.203125,1107.7232380476, 
359402,0000.00.0165,PARNA de São Joaquim,8.42588170558889,incendio,incendio,planet, ,202,8/12/2025 12:00:00 AM,2025,ago,08,incendio,interior,8.42588170558889,0,MATA ATLÂNTICA,GR 5 - SUL,-, ,,,,108937.76953125,1716.03856083345, 
359403,0000.00.0165,PARNA de São Joaquim,102.229586590687,incendio,incendio,planet, ,223,8/12/2025 12:00:00 AM,2025,ago,08,incendio,interior,102.229586590687,0,MATA ATLÂNTICA,GR 5 - SUL,-, ,,,,1323848.59570313,8594.09466260962, 
359404,0000.00.0165,PARNA de São Joaquim,36.9909993312446,incendio,incendio,planet, ,212,8/12/2025 12:00:00 AM,2025,ago,08,incendio,interior,36.9909993312446,0,MATA ATLÂNTICA,GR 5 - SUL,-, ,,,,478262.373046875,3532.78697531098, 
359405,0000.00.0165,PARNA de São Joaquim,20.089830656137,incendio,incendio,planet, ,224,8/12/2025 12:00:00 AM,2025,ago,08,incendio,interior,20.089830656137,0,MATA ATLÂNTICA,GR 5 - SUL,-, ,,,,259708.0390625,3793.04271215039, 
359406,0000.00.0168,PARNA do Araguaia,266.762591236368,queima prescrita,manejo,planet,Queima do dia 06/08,218,8/6/2025 12:00:00 AM,2025,ago,08,manejo,interior,266.762591236368,0,CERRADO,GR 3 - CENTRO-OESTE,-, ,,,,2775778.32666016,9372.51366112686, 
359407,0000.00.0272,PARNA da Chapada das Mesas,183.54254330785,incendio,incendio,planet, ,143,8/11/2025 12:00:00 AM,2025,ago,08,incendio,interior,183.54254330785,0,CERRADO,GR 2 - NORDESTE,-, ,,,,1877276.96166992,12986.8455004163,CT Fortaleza
359408,0000.00.0272,PARNA da Chapada das Mesas,83.6904906883575,incendio,incendio,planet, ,184,7/28/2025 12:00:00 AM,2025,jul,07,incendio,interior,83.6904906883575,0,CERRADO,GR 2 - NORDESTE,-, ,,,,855960.018554688,7710.46313192027,CT Fortaleza
359409,0000.00.0168,PARNA do Araguaia,452.347501126386,incendio,incendio,planet, ,222,8/11/2025 12:00:00 AM,2025,ago,08,incendio,interior,452.347501126386,0,CERRADO,GR 3 - CENTRO-OESTE,-, ,,,,4705605.55957031,18158.1319941081, 
359410,0000.00.0272,PARNA da Chapada das Mesas,55.0308355656811,incendio,incendio,planet, ,140,7/28/2025 12:00:00 AM,2025,jul,07,incendio,interior,55.0308355656811,0,CERRADO,GR 2 - NORDESTE,-, ,,,,562754.677001953,3779.81210890119,CT Fortaleza
359411,0000.00.0272,PARNA da Chapada das Mesas,31.6336921019357,incendio,incendio,planet, ,117,5/28/2025 12:00:00 AM,2025,mai,05,incendio,interior,31.6336921019357,0,CERRADO,GR 2 - NORDESTE,-, ,,,,323537.353515625,3926.46240526182,CT Fortaleza
359412,0000.00.0272,PARNA da Chapada das Mesas,146.590281339404,incendio,incendio,planet, ,157,8/11/2025 12:00:00 AM,2025,ago,08,incendio,interior,146.590281339404,0,CERRADO,GR 2 - NORDESTE,-, ,,,,1498767.62402344,6581.82257124434,CT Fortaleza
359413,0000.00.0272,PARNA da Chapada das Mesas,6.48778624824982,incendio,incendio,planet, ,154,7/28/2025 12:00:00 AM,2025,jul,07,incendio,interior,6.48778624824982,0,CERRADO,GR 2 - NORDESTE,-, ,,,,66365.9958496094,1308.66356187509,CT Fortaleza
359414,0000.00.0272,PARNA da Chapada das Mesas,294.934604193699,incendio,incendio,planet, ,136,5/28/2025 12:00:00 AM,2025,mai,05,incendio,interior,294.934604193699,0,CERRADO,GR 2 - NORDESTE,-, ,,,,3015942.5222168,11809.0689187026,CT Fortaleza
359415,0000.00.0272,PARNA da Chapada das Mesas,83.0904407508089,incendio,incendio,planet, ,129,5/15/2025 12:00:00 AM,2025,mai,05,incendio,interior,83.0904407508089,0,CERRADO,GR 2 - NORDESTE,-, ,,,,849927.888916016,12073.7387612472,CT Fortaleza
359416,0000.00.0272,PARNA da Chapada das Mesas,92.2907496307045,incendio,incendio,planet, ,129,5/15/2025 12:00:00 AM,2025,mai,05,incendio,interior,92.2907496307045,0,CERRADO,GR 2 - NORDESTE,-, ,,,,943930.733886719,4515.66263632322,CT Fortaleza
359417,0000.00.0272,PARNA da Chapada das Mesas,145.296512922182,incendio,incendio,planet, ,117,5/15/2025 12:00:00 AM,2025,mai,05,incendio,interior,145.296512922182,0,CERRADO,GR 2 - NORDESTE,-, ,,,,1486003.80126953,7179.89905228885,CT Fortaleza
359418,0000.00.0272,PARNA da Chapada das Mesas,18.5619992959043,incendio,incendio,planet, ,140,7/28/2025 12:00:00 AM,2025,jul,07,incendio,interior,18.5619992959043,0,CERRADO,GR 2 - NORDESTE,-, ,,,,189818.205566406,2562.68648438015,CT Fortaleza
359419,0000.00.0272,PARNA da Chapada das Mesas,292.097525375332,incendio,incendio,planet, ,137,5/28/2025 12:00:00 AM,2025,mai,05,incendio,interior,292.097525375332,0,CERRADO,GR 2 - NORDESTE,-, ,,,,2987196.93212891,13013.3881904765,CT Fortaleza
359420,0000.00.0272,PARNA da Chapada das Mesas,239.174935188526,incendio,incendio,planet, ,146,5/28/2025 12:00:00 AM,2025,mai,05,incendio,interior,239.174935188526,0,CERRADO,GR 2 - NORDESTE,-, ,,,,2445577.48999023,10882.6619837063,CT Fortaleza
359421,0000.00.0272,PARNA da Chapada das Mesas,131.034746150938,incendio,incendio,planet, ,129,5/28/2025 12:00:00 AM,2025,mai,05,incendio,interior,131.034746150938,0,CERRADO,GR 2 - NORDESTE,-, ,,,,1340237.80615234,6412.59853414174,CT Fortaleza
359422,0000.00.0272,PARNA da Chapada das Mesas,55.623594070417,incendio,incendio,planet, ,129,5/15/2025 12:00:00 AM,2025,mai,05,incendio,interior,55.623594070417,0,CERRADO,GR 2 - NORDESTE,-, ,,,,569005.291015625,4963.70173502443,CT Fortaleza
359423,0000.00.0272,PARNA da Chapada das Mesas,91.6173260278599,incendio,incendio,planet, ,117,5/28/2025 12:00:00 AM,2025,mai,05,incendio,interior,91.6173260278599,0,CERRADO,GR 2 - NORDESTE,-, ,,,,937069.359130859,4570.57854494902,CT Fortaleza
359424,0000.00.0272,PARNA da Chapada das Mesas,103.176370904598,incendio,incendio,planet, ,174,7/24/2025 12:00:00 AM,2025,jul,07,incendio,interior,103.176370904598,0,CERRADO,GR 2 - NORDESTE,-, ,,,,1055275.67138672,5131.24374115716,CT Fortaleza
359425,0000.00.0272,PARNA da Chapada das Mesas,319.025864965003,incendio,incendio,planet, ,133,5/15/2025 12:00:00 AM,2025,mai,05,incendio,interior,319.025864965003,0,CERRADO,GR 2 - NORDESTE,-, ,,,,3262989.79736328,12816.7419913374,CT Fortaleza
359426,0000.00.0272,PARNA da Chapada das Mesas,14.6626205344156,incendio,incendio,planet, ,129,5/15/2025 12:00:00 AM,2025,mai,05,incendio,interior,14.6626205344156,0,CERRADO,GR 2 - NORDESTE,-, ,,,,149990.419677734,2802.58173339277,CT Fortaleza
359427,0000.00.0272,PARNA da Chapada das Mesas,69.1930614527739,incendio,incendio,planet, ,129,5/28/2025 12:00:00 AM,2025,mai,05,incendio,interior,69.1930614527739,0,CERRADO,GR 2 - NORDESTE,-, ,,,,707655.210693359,5793.78913286194,CT Fortaleza
359428,0000.00.0272,PARNA da Chapada das Mesas,1020.95669838236,incendio,incendio,planet, ,174,7/24/2025 12:00:00 AM,2025,jul,07,incendio,interior,1020.95669838236,0,CERRADO,GR 2 - NORDESTE,-, ,,,,10442921.8605957,21142.5410025161,CT Fortaleza
359429,0000.00.0156,PARNA das Nascentes do Rio Parnaíba,81.4409425274433,queima controlada,manejo,planet,Queima do dia 13/05,133,8/9/2025 12:00:00 AM,2025,ago,08,manejo,interior,81.4409425274433,0,CERRADO,GR 2 - NORDESTE,-, ,,,,845227.506347656,5202.8786462311,CT Fortaleza
359430,0000.00.0156,PARNA das Nascentes do Rio Parnaíba,17.2856691147738,queima prescrita,manejo,planet,Queima do dia 28/05,148,8/9/2025 12:00:00 AM,2025,ago,08,manejo,interior,17.2856691147738,0,CERRADO,GR 2 - NORDESTE,-, ,,,,179347.599609375,2099.35369380232,CT Fortaleza
359431,0000.00.0272,PARNA da Chapada das Mesas,336.513614146631,queima prescrita,manejo,planet,Queima do dia 22/06,173,8/11/2025 12:00:00 AM,2025,ago,08,manejo,interior,336.513614146631,0,CERRADO,GR 2 - NORDESTE,-, ,,,,3442110.28027344,10139.3284437187,CT Fortaleza
359432,0000.00.0156,PARNA das Nascentes do Rio Parnaíba,404.378967926908,queima prescrita,manejo,planet,Queima do dia 28/05,148,8/9/2025 12:00:00 AM,2025,ago,08,manejo,interior,404.378967926908,0,CERRADO,GR 2 - NORDESTE,-, ,,,,4197834.64013672,14399.7106648955,CT Fortaleza
359433,0000.00.0156,PARNA das Nascentes do Rio Parnaíba,264.572010685233,queima controlada,manejo,planet,Queima do dia 13/05,133,8/9/2025 12:00:00 AM,2025,ago,08,manejo,interior,264.572010685233,0,CERRADO,GR 2 - NORDESTE,-, ,,,,2745977.97558594,7847.21971822475,CT Fortaleza
359434,0000.00.0156,PARNA das Nascentes do Rio Parnaíba,128.524427837887,queima prescrita,manejo,planet,Queima do dia 06/06,157,8/9/2025 12:00:00 AM,2025,ago,08,manejo,interior,128.524427837887,0,CERRADO,GR 2 - NORDESTE,-, ,,,,1335311.40234375,8574.99039502704,CT Fortaleza
359435,0000.00.0156,PARNA das Nascentes do Rio Parnaíba,444.418282550807,queima prescrita,manejo,planet,Queima do dia 28/05,148,8/9/2025 12:00:00 AM,2025,ago,08,manejo,interior,444.418282550807,0,CERRADO,GR 2 - NORDESTE,-, ,,,,4611053.45458984,23560.251888141,CT Fortaleza
359436,0000.00.0156,PARNA das Nascentes do Rio Parnaíba,164.612451030404,queima prescrita,manejo,planet,Queima do dia 07/06,158,8/9/2025 12:00:00 AM,2025,ago,08,manejo,interior,164.612451030404,0,CERRADO,GR 2 - NORDESTE,-, ,,,,1709021.94482422,10064.2902228575,CT Fortaleza
359437,0000.00.0156,PARNA das Nascentes do Rio Parnaíba,190.029883739601,queima controlada,manejo,planet,Queima do dia 11/05,131,8/9/2025 12:00:00 AM,2025,ago,08,manejo,interior,190.029883739601,0,CERRADO,GR 2 - NORDESTE,-, ,,,,1971621.72705078,10824.7487911482,CT Fortaleza
359438,0000.00.0156,PARNA das Nascentes do Rio Parnaíba,345.741404365744,queima controlada,manejo,planet,Queima do dia 14/05,134,8/9/2025 12:00:00 AM,2025,ago,08,manejo,interior,345.741404365744,0,CERRADO,GR 2 - NORDESTE,-, ,,,,3589934.13867188,10314.5631199462,CT Fortaleza
359439,0000.00.0156,PARNA das Nascentes do Rio Parnaíba,261.08471618287,queima controlada,manejo,planet,Queima do dia 14/06,165,8/9/2025 12:00:00 AM,2025,ago,08,manejo,interior,261.08471618287,0,CERRADO,GR 2 - NORDESTE,-, ,,,,2713065.33691406,13766.0042741718,CT Fortaleza
359440,0000.00.0156,PARNA das Nascentes do Rio Parnaíba,210.990988220664,queima controlada,manejo,planet,Queima do dia 14/06,165,8/9/2025 12:00:00 AM,2025,ago,08,manejo,interior,210.990988220664,0,CERRADO,GR 2 - NORDESTE,-, ,,,,2186241.51318359,13167.8652051751,CT Fortaleza
359441,0000.00.0116,FLONA do Bom Futuro,9.47611071184349,incendio,incendio,planet, ,227,8/18/2025 12:00:00 AM,2025,ago,08,incendio,interior,9.47611071184349,0,AMAZÔNIA,GR 1 - NORTE,Núcleo de Gestão Integrada - ICMBio Porto Velho,CR Porto V,,,,98055.6977539063,1698.84388794286,CT Porto Velho
359442,0000.00.0156,PARNA das Nascentes do Rio Parnaíba,101.361665752995,incendio,incendio,planet, ,212,8/9/2025 12:00:00 AM,2025,ago,08,incendio,interior,101.361665752995,0,CERRADO,GR 2 - NORDESTE,-, ,,,,1051786.1171875,6292.69771868404,CT Fortaleza
359443,0000.00.0156,PARNA das Nascentes do Rio Parnaíba,1.74684332713895,incendio,incendio,planet, ,160,8/9/2025 12:00:00 AM,2025,ago,08,incendio,interior,1.74684332713895,0,CERRADO,GR 2 - NORDESTE,-, ,,,,18127.0830078125,551.339516325313,CT Fortaleza
359444,0000.00.0156,PARNA das Nascentes do Rio Parnaíba,479.51621463751,incendio,incendio,planet, ,146,8/9/2025 12:00:00 AM,2025,ago,08,incendio,interior,479.51621463751,0,CERRADO,GR 2 - NORDESTE,-, ,,,,4978946.90527344,22831.018471673,CT Fortaleza
359445,0000.00.0268,APA do Tapajós,17.2873243996493,incendio,incendio,planet, ,183,7/31/2025 12:00:00 AM,2025,jul,07,incendio,interior,17.2873243996493,0,AMAZÔNIA,GR 1 - NORTE,Núcleo de Gestão Integrada - ICMBio Jamanxim,CR Oeste d,,,,176913.302246094,2713.63822515317,CT Itaituba
359446,0000.00.0156,PARNA das Nascentes do Rio Parnaíba,237.383379911421,incendio,incendio,planet, ,135,8/9/2025 12:00:00 AM,2025,ago,08,incendio,interior,237.383379911421,0,CERRADO,GR 2 - NORDESTE,-, ,,,,2464193.19726563,12801.4496247289,CT Fortaleza
359447,0000.00.0156,PARNA das Nascentes do Rio Parnaíba,2.02216123870052,incendio,incendio,planet, ,160,8/9/2025 12:00:00 AM,2025,ago,08,incendio,interior,2.02216123870052,0,CERRADO,GR 2 - NORDESTE,-, ,,,,20984.3217773438,716.792167646503,CT Fortaleza
359448,0000.00.0156,PARNA das Nascentes do Rio Parnaíba,6.44412378612881,incendio,incendio,planet, ,160,8/9/2025 12:00:00 AM,2025,ago,08,incendio,interior,6.44412378612881,0,CERRADO,GR 2 - NORDESTE,-, ,,,,66869.6997070313,1194.76670597915,CT Fortaleza
359449,0000.00.0139,PARNA da Chapada dos Veadeiros,31.3409006402024,incendio,incendio,planet, ,224,8/14/2025 12:00:00 AM,2025,ago,08,incendio,interior,31.3409006402024,0,CERRADO,GR 3 - CENTRO-OESTE,-, ,,,,334964.885253906,3916.58984501576, 
359450,0000.00.0168,PARNA do Araguaia,37.9975424615168,queima prescrita,manejo,planet,Queima do dia 10/08. Operação conjunta entre ICMBio e IBAMA,222,8/11/2025 12:00:00 AM,2025,ago,08,manejo,interior,37.9975424615168,0,CERRADO,GR 3 - CENTRO-OESTE,-, ,,,,396336.661132813,4529.61782160665, 
359451,0000.00.0065,ESEC de Uruçuí-Una,27.2015365213049,incendio,incendio,planet, ,228,8/18/2025 12:00:00 AM,2025,ago,08,incendio,interior,27.2015365213049,0,CERRADO,GR 2 - NORDESTE,-, ,,,,280208.280273438,2629.7422946611,CT Fortaleza
359452,0000.00.0168,PARNA do Araguaia,668.452656070854,incendio,incendio,planet, ,282,10/10/2025 12:00:00 AM,2025,out,10,incendio,interior,668.452656070854,0,CERRADO,GR 3 - CENTRO-OESTE,-, ,,,,6959491.78515625,25797.3771531971, 
359453,0000.00.0065,ESEC de Uruçuí-Una,109.079768278217,incendio,incendio,planet, ,221,8/18/2025 12:00:00 AM,2025,ago,08,incendio,interior,109.079768278217,0,CERRADO,GR 2 - NORDESTE,-, ,,,,1123487.92919922,7419.67270715054,CT Fortaleza
359454,0000.00.0168,PARNA do Araguaia,21.6494233165265,queima prescrita,manejo,planet,Queima do dia 05/08. Operação conjunta entre ICMBio e IBAMA,217,8/11/2025 12:00:00 AM,2025,ago,08,manejo,interior,21.6494233165265,0,CERRADO,GR 3 - CENTRO-OESTE,-, ,,,,225899.489257813,2499.50560735098, 
359455,0000.00.0024,APA Meandros do Rio Araguaia,197.821181662031,incendio,incendio,planet, ,229,8/18/2025 12:00:00 AM,2025,ago,08,incendio,interior,197.821181662031,0,CERRADO,GR 3 - CENTRO-OESTE,Núcleo de Gestão Integrada - ICMBio Meandros do Rio Araguaia, ,,,,2101320.1171875,10981.4282379165, 
359456,0000.00.0023,APA do Planalto Central,30.961929718485,incendio,incendio,planet, ,223,8/14/2025 12:00:00 AM,2025,ago,08,incendio,interior,30.961929718485,0,CERRADO,GR 3 - CENTRO-OESTE,-, ,,,,335714.119140625,4122.75943415524, 
359457,0000.00.0159,PARNA de Brasília,12.5544749576963,incendio,incendio,planet, ,223,8/14/2025 12:00:00 AM,2025,ago,08,incendio,interior,12.5544749576963,0,CERRADO,GR 3 - CENTRO-OESTE,Núcleo de Gestão Integrada - ICMBio Brasília-Contagem, ,,,,136122.18359375,2711.25285685286, 
359458,0000.00.0192,REBIO da Contagem,3.44887454998768,incendio,incendio,planet, ,222,8/14/2025 12:00:00 AM,2025,ago,08,incendio,interior,3.44887454998768,0,CERRADO,GR 3 - CENTRO-OESTE,Núcleo de Gestão Integrada - ICMBio Brasília-Contagem, ,,,,37409.7529296875,936.139764840476, 
359459,0000.00.0023,APA do Planalto Central,0.00141792911091316,incendio,incendio,planet, ,222,8/14/2025 12:00:00 AM,2025,ago,08,incendio,interior,0.00141792911091316,0,CERRADO,GR 3 - CENTRO-OESTE,-, ,,,,15.37890625,23.5265445555203, 
359460,0000.00.0284,PARNA dos Campos Amazônicos,124.123347876167,incendio,incendio,planet, ,228,8/18/2025 12:00:00 AM,2025,ago,08,incendio,interior,124.123347876167,0,AMAZÔNIA,GR 1 - NORTE,Núcleo de Gestão Integrada - ICMBio Humaitá,CR Porto V,,,,1280404.25488281,5681.9738725024,CT Porto Velho
359461,0000.00.0161,PARNA de Ilha Grande,53.8853582654447,incendio,incendio,planet, ,226,8/16/2025 12:00:00 AM,2025,ago,08,incendio,interior,53.8853582654447,0,MATA ATLÂNTICA,GR 5 - SUL,Núcleo de Gestão Integrada - ICMBio Rio Paraná, ,,,,646805.314453125,6013.98969436518, 
359462,0000.00.0024,APA Meandros do Rio Araguaia,3332.71269900526,incendio,incendio,planet, ,230,8/18/2025 12:00:00 AM,2025,ago,08,incendio,interior,3332.71269900526,0,CERRADO,GR 3 - CENTRO-OESTE,Núcleo de Gestão Integrada - ICMBio Meandros do Rio Araguaia, ,,,,35380921.2080078,45449.4647061176, 
359463,0000.00.3136,PARNA da Serra do Gandarela,127.618134705867,incendio,incendio,planet, ,226,8/16/2025 12:00:00 AM,2025,ago,08,incendio,interior,127.618134705867,0,MATA ATLÂNTICA,GR 4 - SUDESTE,-, ,,,,1454353.80664063,7485.95880734262, 
359464,0000.00.0024,APA Meandros do Rio Araguaia,1125.48948131602,incendio,incendio,planet, ,228,8/17/2025 12:00:00 AM,2025,ago,08,incendio,interior,1125.48948131602,0,CERRADO,GR 3 - CENTRO-OESTE,Núcleo de Gestão Integrada - ICMBio Meandros do Rio Araguaia, ,,,,11952706.9506836,26824.8662571628, 
359465,0000.00.0284,PARNA dos Campos Amazônicos,83.1875664901784,incendio,incendio,planet, ,228,8/18/2025 12:00:00 AM,2025,ago,08,incendio,interior,83.1875664901784,0,AMAZÔNIA,GR 1 - NORTE,Núcleo de Gestão Integrada - ICMBio Humaitá,CR Porto V,,,,858067.304199219,5144.86094167528,CT Porto Velho
359466,0000.00.1633,PARNA Mapinguari,50.1206770429352,incendio,incendio,planet, ,227,8/16/2025 12:00:00 AM,2025,ago,08,incendio,interior,50.1206770429352,0,AMAZÔNIA,GR 1 - NORTE,Núcleo de Gestão Integrada - ICMBio Porto Velho,CR Porto V,,,,516422.896484375,3834.69098580127,CT Porto Velho
359467,0000.00.0065,ESEC de Uruçuí-Una,14.0497381370707,incendio,incendio,planet, ,228,8/18/2025 12:00:00 AM,2025,ago,08,incendio,interior,14.0497381370707,0,CERRADO,GR 2 - NORDESTE,-, ,,,,144746.667480469,1780.47305731914,CT Fortaleza
359468,0000.00.0116,FLONA do Bom Futuro,42.4379041022115,incendio,incendio,planet, ,229,8/18/2025 12:00:00 AM,2025,ago,08,incendio,interior,42.4379041022115,0,AMAZÔNIA,GR 1 - NORTE,Núcleo de Gestão Integrada - ICMBio Porto Velho,CR Porto V,,,,439116.57421875,4186.7101123286,CT Porto Velho
359469,0000.00.0065,ESEC de Uruçuí-Una,26.47309749929,incendio,incendio,planet, ,220,8/18/2025 12:00:00 AM,2025,ago,08,incendio,interior,26.47309749929,0,CERRADO,GR 2 - NORDESTE,-, ,,,,272652.401855469,2668.7023470149,CT Fortaleza
359470,0000.00.0116,FLONA do Bom Futuro,2.05681916677849,incendio,incendio,planet, ,227,8/18/2025 12:00:00 AM,2025,ago,08,incendio,interior,2.05681916677849,0,AMAZÔNIA,GR 1 - NORTE,Núcleo de Gestão Integrada - ICMBio Porto Velho,CR Porto V,,,,21282.74609375,742.344052448899,CT Porto Velho
359471,0000.00.0116,FLONA do Bom Futuro,50.7094381055554,incendio,incendio,planet, ,227,8/18/2025 12:00:00 AM,2025,ago,08,incendio,interior,50.7094381055554,0,AMAZÔNIA,GR 1 - NORTE,Núcleo de Gestão Integrada - ICMBio Porto Velho,CR Porto V,,,,524689.467285156,3999.6467866493,CT Porto Velho
359472,0000.00.0027,APA Morro da Pedreira,132.96180116106,incendio,incendio,planet, ,227,8/16/2025 12:00:00 AM,2025,ago,08,incendio,interior,132.96180116106,0,CERRADO,GR 4 - SUDESTE,Núcleo de Gestão Integrada - ICMBio Cipó-Pedreira, ,,,,1503764.81738281,7773.29379081333, 
359473,0000.00.0116,FLONA do Bom Futuro,403.157463810536,incendio,incendio,planet, ,227,8/18/2025 12:00:00 AM,2025,ago,08,incendio,interior,403.157463810536,0,AMAZÔNIA,GR 1 - NORTE,Núcleo de Gestão Integrada - ICMBio Porto Velho,CR Porto V,,,,4171657.57519531,19637.9347650921,CT Porto Velho
359474,0000.00.0027,APA Morro da Pedreira,16.4749097730784,incendio,incendio,planet, ,228,8/16/2025 12:00:00 AM,2025,ago,08,incendio,interior,16.4749097730784,0,CERRADO,GR 4 - SUDESTE,Núcleo de Gestão Integrada - ICMBio Cipó-Pedreira, ,,,,186456.65234375,2359.87770621106, 
359475,0000.00.0065,ESEC de Uruçuí-Una,960.014100421063,incendio,incendio,planet, ,229,8/18/2025 12:00:00 AM,2025,ago,08,incendio,interior,960.014100421063,0,CERRADO,GR 2 - NORDESTE,-, ,,,,9893320.60839844,21287.6333623359,CT Fortaleza
359476,0000.00.0116,FLONA do Bom Futuro,680.883758477682,incendio,incendio,planet, ,229,8/18/2025 12:00:00 AM,2025,ago,08,incendio,interior,680.883758477682,0,AMAZÔNIA,GR 1 - NORTE,Núcleo de Gestão Integrada - ICMBio Porto Velho,CR Porto V,,,,7046185.22460938,25005.4686612603,CT Porto Velho
359477,0000.00.0065,ESEC de Uruçuí-Una,208.479327738356,incendio,incendio,planet, ,228,8/18/2025 12:00:00 AM,2025,ago,08,incendio,interior,208.479327738356,0,CERRADO,GR 2 - NORDESTE,-, ,,,,2147706.23193359,14502.2793813172,CT Fortaleza
359478,0000.00.0116,FLONA do Bom Futuro,18.1535544447678,incendio,incendio,planet, ,222,8/18/2025 12:00:00 AM,2025,ago,08,incendio,interior,18.1535544447678,0,AMAZÔNIA,GR 1 - NORTE,Núcleo de Gestão Integrada - ICMBio Porto Velho,CR Porto V,,,,187887.853515625,2591.47683523164,CT Porto Velho
359479,0000.00.0116,FLONA do Bom Futuro,3.31507163603461,incendio,incendio,planet, ,222,8/18/2025 12:00:00 AM,2025,ago,08,incendio,interior,3.31507163603461,0,AMAZÔNIA,GR 1 - NORTE,Núcleo de Gestão Integrada - ICMBio Porto Velho,CR Porto V,,,,34308.13671875,944.011633654341,CT Porto Velho
359480,0000.00.0116,FLONA do Bom Futuro,2.64356886135122,incendio,incendio,planet, ,222,8/18/2025 12:00:00 AM,2025,ago,08,incendio,interior,2.64356886135122,0,AMAZÔNIA,GR 1 - NORTE,Núcleo de Gestão Integrada - ICMBio Porto Velho,CR Porto V,,,,27358.2758789063,756.486892936887,CT Porto Velho
359481,0000.00.0266,FLONA do Jamanxim,1635.76843359275,incendio,incendio,planet, ,225,8/16/2025 12:00:00 AM,2025,ago,08,incendio,interior,1635.76843359275,0,AMAZÔNIA,GR 1 - NORTE,Núcleo de Gestão Integrada - ICMBio Serra do Cachimbo,CR Oeste d,,,,16797934.6425781,27149.4715037843,CT Itaituba
359482,0000.00.0144,PARNA da Serra da Canastra,25.1791483615831,incendio,incendio,planet, ,228,8/19/2025 12:00:00 AM,2025,ago,08,incendio,interior,25.1791483615831,0,CERRADO,GR 4 - SUDESTE,-, ,,,,287950.033203125,4435.35308694748, 
359483,0000.00.0086,FLONA de Brasília,224.157109650375,incendio,incendio,planet, ,229,8/18/2025 12:00:00 AM,2025,ago,08,incendio,interior,224.157109650375,0,CERRADO,GR 3 - CENTRO-OESTE,Núcleo de Gestão Integrada - ICMBio Descoberto-Brasília, ,,,,2431140.04492188,13488.6048581453, 
359484,0000.00.0003,APA da Bacia do Rio Descoberto,2.98538471963223,incendio,incendio,planet, ,229,8/18/2025 12:00:00 AM,2025,ago,08,incendio,interior,2.98538471963223,0,CERRADO,GR 3 - CENTRO-OESTE,Núcleo de Gestão Integrada - ICMBio Descoberto-Brasília, ,,,,32377.3466796875,2704.84824869379, 
359485,0000.00.0144,PARNA da Serra da Canastra,44.738657399101,incendio,incendio,planet, ,228,8/19/2025 12:00:00 AM,2025,ago,08,incendio,interior,44.738657399101,0,CERRADO,GR 4 - SUDESTE,-, ,,,,511855.170898438,3484.73102952163, 
359486,0000.00.0139,PARNA da Chapada dos Veadeiros,143.355553724431,queima prescrita,manejo,planet,Queima entre os dias 04/06 e 06/06,156,6/7/2025 12:00:00 AM,2025,jun,06,manejo,interior,143.355553724431,0,CERRADO,GR 3 - CENTRO-OESTE,-, ,,,,1531110.01611328,16904.6698338549, 
359487,0000.00.0168,PARNA do Araguaia,21.9520463255442,incendio,incendio,planet, ,224,8/4/2025 12:00:00 AM,2025,ago,08,incendio,interior,21.9520463255442,0,CERRADO,GR 3 - CENTRO-OESTE,-, ,,,,228163.885742188,3304.10580392992, 
359488,0000.00.0168,PARNA do Araguaia,472.082027273575,incendio,incendio,planet, ,216,8/5/2025 12:00:00 AM,2025,ago,08,incendio,interior,472.082027273575,0,CERRADO,GR 3 - CENTRO-OESTE,-, ,,,,4905744.19921875,22735.5519721025, 
359489,0000.00.0144,PARNA da Serra da Canastra,547.234029005844,incendio,incendio,planet, ,228,8/19/2025 12:00:00 AM,2025,ago,08,incendio,interior,547.234029005844,0,CERRADO,GR 4 - SUDESTE,-, ,,,,6260763.84570313,31660.2032816582, 
359490,0000.00.0144,PARNA da Serra da Canastra,103.357706731198,incendio,incendio,planet, ,228,8/19/2025 12:00:00 AM,2025,ago,08,incendio,interior,103.357706731198,0,CERRADO,GR 4 - SUDESTE,-, ,,,,1182901.07519531,5574.18509190254, 
359491,0000.00.0168,PARNA do Araguaia,122.332411249939,incendio,incendio,planet, ,224,8/18/2025 12:00:00 AM,2025,ago,08,incendio,interior,122.332411249939,0,CERRADO,GR 3 - CENTRO-OESTE,-, ,,,,1271591.31347656,6790.05708604076, 
359492,0000.00.0168,PARNA do Araguaia,85.768071985875,incendio,incendio,planet, ,224,8/18/2025 12:00:00 AM,2025,ago,08,incendio,interior,85.768071985875,0,CERRADO,GR 3 - CENTRO-OESTE,-, ,,,,891730.642089844,4554.13801212313, 
359493,0000.00.0168,PARNA do Araguaia,16.4452598201779,incendio,incendio,planet, ,224,8/18/2025 12:00:00 AM,2025,ago,08,incendio,interior,16.4452598201779,0,CERRADO,GR 3 - CENTRO-OESTE,-, ,,,,170988.270996094,2582.35562231152, 
359494,0000.00.0076,ESEC Serra Geral do Tocantins,36.4483561226152,incendio,incendio,planet, ,187,7/28/2025 12:00:00 AM,2025,jul,07,incendio,interior,36.4483561226152,0,CERRADO,GR 3 - CENTRO-OESTE,-, ,,,,379974.051757813,2884.83834572446, 
359495,0000.00.0168,PARNA do Araguaia,34.3405808141286,incendio,incendio,planet, ,236,8/25/2025 12:00:00 AM,2025,ago,08,incendio,interior,34.3405808141286,0,CERRADO,GR 3 - CENTRO-OESTE,-, ,,,,357676.795898438,3510.84658378675, 
359496,0000.00.0168,PARNA do Araguaia,738.556848965469,incendio,incendio,planet, ,224,8/18/2025 12:00:00 AM,2025,ago,08,incendio,interior,738.556848965469,0,CERRADO,GR 3 - CENTRO-OESTE,-, ,,,,7667448.59326172,22018.1448185465, 
359497,0000.00.0144,PARNA da Serra da Canastra,235.650763726754,queima controlada,manejo,planet,Queima do dia 12/08,224,8/19/2025 12:00:00 AM,2025,ago,08,manejo,interior,235.650763726754,0,CERRADO,GR 4 - SUDESTE,-, ,,,,2697229.07910156,11844.5900085389, 
359498,0000.00.0168,PARNA do Araguaia,1593.95551073801,incendio,incendio,planet, ,224,8/18/2025 12:00:00 AM,2025,ago,08,incendio,interior,1593.95551073801,0,CERRADO,GR 3 - CENTRO-OESTE,-, ,,,,16565626.0458984,30313.9552579163, 
359499,0000.00.0144,PARNA da Serra da Canastra,1004.866529811,queima controlada,manejo,planet,Queima do dia 18/08,230,8/19/2025 12:00:00 AM,2025,ago,08,manejo,interior,1004.866529811,0,CERRADO,GR 4 - SUDESTE,-, ,,,,11509993.6425781,24930.3279838004, 
359500,0000.00.0144,PARNA da Serra da Canastra,3.16952245343045,incendio,incendio,planet, ,238,8/27/2025 12:00:00 AM,2025,ago,08,incendio,interior,3.16952245343045,0,CERRADO,GR 4 - SUDESTE,-, ,,,,36248.0419921875,1696.6773952154, 
359501,0000.00.0139,PARNA da Chapada dos Veadeiros,21.5339719826469,incendio,incendio,planet, ,229,8/19/2025 12:00:00 AM,2025,ago,08,incendio,interior,21.5339719826469,0,CERRADO,GR 3 - CENTRO-OESTE,-, ,,,,230245.2265625,6320.00523915739, 
359502,0000.00.0159,PARNA de Brasília,0.662455543496944,incendio,incendio,planet, ,233,8/24/2025 12:00:00 AM,2025,ago,08,incendio,interior,0.662455543496944,0,CERRADO,GR 3 - CENTRO-OESTE,Núcleo de Gestão Integrada - ICMBio Brasília-Contagem, ,,,,7176.6875,379.858156186049, 
359503,0000.00.0159,PARNA de Brasília,1.08750184635744,incendio,incendio,planet, ,233,8/24/2025 12:00:00 AM,2025,ago,08,incendio,interior,1.08750184635744,0,CERRADO,GR 3 - CENTRO-OESTE,Núcleo de Gestão Integrada - ICMBio Brasília-Contagem, ,,,,11781.3525390625,668.747187107398, 
359504,0000.00.0144,PARNA da Serra da Canastra,48.9478800913531,queima controlada,manejo,planet,Queima do dia 12/08,224,8/19/2025 12:00:00 AM,2025,ago,08,manejo,interior,48.9478800913531,0,CERRADO,GR 4 - SUDESTE,-, ,,,,561156.69921875,3852.9785048927, 
359505,0000.00.0159,PARNA de Brasília,3.74233284070382,incendio,incendio,planet, ,233,8/24/2025 12:00:00 AM,2025,ago,08,incendio,interior,3.74233284070382,0,CERRADO,GR 3 - CENTRO-OESTE,Núcleo de Gestão Integrada - ICMBio Brasília-Contagem, ,,,,40541.154296875,1057.43516154891, 
359506,0000.00.0144,PARNA da Serra da Canastra,22.6502130966955,queima controlada,manejo,planet,Queima do dia 15/08,227,8/19/2025 12:00:00 AM,2025,ago,08,manejo,interior,22.6502130966955,0,CERRADO,GR 4 - SUDESTE,-, ,,,,259412.494140625,2252.37755596383, 
359507,0000.00.0065,ESEC de Uruçuí-Una,833.476060314501,incendio,incendio,planet, ,232,8/24/2025 12:00:00 AM,2025,ago,08,incendio,interior,833.476060314501,0,CERRADO,GR 2 - NORDESTE,-, ,,,,8589926.41650391,26202.2519025034,CT Fortaleza
359508,0000.00.0144,PARNA da Serra da Canastra,187.231678812195,queima controlada,manejo,planet,Queima do dia 13/08,225,8/19/2025 12:00:00 AM,2025,ago,08,manejo,interior,187.231678812195,0,CERRADO,GR 4 - SUDESTE,-, ,,,,2141566.47070313,12045.7415160667, 
359509,0000.00.0144,PARNA da Serra da Canastra,1823.22882282341,incendio,incendio,planet, ,233,8/24/2025 12:00:00 AM,2025,ago,08,incendio,interior,1823.22882282341,0,CERRADO,GR 4 - SUDESTE,-, ,,,,20819495.3398438,56894.202512005, 
359510,0000.00.0139,PARNA da Chapada dos Veadeiros,40.6699449705951,incendio,incendio,sentinel_2, ,235,8/24/2025 12:00:00 AM,2025,ago,08,incendio,interior,40.6699449705951,0,CERRADO,GR 3 - CENTRO-OESTE,-, ,,,,434086.135253906,4788.48489891584, 
359511,0000.00.0168,PARNA do Araguaia,32.9856123073741,incendio,incendio,planet, ,236,8/25/2025 12:00:00 AM,2025,ago,08,incendio,interior,32.9856123073741,0,CERRADO,GR 3 - CENTRO-OESTE,-, ,,,,343544.734863281,4090.90261762651, 
359512,0000.00.0168,PARNA do Araguaia,1090.83458431772,incendio,incendio,planet, ,236,8/25/2025 12:00:00 AM,2025,ago,08,incendio,interior,1090.83458431772,0,CERRADO,GR 3 - CENTRO-OESTE,-, ,,,,11360716.2314453,25761.6466345763, 
359513,0000.00.0023,APA do Planalto Central,1.39695199342685,incendio,incendio,planet, ,232,8/21/2025 12:00:00 AM,2025,ago,08,incendio,interior,1.39695199342685,0,CERRADO,GR 3 - CENTRO-OESTE,-, ,,,,15132.2626953125,4575.42954391875, 
359514,0000.00.0159,PARNA de Brasília,377.711099531425,incendio,incendio,planet, ,232,8/21/2025 12:00:00 AM,2025,ago,08,incendio,interior,377.711099531425,0,CERRADO,GR 3 - CENTRO-OESTE,Núcleo de Gestão Integrada - ICMBio Brasília-Contagem, ,,,,4091594.61914063,15409.498077308, 
359515,0000.00.0179,PARNA do Viruá,20.4897951953261,queima prescrita,manejo,planet,Queima do dia 17/12,351,12/31/2025 12:00:00 AM,2025,dez,12,manejo,interior,20.4897951953261,0,AMAZÔNIA,GR 1 - NORTE,Núcleo de Gestão Integrada - ICMBio Roraima,CR Manaus,,,,206409.616455078,3143.98110057705,CT Manaus
359516,0000.00.0168,PARNA do Araguaia,15.7005824798894,queima prescrita,manejo,planet,Queima do dia 11/08,223,8/26/2025 12:00:00 AM,2025,ago,08,manejo,interior,15.7005824798894,0,CERRADO,GR 3 - CENTRO-OESTE,-, ,,,,164013.040527344,2862.07316330076, 
359517,0000.00.0168,PARNA do Araguaia,14.8293634110489,incendio,incendio,planet, ,217,8/5/2025 12:00:00 AM,2025,ago,08,incendio,interior,14.8293634110489,0,CERRADO,GR 3 - CENTRO-OESTE,-, ,,,,154918.088378906,1779.62663533688, 
359518,0000.00.0028,APA das Nascentes do Rio Vermelho,89.4945830369674,incendio,incendio,planet, ,235,8/25/2025 12:00:00 AM,2025,ago,08,incendio,interior,89.4945830369674,0,CERRADO,GR 3 - CENTRO-OESTE,Núcleo de Gestão Integrada - ICMBio Mambaí, ,,,,960234.255371094,5823.33421743149, 
359519,0000.00.0168,PARNA do Araguaia,364.985594160134,incendio,incendio,planet, ,237,8/26/2025 12:00:00 AM,2025,ago,08,incendio,interior,364.985594160134,0,CERRADO,GR 3 - CENTRO-OESTE,-, ,,,,3813566.49365234,14146.3372601104, 
359520,0000.00.0168,PARNA do Araguaia,174.937343380707,incendio,incendio,planet, ,236,8/26/2025 12:00:00 AM,2025,ago,08,incendio,interior,174.937343380707,0,CERRADO,GR 3 - CENTRO-OESTE,-, ,,,,1820130.24902344,8449.01576725986, 
359521,0000.00.0065,ESEC de Uruçuí-Una,115.913817722672,incendio,incendio,planet, ,236,8/25/2025 12:00:00 AM,2025,ago,08,incendio,interior,115.913817722672,0,CERRADO,GR 2 - NORDESTE,-, ,,,,1196240.97070313,7679.16302036755,CT Fortaleza
359522,0000.00.0144,PARNA da Serra da Canastra,28.2717538174052,incendio,incendio,planet, ,236,8/27/2025 12:00:00 AM,2025,ago,08,incendio,interior,28.2717538174052,0,CERRADO,GR 4 - SUDESTE,-, ,,,,322936.010742188,2798.16105914864, 
359523,0000.00.0144,PARNA da Serra da Canastra,1417.67791235196,incendio,incendio,planet, ,233,8/27/2025 12:00:00 AM,2025,ago,08,incendio,interior,1417.67791235196,0,CERRADO,GR 4 - SUDESTE,-, ,,,,16189312.4511719,41566.6942179936, 
359524,0000.00.0024,APA Meandros do Rio Araguaia,91.4574055651833,incendio,incendio,planet, ,230,8/24/2025 12:00:00 AM,2025,ago,08,incendio,interior,91.4574055651833,0,CERRADO,GR 3 - CENTRO-OESTE,Núcleo de Gestão Integrada - ICMBio Meandros do Rio Araguaia, ,,,,972676.248046875,9602.54475523347, 
359525,0000.00.0144,PARNA da Serra da Canastra,140.932362920131,incendio,incendio,planet, ,236,8/27/2025 12:00:00 AM,2025,ago,08,incendio,interior,140.932362920131,0,CERRADO,GR 4 - SUDESTE,-, ,,,,1612138.18652344,7626.43960770753, 
359526,0000.00.0144,PARNA da Serra da Canastra,1331.84545044598,incendio,incendio,planet, ,233,8/27/2025 12:00:00 AM,2025,ago,08,incendio,interior,1331.84545044598,0,CERRADO,GR 4 - SUDESTE,-, ,,,,15226983.2568359,43294.3459479812, 
359527,0000.00.0065,ESEC de Uruçuí-Una,275.736797274493,incendio,incendio,planet, ,230,8/20/2025 12:00:00 AM,2025,ago,08,incendio,interior,275.736797274493,0,CERRADO,GR 2 - NORDESTE,-, ,,,,2841668.69873047,11397.8279730788,CT Fortaleza
359528,0000.00.0024,APA Meandros do Rio Araguaia,71.391275670087,incendio,incendio,planet, ,233,8/24/2025 12:00:00 AM,2025,ago,08,incendio,interior,71.391275670087,0,CERRADO,GR 3 - CENTRO-OESTE,Núcleo de Gestão Integrada - ICMBio Meandros do Rio Araguaia, ,,,,759664.435058594,6692.19630754543, 
359529,0000.00.0076,ESEC Serra Geral do Tocantins,259.532963281785,incendio,incendio,planet, ,152,6/29/2025 12:00:00 AM,2025,jun,06,incendio,interior,259.532963281785,0,CERRADO,GR 3 - CENTRO-OESTE,-, ,,,,2707032.30664063,8327.90209082024, 
359530,0000.00.0024,APA Meandros do Rio Araguaia,133.038778747418,incendio,incendio,planet, ,233,8/24/2025 12:00:00 AM,2025,ago,08,incendio,interior,133.038778747418,0,CERRADO,GR 3 - CENTRO-OESTE,Núcleo de Gestão Integrada - ICMBio Meandros do Rio Araguaia, ,,,,1412485.40332031,5525.4654494063, 
359531,0000.00.0024,APA Meandros do Rio Araguaia,9.33171809883206,incendio,incendio,planet, ,229,8/24/2025 12:00:00 AM,2025,ago,08,incendio,interior,9.33171809883206,0,CERRADO,GR 3 - CENTRO-OESTE,Núcleo de Gestão Integrada - ICMBio Meandros do Rio Araguaia, ,,,,99087.5444335938,1943.99213257871, 
359532,0000.00.0024,APA Meandros do Rio Araguaia,20.3691306504785,incendio,incendio,planet, ,229,8/24/2025 12:00:00 AM,2025,ago,08,incendio,interior,20.3691306504785,0,CERRADO,GR 3 - CENTRO-OESTE,Núcleo de Gestão Integrada - ICMBio Meandros do Rio Araguaia, ,,,,216302.916015625,3045.98057375781, 
359533,0000.00.0024,APA Meandros do Rio Araguaia,32.982749164028,incendio,incendio,planet, ,229,8/24/2025 12:00:00 AM,2025,ago,08,incendio,interior,32.982749164028,0,CERRADO,GR 3 - CENTRO-OESTE,Núcleo de Gestão Integrada - ICMBio Meandros do Rio Araguaia, ,,,,350182.84375,2921.95781400359, 
359534,0000.00.0024,APA Meandros do Rio Araguaia,83.23945843325,incendio,incendio,planet, ,235,8/24/2025 12:00:00 AM,2025,ago,08,incendio,interior,83.23945843325,0,CERRADO,GR 3 - CENTRO-OESTE,Núcleo de Gestão Integrada - ICMBio Meandros do Rio Araguaia, ,,,,883718.205566406,7247.57734401236, 
359535,0000.00.0168,PARNA do Araguaia,6528.2874081955,incendio,incendio,planet, ,234,8/24/2025 12:00:00 AM,2025,ago,08,incendio,interior,6528.2874081955,0,CERRADO,GR 3 - CENTRO-OESTE,-, ,,,,68013018.6801758,80574.3205050387, 
359536,0000.00.0144,PARNA da Serra da Canastra,1149.08069592027,queima controlada,manejo,planet,Queima do dia 21/08,233,8/24/2025 12:00:00 AM,2025,ago,08,manejo,interior,1149.08069592027,0,CERRADO,GR 4 - SUDESTE,-, ,,,,13130619.7207031,30102.6516790758, 
359537,0000.00.0024,APA Meandros do Rio Araguaia,815.380646100059,incendio,incendio,planet, ,196,7/21/2025 12:00:00 AM,2025,jul,07,incendio,interior,815.380646100059,0,CERRADO,GR 3 - CENTRO-OESTE,Núcleo de Gestão Integrada - ICMBio Meandros do Rio Araguaia, ,,,,8652410.56787109,21183.2865338364, 
359538,0000.00.0144,PARNA da Serra da Canastra,38.2870560887817,queima controlada,manejo,planet,Queima do dia 20/08,232,8/24/2025 12:00:00 AM,2025,ago,08,manejo,interior,38.2870560887817,0,CERRADO,GR 4 - SUDESTE,-, ,,,,438040.62890625,4039.83029707328, 
359539,0000.00.0284,PARNA dos Campos Amazônicos,10.4958346500378,incendio,incendio,planet, ,228,8/28/2025 12:00:00 AM,2025,ago,08,incendio,interior,10.4958346500378,0,AMAZÔNIA,GR 1 - NORTE,Núcleo de Gestão Integrada - ICMBio Humaitá,CR Porto V,,,,108275.635742188,2265.73332456744,CT Porto Velho
359540,0000.00.0272,PARNA da Chapada das Mesas,331.55338493644,incendio,incendio,planet, ,239,8/27/2025 12:00:00 AM,2025,ago,08,incendio,interior,331.55338493644,0,CERRADO,GR 2 - NORDESTE,-, ,,,,3391744.15966797,12290.4109458648,CT Fortaleza
359541,0000.00.0266,FLONA do Jamanxim,41.5328287607164,incendio,incendio,planet, ,234,8/27/2025 12:00:00 AM,2025,ago,08,incendio,interior,41.5328287607164,0,AMAZÔNIA,GR 1 - NORTE,Núcleo de Gestão Integrada - ICMBio Serra do Cachimbo,CR Oeste d,,,,427520.014160156,3937.58284780098,CT Itaituba
359542,0000.00.0266,FLONA do Jamanxim,34.2562114456771,incendio,incendio,planet, ,232,8/27/2025 12:00:00 AM,2025,ago,08,incendio,interior,34.2562114456771,0,AMAZÔNIA,GR 1 - NORTE,Núcleo de Gestão Integrada - ICMBio Serra do Cachimbo,CR Oeste d,,,,352595.005371094,3847.24902693253,CT Itaituba
359543,0000.00.0168,PARNA do Araguaia,210.172625466841,incendio,incendio,planet, ,282,10/10/2025 12:00:00 AM,2025,out,10,incendio,interior,210.172625466841,0,CERRADO,GR 3 - CENTRO-OESTE,-, ,,,,2187968.55761719,9493.98886662954, 
359544,0000.00.0168,PARNA do Araguaia,11.7567769864948,incendio,incendio,planet, ,280,10/10/2025 12:00:00 AM,2025,out,10,incendio,interior,11.7567769864948,0,CERRADO,GR 3 - CENTRO-OESTE,-, ,,,,122399.221191406,3483.57140116268, 
359545,0000.00.0168,PARNA do Araguaia,222.937400807916,incendio,incendio,planet, ,280,10/10/2025 12:00:00 AM,2025,out,10,incendio,interior,222.937400807916,0,CERRADO,GR 3 - CENTRO-OESTE,-, ,,,,2321265.32080078,9329.5337993331, 
359546,0000.00.0168,PARNA do Araguaia,8.09555647626556,incendio,incendio,planet, ,280,10/10/2025 12:00:00 AM,2025,out,10,incendio,interior,8.09555647626556,0,CERRADO,GR 3 - CENTRO-OESTE,-, ,,,,84276.6826171875,1745.62995424764, 
359547,0000.00.0159,PARNA de Brasília,44.225177684705,incendio,incendio,planet, ,234,8/24/2025 12:00:00 AM,2025,ago,08,incendio,interior,44.225177684705,0,CERRADO,GR 3 - CENTRO-OESTE,Núcleo de Gestão Integrada - ICMBio Brasília-Contagem, ,,,,479028.953125,3848.07607451004, 
359548,0000.00.0139,PARNA da Chapada dos Veadeiros,666.0738043179,incendio,incendio,sentinel_2, ,234,8/23/2025 12:00:00 AM,2025,ago,08,incendio,interior,666.0738043179,0,CERRADO,GR 3 - CENTRO-OESTE,-, ,,,,7110094.73876953,16995.6185844326, 
359549,0000.00.0144,PARNA da Serra da Canastra,162.108587706524,incendio,incendio,planet, ,233,8/24/2025 12:00:00 AM,2025,ago,08,incendio,interior,162.108587706524,0,CERRADO,GR 4 - SUDESTE,-, ,,,,1851138.27832031,10623.718627542, 
359550,0000.00.0139,PARNA da Chapada dos Veadeiros,122.344150583988,incendio,incendio,sentinel_2, ,235,8/24/2025 12:00:00 AM,2025,ago,08,incendio,interior,122.344150583988,0,CERRADO,GR 3 - CENTRO-OESTE,-, ,,,,1305751.78417969,6793.75203596817, 
359551,0000.00.0168,PARNA do Araguaia,29.9450654367671,queima prescrita,manejo,planet,Queima do dia 18/08,230,8/19/2025 12:00:00 AM,2025,ago,08,manejo,interior,29.9450654367671,0,CERRADO,GR 3 - CENTRO-OESTE,-, ,,,,312986.742675781,3861.91598218297, 
359552,0000.00.0179,PARNA do Viruá,8.14419396897308,queima prescrita,manejo,planet,Queima do dia 17/12,351,12/31/2025 12:00:00 AM,2025,dez,12,manejo,interior,8.14419396897308,0,AMAZÔNIA,GR 1 - NORTE,Núcleo de Gestão Integrada - ICMBio Roraima,CR Manaus,,,,82043.182800293,1378.70979959871,CT Manaus
359553,0000.00.0168,PARNA do Araguaia,471.439173615513,incendio,incendio,planet, ,201,7/21/2025 12:00:00 AM,2025,jul,07,incendio,interior,471.439173615513,0,CERRADO,GR 3 - CENTRO-OESTE,-, ,,,,4911052.82275391,9867.66906070797, 
359554,0000.00.0157,PARNA das Sempre-Vivas,21.5661375443179,incendio,incendio,planet, ,229,8/28/2025 12:00:00 AM,2025,ago,08,incendio,interior,21.5661375443179,0,CERRADO,GR 4 - SUDESTE,-, ,,,,239159.919921875,3873.17243564488, 
359555,0000.00.0144,PARNA da Serra da Canastra,18.6917026730604,queima controlada,manejo,planet,Queima do dia 20/08,232,8/24/2025 12:00:00 AM,2025,ago,08,manejo,interior,18.6917026730604,0,CERRADO,GR 4 - SUDESTE,-, ,,,,213833.685546875,4045.26969840724, 
359556,0000.00.0157,PARNA das Sempre-Vivas,15.5447809990166,incendio,incendio,planet, ,237,8/28/2025 12:00:00 AM,2025,ago,08,incendio,interior,15.5447809990166,0,CERRADO,GR 4 - SUDESTE,-, ,,,,172520.444335938,2721.00027140372, 
359557,0000.00.0157,PARNA das Sempre-Vivas,28.5793996858762,incendio,incendio,planet, ,218,8/28/2025 12:00:00 AM,2025,ago,08,incendio,interior,28.5793996858762,0,CERRADO,GR 4 - SUDESTE,-, ,,,,317246.260742188,3038.50332863222, 
359558,0000.00.0053,ESEC de Cuniã,793.69249785901,incendio,incendio,planet, ,235,8/28/2025 12:00:00 AM,2025,ago,08,incendio,interior,793.69249785901,0,AMAZÔNIA,GR 1 - NORTE,Núcleo de Gestão Integrada - ICMBio Cuniã-Jacundá,CR Porto V,,,,8145730.16552734,25972.6529502881,CT Porto Velho
359559,0000.00.0144,PARNA da Serra da Canastra,201.04879777235,incendio,incendio,planet, ,231,8/20/2025 12:00:00 AM,2025,ago,08,incendio,interior,201.04879777235,0,CERRADO,GR 4 - SUDESTE,-, ,,,,2303406.34667969,15494.4469134172, 
359560,0000.00.0024,APA Meandros do Rio Araguaia,5742.91251648637,incendio,incendio,planet, ,231,8/21/2025 12:00:00 AM,2025,ago,08,incendio,interior,5742.91251648637,0,CERRADO,GR 3 - CENTRO-OESTE,Núcleo de Gestão Integrada - ICMBio Meandros do Rio Araguaia, ,,,,60974595.2558594,148438.899313304, 
359561,0000.00.0163,PARNA de Pacaás Novos,1697.12116156007,queima por indigenas isolados,manejo,planet,Queima entre os dias 30/08 e 02/09,242,9/3/2025 12:00:00 AM,2025,set,09,manejo,interior,1697.12116156007,0,AMAZÔNIA,GR 1 - NORTE,-, ,,,,17771523.3662109,44972.4798755819,CT Porto Velho
359562,0000.00.0206,REBIO do Guaporé,4.14243135238909,queima por indigenas isolados,manejo,planet,Queima por indígenas isolados no dia 21/08,233,8/28/2025 12:00:00 AM,2025,ago,08,manejo,interior,4.14243135238909,0,AMAZÔNIA,GR 1 - NORTE,Núcleo de Gestão Integrada - ICMBio Cautário-Guaporé, ,,,,43731.57421875,1074.57519318999,CT Porto Velho
359563,0000.00.0163,PARNA de Pacaás Novos,3.26793545905711,queima por indigenas isolados,manejo,planet,Queima entre os dias 30/08 e 02/09,242,9/3/2025 12:00:00 AM,2025,set,09,manejo,interior,3.26793545905711,0,AMAZÔNIA,GR 1 - NORTE,-, ,,,,34215.9140625,2006.35447731867,CT Porto Velho
359564,0000.00.0168,PARNA do Araguaia,521.208897615977,queima prescrita,manejo,planet,Queima do dia 17/08,229,8/18/2025 12:00:00 AM,2025,ago,08,manejo,interior,521.208897615977,0,CERRADO,GR 3 - CENTRO-OESTE,-, ,,,,5448104.29296875,18274.2632177506, 
359565,0000.00.0168,PARNA do Araguaia,443.189068093415,queima prescrita,manejo,planet,Queima do dia 16/08,228,8/17/2025 12:00:00 AM,2025,ago,08,manejo,interior,443.189068093415,0,CERRADO,GR 3 - CENTRO-OESTE,-, ,,,,4631895.70458984,12287.3877696816, 
359566,0000.00.0168,PARNA do Araguaia,32.9286049789487,incendio,incendio,planet, ,217,8/25/2025 12:00:00 AM,2025,ago,08,incendio,interior,32.9286049789487,0,CERRADO,GR 3 - CENTRO-OESTE,-, ,,,,344107.225585938,2613.73230966285, 
359567,0000.00.0168,PARNA do Araguaia,161.549536207739,incendio,incendio,planet, ,236,8/25/2025 12:00:00 AM,2025,ago,08,incendio,interior,161.549536207739,0,CERRADO,GR 3 - CENTRO-OESTE,-, ,,,,1688206.25634766,7327.82264226212, 
359568,0000.00.0168,PARNA do Araguaia,1288.83148599235,incendio,incendio,planet, ,236,8/25/2025 12:00:00 AM,2025,ago,08,incendio,interior,1288.83148599235,0,CERRADO,GR 3 - CENTRO-OESTE,-, ,,,,13469634.4936523,48853.2440888013, 
359569,0000.00.0168,PARNA do Araguaia,90.9907390095733,incendio,incendio,planet, ,236,8/25/2025 12:00:00 AM,2025,ago,08,incendio,interior,90.9907390095733,0,CERRADO,GR 3 - CENTRO-OESTE,-, ,,,,947731.370117188,6511.17210696717, 
359570,0000.00.0206,REBIO do Guaporé,13.267531721038,queima por indigenas isolados,manejo,planet,Queima por indígenas isolados no dia 20/08,232,8/28/2025 12:00:00 AM,2025,ago,08,manejo,interior,13.267531721038,0,AMAZÔNIA,GR 1 - NORTE,Núcleo de Gestão Integrada - ICMBio Cautário-Guaporé, ,,,,140079.9375,1834.40610557458,CT Porto Velho
359571,0000.00.0144,PARNA da Serra da Canastra,654.491166391011,incendio,incendio,planet, ,236,8/24/2025 12:00:00 AM,2025,ago,08,incendio,interior,654.491166391011,0,CERRADO,GR 4 - SUDESTE,-, ,,,,7484834.28417969,20101.5294100219, 
359572,0000.00.0155,PARNA das Emas,1199.3872256481,gestao de ignicao natural,manejo,planet,Fogo de raio do dia 28/01,28,2/9/2025 12:00:00 AM,2025,fev,02,manejo,interior,1199.3872256481,0,CERRADO,GR 3 - CENTRO-OESTE,-, ,,,,13365468.953125,29204.8179106592, 
359573,0000.00.0158,PARNA de Aparados da Serra,5.96685650168494,incendio,incendio,planet, ,289,10/21/2025 12:00:00 AM,2025,out,10,incendio,interior,5.96685650168494,0,MATA ATLÂNTICA,GR 5 - SUL,Núcleo de Gestão Integrada - ICMBio Aparados da Serra, ,,,,78574.701171875,1344.86865190054, 
359574,0000.00.0168,PARNA do Araguaia,558.962260002617,incendio,incendio,planet, ,234,8/25/2025 12:00:00 AM,2025,ago,08,incendio,interior,558.962260002617,0,CERRADO,GR 3 - CENTRO-OESTE,-, ,,,,5804635.53369141,14368.8806628211, 
359575,0000.00.0144,PARNA da Serra da Canastra,354.27608284488,queima controlada,manejo,planet,Queima do dia 01/08,213,8/3/2025 12:00:00 AM,2025,ago,08,manejo,interior,354.27608284488,0,CERRADO,GR 4 - SUDESTE,-, ,,,,4055653.02246094,20585.2039012449, 
359576,0000.00.0065,ESEC de Uruçuí-Una,48.9210393473198,incendio,incendio,planet, ,236,8/25/2025 12:00:00 AM,2025,ago,08,incendio,interior,48.9210393473198,0,CERRADO,GR 2 - NORDESTE,-, ,,,,504889.062988281,3488.57805107546,CT Fortaleza
359577,0000.00.0144,PARNA da Serra da Canastra,26.4397074895906,incendio,incendio,planet, ,234,7/26/2025 12:00:00 AM,2025,jul,07,incendio,interior,26.4397074895906,0,CERRADO,GR 4 - SUDESTE,-, ,,,,302585.125976563,2588.87835095638, 
359578,0000.00.0168,PARNA do Araguaia,606.390679205082,queima prescrita,manejo,planet,Queima do dia 17/10,290,10/23/2025 12:00:00 AM,2025,out,10,manejo,interior,606.390679205082,0,CERRADO,GR 3 - CENTRO-OESTE,-, ,,,,6331587.32226563,24951.5541785231, 
359579,0000.00.0155,PARNA das Emas,386.675643062577,gestao de ignicao natural,manejo,planet,Fogo de raio do dia 17/10,294,10/21/2025 12:00:00 AM,2025,out,10,manejo,interior,386.675643062577,0,CERRADO,GR 3 - CENTRO-OESTE,-, ,,,,4307151.76464844,14136.2479408661, 
359580,0000.00.0168,PARNA do Araguaia,509.772935006019,queima prescrita,manejo,planet,Queima do dia 17/10,290,10/23/2025 12:00:00 AM,2025,out,10,manejo,interior,509.772935006019,0,CERRADO,GR 3 - CENTRO-OESTE,-, ,,,,5319971.57617188,19847.0442366343, 
359581,0000.00.0144,PARNA da Serra da Canastra,188.273641638367,incendio,incendio,planet, ,233,7/26/2025 12:00:00 AM,2025,jul,07,incendio,interior,188.273641638367,0,CERRADO,GR 4 - SUDESTE,-, ,,,,2152126.33691406,9938.27131140714, 
359582,0000.00.0144,PARNA da Serra da Canastra,28.979535135906,incendio,incendio,planet, ,234,7/26/2025 12:00:00 AM,2025,jul,07,incendio,interior,28.979535135906,0,CERRADO,GR 4 - SUDESTE,-, ,,,,331425.108398438,3710.26126280781, 
359583,0000.00.0144,PARNA da Serra da Canastra,20.7563485850433,incendio,incendio,planet, ,232,7/26/2025 12:00:00 AM,2025,jul,07,incendio,interior,20.7563485850433,0,CERRADO,GR 4 - SUDESTE,-, ,,,,237763.907226563,2869.68527740405, 
359584,0000.00.0024,APA Meandros do Rio Araguaia,85.4639412525572,incendio,incendio,planet, ,241,9/1/2025 12:00:00 AM,2025,set,09,incendio,interior,85.4639412525572,0,CERRADO,GR 3 - CENTRO-OESTE,Núcleo de Gestão Integrada - ICMBio Meandros do Rio Araguaia, ,,,,907755.171386719,4620.67352230731, 
359585,0000.00.0144,PARNA da Serra da Canastra,72.5059706451585,incendio,incendio,planet, ,233,7/26/2025 12:00:00 AM,2025,jul,07,incendio,interior,72.5059706451585,0,CERRADO,GR 4 - SUDESTE,-, ,,,,829178.340820313,5759.79859654841, 
359586,0000.00.0144,PARNA da Serra da Canastra,21.7390684601216,incendio,incendio,planet, ,234,7/26/2025 12:00:00 AM,2025,jul,07,incendio,interior,21.7390684601216,0,CERRADO,GR 4 - SUDESTE,-, ,,,,248632.087890625,3981.47608352299, 
359587,0000.00.0144,PARNA da Serra da Canastra,13.3193622270595,incendio,incendio,planet, ,234,7/26/2025 12:00:00 AM,2025,jul,07,incendio,interior,13.3193622270595,0,CERRADO,GR 4 - SUDESTE,-, ,,,,152330.9609375,2082.80898512782, 
359588,0000.00.0144,PARNA da Serra da Canastra,76.3457720295513,incendio,incendio,planet, ,234,7/26/2025 12:00:00 AM,2025,jul,07,incendio,interior,76.3457720295513,0,CERRADO,GR 4 - SUDESTE,-, ,,,,873158.049804688,5718.41412483269, 
359589,0000.00.0144,PARNA da Serra da Canastra,95.2007933237257,incendio,incendio,planet, ,234,7/26/2025 12:00:00 AM,2025,jul,07,incendio,interior,95.2007933237257,0,CERRADO,GR 4 - SUDESTE,-, ,,,,1089360.44628906,8539.92439354862, 
359590,0000.00.0144,PARNA da Serra da Canastra,134.59372098766,incendio,incendio,planet, ,232,8/27/2025 12:00:00 AM,2025,ago,08,incendio,interior,134.59372098766,0,CERRADO,GR 4 - SUDESTE,-, ,,,,1542079.78417969,9276.96931181394, 
359591,0000.00.0168,PARNA do Araguaia,4630.52271085949,queima prescrita,manejo,planet,Queima do dia 17/10,290,10/23/2025 12:00:00 AM,2025,out,10,manejo,interior,4630.52271085949,0,CERRADO,GR 3 - CENTRO-OESTE,-, ,,,,48333628.40625,85573.1740123498, 
359592,0000.00.0168,PARNA do Araguaia,5341.55162866507,queima prescrita,manejo,planet,Queima do dia 20/10,293,10/23/2025 12:00:00 AM,2025,out,10,manejo,interior,5341.55162866507,0,CERRADO,GR 3 - CENTRO-OESTE,-, ,,,,55756182.75,63305.0102928203, 
359593,0000.00.0144,PARNA da Serra da Canastra,224.867734940637,incendio,incendio,planet, ,234,8/27/2025 12:00:00 AM,2025,ago,08,incendio,interior,224.867734940637,0,CERRADO,GR 4 - SUDESTE,-, ,,,,2573836.64453125,11311.9699493686, 
359594,0000.00.0144,PARNA da Serra da Canastra,22.4891124732337,incendio,incendio,planet, ,227,8/27/2025 12:00:00 AM,2025,ago,08,incendio,interior,22.4891124732337,0,CERRADO,GR 4 - SUDESTE,-, ,,,,257315.483398438,2809.99823703667, 
359595,0000.00.0144,PARNA da Serra da Canastra,545.098395395925,incendio,incendio,planet, ,234,8/27/2025 12:00:00 AM,2025,ago,08,incendio,interior,545.098395395925,0,CERRADO,GR 4 - SUDESTE,-, ,,,,6233373.81738281,26140.459987352, 
359596,0000.00.0144,PARNA da Serra da Canastra,9.13477715712428,incendio,incendio,planet, ,234,8/27/2025 12:00:00 AM,2025,ago,08,incendio,interior,9.13477715712428,0,CERRADO,GR 4 - SUDESTE,-, ,,,,104376.795898438,2112.44723588854, 
359597,0000.00.0144,PARNA da Serra da Canastra,2.44221780310777,incendio,incendio,planet, ,234,8/27/2025 12:00:00 AM,2025,ago,08,incendio,interior,2.44221780310777,0,CERRADO,GR 4 - SUDESTE,-, ,,,,27938,717.163116852145, 
359598,0000.00.0168,PARNA do Araguaia,285.721533518183,incendio,incendio,planet, ,238,8/27/2025 12:00:00 AM,2025,ago,08,incendio,interior,285.721533518183,0,CERRADO,GR 3 - CENTRO-OESTE,-, ,,,,2985279.56640625,21477.1357192076, 
359599,0000.00.0144,PARNA da Serra da Canastra,971.544960954889,incendio,incendio,planet, ,237,8/25/2025 12:00:00 AM,2025,ago,08,incendio,interior,971.544960954889,0,CERRADO,GR 4 - SUDESTE,-, ,,,,11111534.96875,38490.1966048722, 
359600,0000.00.0168,PARNA do Araguaia,257.003025791965,queima prescrita,manejo,planet,Queima entre os dias 17/10 e 26/10,296,10/26/2025 12:00:00 AM,2025,out,10,manejo,interior,257.003025791965,0,CERRADO,GR 3 - CENTRO-OESTE,-, ,,,,2681657.01074219,12886.9598396576, 
359601,0000.00.0144,PARNA da Serra da Canastra,101.463209482724,incendio,incendio,planet, ,238,8/27/2025 12:00:00 AM,2025,ago,08,incendio,interior,101.463209482724,0,CERRADO,GR 4 - SUDESTE,-, ,,,,1160168.81738281,7632.66960285428, 
359602,0000.00.0144,PARNA da Serra da Canastra,220.996188133447,incendio,incendio,planet, ,238,8/27/2025 12:00:00 AM,2025,ago,08,incendio,interior,220.996188133447,0,CERRADO,GR 4 - SUDESTE,-, ,,,,2528281.58203125,9436.90724805968, 
359603,0000.00.0076,ESEC Serra Geral do Tocantins,160.80541285512,incendio,incendio,planet, ,206,7/28/2025 12:00:00 AM,2025,jul,07,incendio,interior,160.80541285512,0,CERRADO,GR 3 - CENTRO-OESTE,-, ,,,,1676639.60058594,11167.3452003516, 
359604,0000.00.0144,PARNA da Serra da Canastra,26.1728215031933,incendio,incendio,planet, ,234,8/27/2025 12:00:00 AM,2025,ago,08,incendio,interior,26.1728215031933,0,CERRADO,GR 4 - SUDESTE,-, ,,,,299494.162109375,5602.48345459457, 
359605,0000.00.0163,PARNA de Pacaás Novos,14.577738041285,queima por indigenas isolados,manejo,planet,Queima por indígenas isolados no dia 14/08,226,8/27/2025 12:00:00 AM,2025,ago,08,manejo,interior,14.577738041285,0,AMAZÔNIA,GR 1 - NORTE,-, ,,,,152607.08203125,2240.55181387484,CT Porto Velho
359606,0000.00.0163,PARNA de Pacaás Novos,14.2475752988184,queima por indigenas isolados,manejo,planet,Queima por indígenas isolados no dia 27/08,239,8/27/2025 12:00:00 AM,2025,ago,08,manejo,interior,14.2475752988184,0,AMAZÔNIA,GR 1 - NORTE,-, ,,,,149112.520507813,2149.93303706006,CT Porto Velho
359607,0000.00.0163,PARNA de Pacaás Novos,79.4230375341396,queima por indigenas isolados,manejo,planet,Queima por indígenas isolados no dia 27/08,239,8/27/2025 12:00:00 AM,2025,ago,08,manejo,interior,79.4230375341396,0,AMAZÔNIA,GR 1 - NORTE,-, ,,,,831337.297851563,4453.31535110197,CT Porto Velho
359608,0000.00.0076,ESEC Serra Geral do Tocantins,662.918903056336,incendio,incendio,planet, ,209,8/28/2025 12:00:00 AM,2025,ago,08,incendio,interior,662.918903056336,0,CERRADO,GR 3 - CENTRO-OESTE,-, ,,,,6914983.08496094,24357.9100237415, 
359609,0000.00.0076,ESEC Serra Geral do Tocantins,4439.76573096007,incendio,incendio,planet, ,236,8/27/2025 12:00:00 AM,2025,ago,08,incendio,interior,4439.76573096007,0,CERRADO,GR 3 - CENTRO-OESTE,-, ,,,,46301986.7983398,79040.9643807083, 
359610,0000.00.0024,APA Meandros do Rio Araguaia,10.4419592189225,incendio,incendio,planet, ,234,9/1/2025 12:00:00 AM,2025,set,09,incendio,interior,10.4419592189225,0,CERRADO,GR 3 - CENTRO-OESTE,Núcleo de Gestão Integrada - ICMBio Meandros do Rio Araguaia, ,,,,111110.591796875,1959.24226965852, 
359611,0000.00.0076,ESEC Serra Geral do Tocantins,1726.85218404868,incendio,incendio,planet, ,230,8/28/2025 12:00:00 AM,2025,ago,08,incendio,interior,1726.85218404868,0,CERRADO,GR 3 - CENTRO-OESTE,-, ,,,,18050510.3891602,35451.9483459816, 
359612,0000.00.0076,ESEC Serra Geral do Tocantins,138.74418241049,incendio,incendio,planet, ,196,7/15/2025 12:00:00 AM,2025,jul,07,incendio,interior,138.74418241049,0,CERRADO,GR 3 - CENTRO-OESTE,-, ,,,,1445522.11865234,8785.00363924298, 
359613,0000.00.0168,PARNA do Araguaia,2.83195566888437,queima prescrita,manejo,planet,Queima entre os dias 17/10 e 26/10,296,10/26/2025 12:00:00 AM,2025,out,10,manejo,interior,2.83195566888437,0,CERRADO,GR 3 - CENTRO-OESTE,-, ,,,,29561.8364257813,1003.81807816092, 
359614,0000.00.0076,ESEC Serra Geral do Tocantins,377.096655150416,incendio,incendio,planet, ,200,7/24/2025 12:00:00 AM,2025,jul,07,incendio,interior,377.096655150416,0,CERRADO,GR 3 - CENTRO-OESTE,-, ,,,,3932808.94091797,16998.9542012856, 
359615,0000.00.0076,ESEC Serra Geral do Tocantins,266.698322832819,incendio,incendio,planet, ,232,8/28/2025 12:00:00 AM,2025,ago,08,incendio,interior,266.698322832819,0,CERRADO,GR 3 - CENTRO-OESTE,-, ,,,,2784905.35986328,10084.2527394379, 
359616,0000.00.0076,ESEC Serra Geral do Tocantins,193.839676783685,incendio,incendio,planet, ,201,7/24/2025 12:00:00 AM,2025,jul,07,incendio,interior,193.839676783685,0,CERRADO,GR 3 - CENTRO-OESTE,-, ,,,,2021573.88916016,9331.62033195167, 
359617,0000.00.0076,ESEC Serra Geral do Tocantins,370.032196993644,incendio,incendio,planet, ,231,8/28/2025 12:00:00 AM,2025,ago,08,incendio,interior,370.032196993644,0,CERRADO,GR 3 - CENTRO-OESTE,-, ,,,,3868120.84521484,12291.2525862597, 
359618,0000.00.0076,ESEC Serra Geral do Tocantins,369.726141999541,incendio,incendio,planet, ,198,7/24/2025 12:00:00 AM,2025,jul,07,incendio,interior,369.726141999541,0,CERRADO,GR 3 - CENTRO-OESTE,-, ,,,,3860143.43798828,9828.28469533566, 
359619,0000.00.0284,PARNA dos Campos Amazônicos,7.19774966889302,incendio,incendio,planet, ,233,8/28/2025 12:00:00 AM,2025,ago,08,incendio,interior,7.19774966889302,0,AMAZÔNIA,GR 1 - NORTE,Núcleo de Gestão Integrada - ICMBio Humaitá,CR Porto V,,,,74246.7529296875,1337.93554798354,CT Porto Velho
359620,0000.00.0076,ESEC Serra Geral do Tocantins,255.003078791466,incendio,incendio,planet, ,205,7/28/2025 12:00:00 AM,2025,jul,07,incendio,interior,255.003078791466,0,CERRADO,GR 3 - CENTRO-OESTE,-, ,,,,2658529.29296875,9774.61393209005, 
359621,0000.00.0284,PARNA dos Campos Amazônicos,37.3005971177526,incendio,incendio,planet, ,236,8/28/2025 12:00:00 AM,2025,ago,08,incendio,interior,37.3005971177526,0,AMAZÔNIA,GR 1 - NORTE,Núcleo de Gestão Integrada - ICMBio Humaitá,CR Porto V,,,,384742.322265625,4729.45903905303,CT Porto Velho
359622,0000.00.0076,ESEC Serra Geral do Tocantins,771.787396963693,incendio,incendio,planet, ,207,7/28/2025 12:00:00 AM,2025,jul,07,incendio,interior,771.787396963693,0,CERRADO,GR 3 - CENTRO-OESTE,-, ,,,,8041673.24609375,17405.3466508284, 
359623,0000.00.0076,ESEC Serra Geral do Tocantins,0.404386076949992,incendio,incendio,planet, ,207,7/28/2025 12:00:00 AM,2025,jul,07,incendio,interior,0.404386076949992,0,CERRADO,GR 3 - CENTRO-OESTE,-, ,,,,4213.048828125,358.071687203145, 
359624,0000.00.0076,ESEC Serra Geral do Tocantins,2119.36060348349,incendio,incendio,planet, ,235,8/28/2025 12:00:00 AM,2025,ago,08,incendio,interior,2119.36060348349,0,CERRADO,GR 3 - CENTRO-OESTE,-, ,,,,22067762.8491211,36323.8210812387, 
359625,0000.00.0076,ESEC Serra Geral do Tocantins,12214.577960755,incendio,incendio,planet, ,236,8/28/2025 12:00:00 AM,2025,ago,08,incendio,interior,12214.577960755,0,CERRADO,GR 3 - CENTRO-OESTE,-, ,,,,127340864.09668,120980.591965361, 
359626,0000.00.0076,ESEC Serra Geral do Tocantins,804.009647228245,incendio,incendio,planet, ,236,8/28/2025 12:00:00 AM,2025,ago,08,incendio,interior,804.009647228245,0,CERRADO,GR 3 - CENTRO-OESTE,-, ,,,,8366600.56933594,20943.5253633991, 
359627,0000.00.0168,PARNA do Araguaia,0.973870707170181,queima prescrita,manejo,planet,Queima entre os dias 17/10 e 26/10,296,10/26/2025 12:00:00 AM,2025,out,10,manejo,interior,0.973870707170181,0,CERRADO,GR 3 - CENTRO-OESTE,-, ,,,,10166.5502929688,460.345039874823, 
359628,0000.00.0266,FLONA do Jamanxim,145.398695244258,incendio,incendio,planet, ,238,8/27/2025 12:00:00 AM,2025,ago,08,incendio,interior,145.398695244258,0,AMAZÔNIA,GR 1 - NORTE,Núcleo de Gestão Integrada - ICMBio Serra do Cachimbo,CR Oeste d,,,,1496534.53076172,7893.44681288125,CT Itaituba
359629,0000.00.0266,FLONA do Jamanxim,26.4381946700262,incendio,incendio,planet, ,232,8/27/2025 12:00:00 AM,2025,ago,08,incendio,interior,26.4381946700262,0,AMAZÔNIA,GR 1 - NORTE,Núcleo de Gestão Integrada - ICMBio Serra do Cachimbo,CR Oeste d,,,,272077.80859375,2586.563890052,CT Itaituba
359630,0000.00.0157,PARNA das Sempre-Vivas,305.121993278802,incendio,incendio,planet, ,222,8/28/2025 12:00:00 AM,2025,ago,08,incendio,interior,305.121993278802,0,CERRADO,GR 4 - SUDESTE,-, ,,,,3388611.45898438,10305.0444071742, 
359631,0000.00.0076,ESEC Serra Geral do Tocantins,11.9320760954461,incendio,incendio,planet, ,242,8/31/2025 12:00:00 AM,2025,ago,08,incendio,interior,11.9320760954461,0,CERRADO,GR 3 - CENTRO-OESTE,-, ,,,,124385.015136719,2648.7881175005, 
359632,0000.00.0157,PARNA das Sempre-Vivas,82.7740866266195,incendio,incendio,planet, ,233,8/28/2025 12:00:00 AM,2025,ago,08,incendio,interior,82.7740866266195,0,CERRADO,GR 4 - SUDESTE,-, ,,,,919566.379882813,5442.59730398272, 
359633,0000.00.0157,PARNA das Sempre-Vivas,15.0209461901887,incendio,incendio,planet, ,239,8/28/2025 12:00:00 AM,2025,ago,08,incendio,interior,15.0209461901887,0,CERRADO,GR 4 - SUDESTE,-, ,,,,166850.765625,2017.40271784948, 
359634,0000.00.0157,PARNA das Sempre-Vivas,27.3663809479844,incendio,incendio,planet, ,230,8/28/2025 12:00:00 AM,2025,ago,08,incendio,interior,27.3663809479844,0,CERRADO,GR 4 - SUDESTE,-, ,,,,304086.543945313,3047.74029959831, 
359635,0000.00.0157,PARNA das Sempre-Vivas,57.0817229251918,incendio,incendio,planet, ,240,8/28/2025 12:00:00 AM,2025,ago,08,incendio,interior,57.0817229251918,0,CERRADO,GR 4 - SUDESTE,-, ,,,,634278.405273438,3912.58222665255, 
359636,0000.00.0157,PARNA das Sempre-Vivas,30.4631759629733,incendio,incendio,planet, ,221,8/28/2025 12:00:00 AM,2025,ago,08,incendio,interior,30.4631759629733,0,CERRADO,GR 4 - SUDESTE,-, ,,,,338572.635742188,3440.78596641657, 
359637,0000.00.0168,PARNA do Araguaia,1.26734680412376,queima prescrita,manejo,planet,Queima entre os dias 17/10 e 26/10,296,10/26/2025 12:00:00 AM,2025,out,10,manejo,interior,1.26734680412376,0,CERRADO,GR 3 - CENTRO-OESTE,-, ,,,,13230.2465820313,493.917604399933, 
359638,0000.00.0206,REBIO do Guaporé,10.4009590104599,queima por indigenas isolados,manejo,planet,Queima por indígenas isolados no dia 21/08,233,8/28/2025 12:00:00 AM,2025,ago,08,manejo,interior,10.4009590104599,0,AMAZÔNIA,GR 1 - NORTE,Núcleo de Gestão Integrada - ICMBio Cautário-Guaporé, ,,,,109803.092773438,2267.16936980358,CT Porto Velho
359639,0000.00.0206,REBIO do Guaporé,16.9577636778666,queima por indigenas isolados,manejo,planet,Queima por indígenas isolados no dia 21/08,233,8/28/2025 12:00:00 AM,2025,ago,08,manejo,interior,16.9577636778666,0,AMAZÔNIA,GR 1 - NORTE,Núcleo de Gestão Integrada - ICMBio Cautário-Guaporé, ,,,,179019.232421875,3156.84006737459,CT Porto Velho
359640,0000.00.0206,REBIO do Guaporé,25.2302206487392,queima por indigenas isolados,manejo,planet,Queima por indígenas isolados no dia 20/08,232,8/28/2025 12:00:00 AM,2025,ago,08,manejo,interior,25.2302206487392,0,AMAZÔNIA,GR 1 - NORTE,Núcleo de Gestão Integrada - ICMBio Cautário-Guaporé, ,,,,266383.16015625,3760.88153891528,CT Porto Velho
359641,0000.00.0206,REBIO do Guaporé,50.0511320289461,queima por indigenas isolados,manejo,planet,Queima por indígenas isolados no dia 23/08,235,8/28/2025 12:00:00 AM,2025,ago,08,manejo,interior,50.0511320289461,0,AMAZÔNIA,GR 1 - NORTE,Núcleo de Gestão Integrada - ICMBio Cautário-Guaporé, ,,,,528534.29296875,5060.71261687909,CT Porto Velho
359642,0000.00.0206,REBIO do Guaporé,50.2349401177093,queima por indigenas isolados,manejo,planet,Queima por indígenas isolados no dia 23/08,235,8/28/2025 12:00:00 AM,2025,ago,08,manejo,interior,50.2349401177093,0,AMAZÔNIA,GR 1 - NORTE,Núcleo de Gestão Integrada - ICMBio Cautário-Guaporé, ,,,,530426.5234375,6058.41857408855,CT Porto Velho
359643,0000.00.0206,REBIO do Guaporé,224.18370374313,queima por indigenas isolados,manejo,planet,Queima por indígenas isolados no dia 23/08,235,8/28/2025 12:00:00 AM,2025,ago,08,manejo,interior,224.18370374313,0,AMAZÔNIA,GR 1 - NORTE,Núcleo de Gestão Integrada - ICMBio Cautário-Guaporé, ,,,,2367298.65136719,18047.2618163593,CT Porto Velho
359644,0000.00.0206,REBIO do Guaporé,4.83875884003535,queima por indigenas isolados,manejo,planet,Queima por indígenas isolados no dia 21/08,233,8/28/2025 12:00:00 AM,2025,ago,08,manejo,interior,4.83875884003535,0,AMAZÔNIA,GR 1 - NORTE,Núcleo de Gestão Integrada - ICMBio Cautário-Guaporé, ,,,,51084.5712890625,1247.15729418442,CT Porto Velho
359645,0000.00.3136,PARNA da Serra do Gandarela,70.4575998948805,incendio,incendio,planet, ,214,8/27/2025 12:00:00 AM,2025,ago,08,incendio,interior,70.4575998948805,0,MATA ATLÂNTICA,GR 4 - SUDESTE,-, ,,,,801894.236328125,6029.67019874636, 
359646,0000.00.3136,PARNA da Serra do Gandarela,69.2670056119883,incendio,incendio,planet, ,232,8/27/2025 12:00:00 AM,2025,ago,08,incendio,interior,69.2670056119883,0,MATA ATLÂNTICA,GR 4 - SUDESTE,-, ,,,,788717.818359375,6563.63723406582, 
359647,0000.00.3136,PARNA da Serra do Gandarela,11.7056622637003,incendio,incendio,planet, ,239,8/27/2025 12:00:00 AM,2025,ago,08,incendio,interior,11.7056622637003,0,MATA ATLÂNTICA,GR 4 - SUDESTE,-, ,,,,133418.590820313,2452.67389231681, 
359648,0000.00.3136,PARNA da Serra do Gandarela,56.5935308457341,incendio,incendio,planet, ,237,8/27/2025 12:00:00 AM,2025,ago,08,incendio,interior,56.5935308457341,0,MATA ATLÂNTICA,GR 4 - SUDESTE,-, ,,,,644995.600585938,6545.32337253681, 
359649,0000.00.3136,PARNA da Serra do Gandarela,13.2110627694824,incendio,incendio,planet, ,214,8/27/2025 12:00:00 AM,2025,ago,08,incendio,interior,13.2110627694824,0,MATA ATLÂNTICA,GR 4 - SUDESTE,-, ,,,,150338.9296875,2156.53666185415, 
359650,0000.00.0284,PARNA dos Campos Amazônicos,27.7083754939261,incendio,incendio,planet, ,225,8/31/2025 12:00:00 AM,2025,ago,08,incendio,interior,27.7083754939261,0,AMAZÔNIA,GR 1 - NORTE,Núcleo de Gestão Integrada - ICMBio Humaitá,CR Porto V,,,,284518.944335938,3968.24538989062,CT Porto Velho
359651,0000.00.0284,PARNA dos Campos Amazônicos,7.01293796292811,incendio,incendio,planet, ,225,8/31/2025 12:00:00 AM,2025,ago,08,incendio,interior,7.01293796292811,0,AMAZÔNIA,GR 1 - NORTE,Núcleo de Gestão Integrada - ICMBio Humaitá,CR Porto V,,,,72010.6489257813,1295.98763058303,CT Porto Velho
359652,0000.00.0284,PARNA dos Campos Amazônicos,303.29623606719,incendio,incendio,planet, ,225,8/31/2025 12:00:00 AM,2025,ago,08,incendio,interior,303.29623606719,0,AMAZÔNIA,GR 1 - NORTE,Núcleo de Gestão Integrada - ICMBio Humaitá,CR Porto V,,,,3113855.43212891,10536.2427733352,CT Porto Velho
359653,0000.00.0076,ESEC Serra Geral do Tocantins,28.6659336473082,incendio,incendio,planet, ,241,8/31/2025 12:00:00 AM,2025,ago,08,incendio,interior,28.6659336473082,0,CERRADO,GR 3 - CENTRO-OESTE,-, ,,,,298805.40625,2936.02484939823, 
359654,0000.00.0146,PARNA da Serra das Confusões,104.932292555961,incendio,incendio,planet, ,241,8/31/2025 12:00:00 AM,2025,ago,08,incendio,interior,104.932292555961,0,CERRADO,GR 2 - NORDESTE,-, ,,,,1079526.69775391,14027.3220131557,CT Fortaleza
359655,0000.00.0168,PARNA do Araguaia,82.3886924371076,queima controlada,manejo, ,Queima do dia 15/11,319,11/17/2025 12:00:00 AM,2025,nov,11,manejo,interior,82.3886924371076,0,CERRADO,GR 3 - CENTRO-OESTE,-, ,,,,858295.078613281,4487.76803632914, 
359656,0000.00.0168,PARNA do Araguaia,69.2749971224363,queima controlada,manejo,planet,Queima do dia 14/11,318,11/17/2025 12:00:00 AM,2025,nov,11,manejo,interior,69.2749971224363,0,CERRADO,GR 3 - CENTRO-OESTE,-, ,,,,721824.397460938,4201.46015906603, 
359657,0000.00.0266,FLONA do Jamanxim,51.2238402774555,queima controlada,manejo,planet,Queima do dia 07/11,311,11/19/2025 12:00:00 AM,2025,nov,11,manejo,interior,51.2238402774555,0,AMAZÔNIA,GR 1 - NORTE,Núcleo de Gestão Integrada - ICMBio Serra do Cachimbo,CR Oeste d,,,,524693.712890625,5112.60997097151,CT Itaituba
359658,0000.00.0266,FLONA do Jamanxim,9.2551896531357,queima controlada,manejo,planet,Queima do dia 01/11,305,11/19/2025 12:00:00 AM,2025,nov,11,manejo,interior,9.2551896531357,0,AMAZÔNIA,GR 1 - NORTE,Núcleo de Gestão Integrada - ICMBio Serra do Cachimbo,CR Oeste d,,,,94792.4296875,1427.86459949645,CT Itaituba
359659,0000.00.0003,APA da Bacia do Rio Descoberto,49.6744926670989,incendio,incendio,planet, ,222,8/31/2025 12:00:00 AM,2025,ago,08,incendio,interior,49.6744926670989,0,CERRADO,GR 3 - CENTRO-OESTE,Núcleo de Gestão Integrada - ICMBio Descoberto-Brasília, ,,,,539313.34375,4359.49674744587, 
359660,0000.00.0284,PARNA dos Campos Amazônicos,342.146900372429,incendio,incendio,planet, ,241,8/31/2025 12:00:00 AM,2025,ago,08,incendio,interior,342.146900372429,0,AMAZÔNIA,GR 1 - NORTE,Núcleo de Gestão Integrada - ICMBio Humaitá,CR Porto V,,,,3516938.97314453,12117.4997566033,CT Porto Velho
359661,0000.00.0076,ESEC Serra Geral do Tocantins,1870.48417066,incendio,incendio,planet, ,238,8/31/2025 12:00:00 AM,2025,ago,08,incendio,interior,1870.48417066,0,CERRADO,GR 3 - CENTRO-OESTE,-, ,,,,19503972.1499023,36910.5222043096, 
359662,0000.00.0284,PARNA dos Campos Amazônicos,7.5308259798654,incendio,incendio,planet, ,241,8/31/2025 12:00:00 AM,2025,ago,08,incendio,interior,7.5308259798654,0,AMAZÔNIA,GR 1 - NORTE,Núcleo de Gestão Integrada - ICMBio Humaitá,CR Porto V,,,,77391.7333984375,1303.13467499247,CT Porto Velho
359663,0000.00.0003,APA da Bacia do Rio Descoberto,186.674518821128,incendio,incendio,planet, ,221,8/31/2025 12:00:00 AM,2025,ago,08,incendio,interior,186.674518821128,0,CERRADO,GR 3 - CENTRO-OESTE,Núcleo de Gestão Integrada - ICMBio Descoberto-Brasília, ,,,,2026469.29785156,10182.9525058303, 
359664,0000.00.0003,APA da Bacia do Rio Descoberto,688.611083041135,incendio,incendio,planet, ,234,8/31/2025 12:00:00 AM,2025,ago,08,incendio,interior,688.611083041135,0,CERRADO,GR 3 - CENTRO-OESTE,Núcleo de Gestão Integrada - ICMBio Descoberto-Brasília, ,,,,7474625.77929688,18472.1989486326, 
359665,0000.00.0076,ESEC Serra Geral do Tocantins,56.7920807447934,incendio,incendio,planet, ,242,8/31/2025 12:00:00 AM,2025,ago,08,incendio,interior,56.7920807447934,0,CERRADO,GR 3 - CENTRO-OESTE,-, ,,,,592079.62109375,5604.68563227876, 
359666,0000.00.0076,ESEC Serra Geral do Tocantins,2919.07786191329,incendio,incendio,planet, ,238,8/31/2025 12:00:00 AM,2025,ago,08,incendio,interior,2919.07786191329,0,CERRADO,GR 3 - CENTRO-OESTE,-, ,,,,30415588.40625,37529.9516863872, 
359667,0000.00.0159,PARNA de Brasília,40.017597936531,aceiro,manejo,planet,Queima do dia 24/07,236,8/31/2025 12:00:00 AM,2025,ago,08,manejo,interior,40.017597936531,0,CERRADO,GR 3 - CENTRO-OESTE,Núcleo de Gestão Integrada - ICMBio Brasília-Contagem, ,,,,434467.55078125,9788.38315047259, 
359668,0000.00.0076,ESEC Serra Geral do Tocantins,601.989835819327,incendio,incendio,planet, ,241,8/31/2025 12:00:00 AM,2025,ago,08,incendio,interior,601.989835819327,0,CERRADO,GR 3 - CENTRO-OESTE,-, ,,,,6278537.66015625,15267.5309099551, 
359669,0000.00.0023,APA do Planalto Central,80.1564508961875,incendio,incendio,planet, ,238,8/27/2025 12:00:00 AM,2025,ago,08,incendio,interior,80.1564508961875,0,CERRADO,GR 3 - CENTRO-OESTE,-, ,,,,868207.426757813,7851.06150058908, 
359670,0000.00.0024,APA Meandros do Rio Araguaia,1.88506177904959,incendio,incendio,planet, ,238,9/1/2025 12:00:00 AM,2025,set,09,incendio,interior,1.88506177904959,0,CERRADO,GR 3 - CENTRO-OESTE,Núcleo de Gestão Integrada - ICMBio Meandros do Rio Araguaia, ,,,,20012.9086914063,670.339359264012, 
359671,0000.00.0076,ESEC Serra Geral do Tocantins,345.388256841895,incendio,incendio,planet, ,241,8/31/2025 12:00:00 AM,2025,ago,08,incendio,interior,345.388256841895,0,CERRADO,GR 3 - CENTRO-OESTE,-, ,,,,3600255.37792969,10023.4533383654, 
359672,0000.00.0024,APA Meandros do Rio Araguaia,156.843971725098,incendio,incendio,planet, ,238,9/1/2025 12:00:00 AM,2025,set,09,incendio,interior,156.843971725098,0,CERRADO,GR 3 - CENTRO-OESTE,Núcleo de Gestão Integrada - ICMBio Meandros do Rio Araguaia, ,,,,1665003.67675781,12778.3427796917, 
359673,0000.00.0168,PARNA do Araguaia,1.70430911623664,queima prescrita,manejo,planet,Queima entre os dias 17/10 e 26/10,296,10/26/2025 12:00:00 AM,2025,out,10,manejo,interior,1.70430911623664,0,CERRADO,GR 3 - CENTRO-OESTE,-, ,,,,17792.2255859375,623.301883314979, 
359674,0000.00.0157,PARNA das Sempre-Vivas,25.3527440093435,incendio,incendio,planet, ,245,9/10/2025 12:00:00 AM,2025,set,09,incendio,interior,25.3527440093435,0,CERRADO,GR 4 - SUDESTE,-, ,,,,281375.25390625,2876.78737399717, 
359675,0000.00.0076,ESEC Serra Geral do Tocantins,2110.25024208916,incendio,incendio,planet, ,241,8/31/2025 12:00:00 AM,2025,ago,08,incendio,interior,2110.25024208916,0,CERRADO,GR 3 - CENTRO-OESTE,-, ,,,,21991339.3857422,36219.4870599812, 
359676,0000.00.0024,APA Meandros do Rio Araguaia,258.333339951729,incendio,incendio,planet, ,239,9/1/2025 12:00:00 AM,2025,set,09,incendio,interior,258.333339951729,0,CERRADO,GR 3 - CENTRO-OESTE,Núcleo de Gestão Integrada - ICMBio Meandros do Rio Araguaia, ,,,,2741413.68457031,20596.3851526751, 
359677,0000.00.0083,FLONA de Altamira,99.3987271467667,incendio,incendio,planet, ,238,9/2/2025 12:00:00 AM,2025,set,09,incendio,interior,99.3987271467667,0,AMAZÔNIA,GR 1 - NORTE,Núcleo de Gestão Integrada - ICMBio Serra do Cachimbo,CR Oeste d,,,,1012419.6574707,5672.32152895792,CT Itaituba
359678,0000.00.0083,FLONA de Altamira,52.2239424835397,incendio,incendio,planet, ,238,9/2/2025 12:00:00 AM,2025,set,09,incendio,interior,52.2239424835397,0,AMAZÔNIA,GR 1 - NORTE,Núcleo de Gestão Integrada - ICMBio Serra do Cachimbo,CR Oeste d,,,,531949.629638672,3999.80114684815,CT Itaituba
359679,0000.00.0027,APA Morro da Pedreira,20.1174939233729,incendio,incendio,planet, ,239,8/29/2025 12:00:00 AM,2025,ago,08,incendio,interior,20.1174939233729,0,CERRADO,GR 4 - SUDESTE,Núcleo de Gestão Integrada - ICMBio Cipó-Pedreira, ,,,,227668.971679688,2086.95550594742, 
359680,0000.00.0266,FLONA do Jamanxim,9.68902167075812,queima controlada,manejo,planet,Queima do dia 01/11,305,11/19/2025 12:00:00 AM,2025,nov,11,manejo,interior,9.68902167075812,0,AMAZÔNIA,GR 1 - NORTE,Núcleo de Gestão Integrada - ICMBio Serra do Cachimbo,CR Oeste d,,,,99236.484375,2183.48411281725,CT Itaituba
359681,0000.00.0027,APA Morro da Pedreira,10.1553323827201,incendio,incendio,planet, ,239,8/29/2025 12:00:00 AM,2025,ago,08,incendio,interior,10.1553323827201,0,CERRADO,GR 4 - SUDESTE,Núcleo de Gestão Integrada - ICMBio Cipó-Pedreira, ,,,,114908.961914063,1590.51110021571, 
359682,0000.00.0076,ESEC Serra Geral do Tocantins,322.80863397171,queima prescrita,manejo,planet,Queima do dia 20/06,171,6/29/2025 12:00:00 AM,2025,jun,06,manejo,interior,322.80863397171,0,CERRADO,GR 3 - CENTRO-OESTE,-, ,,,,3359685.62109375,12711.6548631328, 
359683,0000.00.0053,ESEC de Cuniã,11.9166996175221,incendio,incendio,planet, ,228,8/25/2025 12:00:00 AM,2025,ago,08,incendio,interior,11.9166996175221,0,AMAZÔNIA,GR 1 - NORTE,Núcleo de Gestão Integrada - ICMBio Cuniã-Jacundá,CR Porto V,,,,122294.812988281,2600.86863312804,CT Porto Velho
359684,0000.00.0076,ESEC Serra Geral do Tocantins,36.4572447673127,incendio,incendio,planet, ,243,7/24/2025 12:00:00 AM,2025,jul,07,incendio,interior,36.4572447673127,0,CERRADO,GR 3 - CENTRO-OESTE,-, ,,,,380199.889648438,4456.32307717699, 
359685,0000.00.0076,ESEC Serra Geral do Tocantins,29.6148714524494,incendio,incendio,planet, ,243,7/24/2025 12:00:00 AM,2025,jul,07,incendio,interior,29.6148714524494,0,CERRADO,GR 3 - CENTRO-OESTE,-, ,,,,308869.112304688,2371.00119977763, 
359686,0000.00.0076,ESEC Serra Geral do Tocantins,18.3856315513986,incendio,incendio,planet, ,243,7/24/2025 12:00:00 AM,2025,jul,07,incendio,interior,18.3856315513986,0,CERRADO,GR 3 - CENTRO-OESTE,-, ,,,,191575.104492188,3419.25918161746, 
359687,0000.00.0076,ESEC Serra Geral do Tocantins,375.935899474116,incendio,incendio,planet, ,221,8/31/2025 12:00:00 AM,2025,ago,08,incendio,interior,375.935899474116,0,CERRADO,GR 3 - CENTRO-OESTE,-, ,,,,3916934.28271484,13325.9433310106, 
359688,0000.00.0076,ESEC Serra Geral do Tocantins,776.581875032504,incendio,incendio,planet, ,243,9/2/2025 12:00:00 AM,2025,set,09,incendio,interior,776.581875032504,0,CERRADO,GR 3 - CENTRO-OESTE,-, ,,,,8111352.38574219,24323.4042889806, 
359689,0000.00.0076,ESEC Serra Geral do Tocantins,41.0493391961975,incendio,incendio,planet, ,237,9/2/2025 12:00:00 AM,2025,set,09,incendio,interior,41.0493391961975,0,CERRADO,GR 3 - CENTRO-OESTE,-, ,,,,428076.677734375,3882.54913536297, 
359690,0000.00.0076,ESEC Serra Geral do Tocantins,191.076772811096,incendio,incendio,planet, ,236,9/2/2025 12:00:00 AM,2025,set,09,incendio,interior,191.076772811096,0,CERRADO,GR 3 - CENTRO-OESTE,-, ,,,,1990003.14746094,10118.6388654458, 
359691,0000.00.0076,ESEC Serra Geral do Tocantins,315.399299470281,incendio,incendio,planet, ,230,9/2/2025 12:00:00 AM,2025,set,09,incendio,interior,315.399299470281,0,CERRADO,GR 3 - CENTRO-OESTE,-, ,,,,3283093.01513672,17527.4899868637, 
359692,0000.00.0076,ESEC Serra Geral do Tocantins,69.4575514643215,incendio,incendio,planet, ,237,9/2/2025 12:00:00 AM,2025,set,09,incendio,interior,69.4575514643215,0,CERRADO,GR 3 - CENTRO-OESTE,-, ,,,,723699.778808594,4756.44334737414, 
359693,0000.00.0076,ESEC Serra Geral do Tocantins,296.974520902525,incendio,incendio,planet, ,242,9/2/2025 12:00:00 AM,2025,set,09,incendio,interior,296.974520902525,0,CERRADO,GR 3 - CENTRO-OESTE,-, ,,,,3094479.12304688,11102.9667476384, 
359694,0000.00.0076,ESEC Serra Geral do Tocantins,367.390178316443,incendio,incendio,planet, ,239,9/2/2025 12:00:00 AM,2025,set,09,incendio,interior,367.390178316443,0,CERRADO,GR 3 - CENTRO-OESTE,-, ,,,,3831273.88232422,12719.3131064444, 
359695,0000.00.0085,FLONA de Balata-Tufari,50.2126856301631,incendio,incendio,planet, ,236,8/31/2025 12:00:00 AM,2025,ago,08,incendio,interior,50.2126856301631,0,AMAZÔNIA,GR 1 - NORTE,Núcleo de Gestão Integrada - ICMBio Porto Velho,CR Porto V,,,,512255.766113281,5180.30586685972,CT Porto Velho
359696,0000.00.0085,FLONA de Balata-Tufari,10.9683040620214,incendio,incendio,planet, ,236,8/31/2025 12:00:00 AM,2025,ago,08,incendio,interior,10.9683040620214,0,AMAZÔNIA,GR 1 - NORTE,Núcleo de Gestão Integrada - ICMBio Porto Velho,CR Porto V,,,,111898.963867188,1764.00165634403,CT Porto Velho
359697,0000.00.0085,FLONA de Balata-Tufari,21.731038622862,incendio,incendio,planet, ,236,8/31/2025 12:00:00 AM,2025,ago,08,incendio,interior,21.731038622862,0,AMAZÔNIA,GR 1 - NORTE,Núcleo de Gestão Integrada - ICMBio Porto Velho,CR Porto V,,,,221705.202636719,2574.13008688047,CT Porto Velho
359698,0000.00.0094,FLONA de Ipanema,1.447244257657,incendio,incendio,planet, ,228,9/1/2025 12:00:00 AM,2025,set,09,incendio,interior,1.447244257657,0,MATA ATLÂNTICA,GR 4 - SUDESTE,Núcleo de Gestão Integrada - ICMBio Iperó, ,,,,17274.7568359375,542.169675788338, 
359699,0000.00.0168,PARNA do Araguaia,4.31937407096559,queima prescrita,manejo,planet,Queima entre os dias 17/10 e 26/10,296,10/26/2025 12:00:00 AM,2025,out,10,manejo,interior,4.31937407096559,0,CERRADO,GR 3 - CENTRO-OESTE,-, ,,,,45097.2690429688,1079.87907305542, 
359700,0000.00.0094,FLONA de Ipanema,9.09337414344008,incendio,incendio,planet, ,228,9/1/2025 12:00:00 AM,2025,set,09,incendio,interior,9.09337414344008,0,MATA ATLÂNTICA,GR 4 - SUDESTE,Núcleo de Gestão Integrada - ICMBio Iperó, ,,,,108540.1875,1707.07796839206, 
359701,0000.00.0094,FLONA de Ipanema,11.9998486499767,incendio,incendio,planet, ,228,9/1/2025 12:00:00 AM,2025,set,09,incendio,interior,11.9998486499767,0,MATA ATLÂNTICA,GR 4 - SUDESTE,Núcleo de Gestão Integrada - ICMBio Iperó, ,,,,143212.311523438,1696.19471861713, 
359702,0000.00.0094,FLONA de Ipanema,2.3398601541491,incendio,incendio,planet, ,228,9/1/2025 12:00:00 AM,2025,set,09,incendio,interior,2.3398601541491,0,MATA ATLÂNTICA,GR 4 - SUDESTE,Núcleo de Gestão Integrada - ICMBio Iperó, ,,,,27924.876953125,714.110496218358, 
359703,0000.00.0107,FLONA de Santa Rosa do Purus,12.8550370466271,incendio,incendio,planet, ,240,8/31/2025 12:00:00 AM,2025,ago,08,incendio,interior,12.8550370466271,0,AMAZÔNIA,GR 1 - NORTE,Núcleo de Gestão Integrada - ICMBio Alto Tarauacá-Santa Rosa, ,,,,132852.532714844,1701.62403587709,CT Rio Branco
359704,0000.00.0107,FLONA de Santa Rosa do Purus,66.3665401331942,incendio,incendio,planet, ,231,8/31/2025 12:00:00 AM,2025,ago,08,incendio,interior,66.3665401331942,0,AMAZÔNIA,GR 1 - NORTE,Núcleo de Gestão Integrada - ICMBio Alto Tarauacá-Santa Rosa, ,,,,685860.904296875,4764.63712978609,CT Rio Branco
359705,0000.00.0107,FLONA de Santa Rosa do Purus,8.97415652162516,incendio,incendio,planet, ,227,8/31/2025 12:00:00 AM,2025,ago,08,incendio,interior,8.97415652162516,0,AMAZÔNIA,GR 1 - NORTE,Núcleo de Gestão Integrada - ICMBio Alto Tarauacá-Santa Rosa, ,,,,92740.4897460938,1941.89713199537,CT Rio Branco
359706,0000.00.0116,FLONA do Bom Futuro,108.333999823022,incendio,incendio,planet, ,242,8/30/2025 12:00:00 AM,2025,ago,08,incendio,interior,108.333999823022,0,AMAZÔNIA,GR 1 - NORTE,Núcleo de Gestão Integrada - ICMBio Porto Velho,CR Porto V,,,,1120700.94628906,8312.47083184486,CT Porto Velho
359707,0000.00.0116,FLONA do Bom Futuro,1.89381039365342,incendio,incendio,planet, ,230,8/30/2025 12:00:00 AM,2025,ago,08,incendio,interior,1.89381039365342,0,AMAZÔNIA,GR 1 - NORTE,Núcleo de Gestão Integrada - ICMBio Porto Velho,CR Porto V,,,,19597.5649414063,762.570459980764,CT Porto Velho
359708,0000.00.0116,FLONA do Bom Futuro,44.117225344993,incendio,incendio,planet, ,230,8/30/2025 12:00:00 AM,2025,ago,08,incendio,interior,44.117225344993,0,AMAZÔNIA,GR 1 - NORTE,Núcleo de Gestão Integrada - ICMBio Porto Velho,CR Porto V,,,,456585.528320313,5021.36471995453,CT Porto Velho
359709,0000.00.0157,PARNA das Sempre-Vivas,26.0370867354361,incendio,incendio,planet, ,245,9/10/2025 12:00:00 AM,2025,set,09,incendio,interior,26.0370867354361,0,CERRADO,GR 4 - SUDESTE,-, ,,,,288997.763671875,3083.13003220391, 
359710,0000.00.0116,FLONA do Bom Futuro,97.684361435675,incendio,incendio,planet, ,230,8/30/2025 12:00:00 AM,2025,ago,08,incendio,interior,97.684361435675,0,AMAZÔNIA,GR 1 - NORTE,Núcleo de Gestão Integrada - ICMBio Porto Velho,CR Porto V,,,,1010920.76464844,10983.8392376343,CT Porto Velho
359711,0000.00.0116,FLONA do Bom Futuro,31.3890949488039,incendio,incendio,planet, ,230,8/30/2025 12:00:00 AM,2025,ago,08,incendio,interior,31.3890949488039,0,AMAZÔNIA,GR 1 - NORTE,Núcleo de Gestão Integrada - ICMBio Porto Velho,CR Porto V,,,,324845.353515625,3385.66218435287,CT Porto Velho
359712,0000.00.0139,PARNA da Chapada dos Veadeiros,12.8236499155798,incendio,incendio,planet, ,317,11/20/2025 12:00:00 AM,2025,nov,11,incendio,interior,12.8236499155798,0,CERRADO,GR 3 - CENTRO-OESTE,-, ,,,,136939.913574219,1863.91759541936, 
359713,0000.00.0139,PARNA da Chapada dos Veadeiros,5237.26628762602,gestao de ignicao natural,manejo,planet,Fogo de raio do dia 18/11,322,11/20/2025 12:00:00 AM,2025,nov,11,manejo,interior,5237.26628762602,0,CERRADO,GR 3 - CENTRO-OESTE,-, ,,,,55915724.8789063,81061.6966288294, 
359714,0000.00.0139,PARNA da Chapada dos Veadeiros,379.526885071442,incendio,incendio,planet, ,322,11/20/2025 12:00:00 AM,2025,nov,11,incendio,interior,379.526885071442,0,CERRADO,GR 3 - CENTRO-OESTE,-, ,,,,4057079.14599609,14653.310085798, 
359715,0000.00.0168,PARNA do Araguaia,2.27810983882228,queima prescrita,manejo,planet,Queima entre os dias 17/10 e 26/10,296,10/26/2025 12:00:00 AM,2025,out,10,manejo,interior,2.27810983882228,0,CERRADO,GR 3 - CENTRO-OESTE,-, ,,,,23785.7426757813,847.028499237961, 
359716,0000.00.0163,PARNA de Pacaás Novos,540.766444893036,queima por indigenas isolados,manejo,planet,Queima por indígenas isolados no dia 27/08,239,8/28/2025 12:00:00 AM,2025,ago,08,manejo,interior,540.766444893036,0,AMAZÔNIA,GR 1 - NORTE,-, ,,,,5660629.44726563,17274.1830397328,CT Porto Velho
359717,0000.00.0163,PARNA de Pacaás Novos,4.86223437030093,queima por indigenas isolados,manejo,planet,Queima por indígenas isolados no dia 30/08,242,8/30/2025 12:00:00 AM,2025,ago,08,manejo,interior,4.86223437030093,0,AMAZÔNIA,GR 1 - NORTE,-, ,,,,50896.9970703125,1255.78663033543,CT Porto Velho
359718,0000.00.0163,PARNA de Pacaás Novos,1641.42942863088,queima por indigenas isolados,manejo,planet,Queima por indígenas isolados no dia 29/08,241,8/30/2025 12:00:00 AM,2025,ago,08,manejo,interior,1641.42942863088,0,AMAZÔNIA,GR 1 - NORTE,-, ,,,,17185165.8378906,28579.202999841,CT Porto Velho
359719,0000.00.0163,PARNA de Pacaás Novos,1.76899883344262,queima por indigenas isolados,manejo,planet,Queima por indígenas isolados no dia 30/08,242,8/30/2025 12:00:00 AM,2025,ago,08,manejo,interior,1.76899883344262,0,AMAZÔNIA,GR 1 - NORTE,-, ,,,,18518.1884765625,697.81656271494,CT Porto Velho
359720,0000.00.0163,PARNA de Pacaás Novos,201.613692065975,queima por indigenas isolados,manejo,planet,Queima por indígenas isolados no dia 31/08,243,9/3/2025 12:00:00 AM,2025,set,09,manejo,interior,201.613692065975,0,AMAZÔNIA,GR 1 - NORTE,-, ,,,,2109967.8984375,8727.47438889738,CT Porto Velho
359721,0000.00.0163,PARNA de Pacaás Novos,42.5110525800404,queima por indigenas isolados,manejo,planet,Queima por indígenas isolados no dia 26/08,238,9/1/2025 12:00:00 AM,2025,set,09,manejo,interior,42.5110525800404,0,AMAZÔNIA,GR 1 - NORTE,-, ,,,,443750.400878906,3267.92256182782,CT Porto Velho
359722,0000.00.0168,PARNA do Araguaia,1063.29597552346,queima prescrita,manejo,planet,Queima do dia 04/09,247,9/9/2025 12:00:00 AM,2025,set,09,manejo,interior,1063.29597552346,0,CERRADO,GR 3 - CENTRO-OESTE,-, ,,,,11115500.5136719,30131.2552685443, 
359723,0000.00.0163,PARNA de Pacaás Novos,18.6976197510433,queima por indigenas isolados,manejo,planet,Queima por indígenas isolados no dia 30/08,242,9/3/2025 12:00:00 AM,2025,set,09,manejo,interior,18.6976197510433,0,AMAZÔNIA,GR 1 - NORTE,-, ,,,,195708.818359375,3268.53211261934,CT Porto Velho
359724,0000.00.0065,ESEC de Uruçuí-Una,2991.92421587805,queima controlada,manejo,planet,Queima entre os dias 30/08 e 31/08,242,9/1/2025 12:00:00 AM,2025,set,09,manejo,interior,2991.92421587805,0,CERRADO,GR 2 - NORDESTE,-, ,,,,30844883.8642578,36369.0422475182,CT Fortaleza
359725,0000.00.0163,PARNA de Pacaás Novos,3.47654897358317,queima por indigenas isolados,manejo,planet,Queima por indígenas isolados no dia 30/08,242,9/3/2025 12:00:00 AM,2025,set,09,manejo,interior,3.47654897358317,0,AMAZÔNIA,GR 1 - NORTE,-, ,,,,36387.462890625,1028.51315204156,CT Porto Velho
359726,0000.00.0163,PARNA de Pacaás Novos,4.20662362856322,queima por indigenas isolados,manejo,planet,Queima por indígenas isolados no dia 30/08,242,9/3/2025 12:00:00 AM,2025,set,09,manejo,interior,4.20662362856322,0,AMAZÔNIA,GR 1 - NORTE,-, ,,,,44034.4384765625,1032.13893644469,CT Porto Velho
359727,0000.00.0146,PARNA da Serra das Confusões,36.8227012328867,incendio,incendio,planet, ,246,9/10/2025 12:00:00 AM,2025,set,09,incendio,interior,36.8227012328867,0,CERRADO,GR 2 - NORDESTE,-, ,,,,378793.833007813,3377.91010235062,CT Fortaleza
359728,0000.00.0157,PARNA das Sempre-Vivas,44.0650157329635,incendio,incendio,planet, ,245,9/10/2025 12:00:00 AM,2025,set,09,incendio,interior,44.0650157329635,0,CERRADO,GR 4 - SUDESTE,-, ,,,,489011.266601563,3788.0717634862, 
359729,0000.00.0163,PARNA de Pacaás Novos,647.856810379905,queima por indigenas isolados,manejo,planet,Queima por indígenas isolados no dia 31/08,243,9/2/2025 12:00:00 AM,2025,set,09,manejo,interior,647.856810379905,0,AMAZÔNIA,GR 1 - NORTE,-, ,,,,6781131.390625,17247.1601360939,CT Porto Velho
359730,0000.00.0065,ESEC de Uruçuí-Una,106.891043049165,queima controlada,manejo,planet,Queima entre os dias 30/08 e 31/08,242,9/1/2025 12:00:00 AM,2025,set,09,manejo,interior,106.891043049165,0,CERRADO,GR 2 - NORDESTE,-, ,,,,1102147.67871094,7703.78790832175,CT Fortaleza
359731,0000.00.0065,ESEC de Uruçuí-Una,17.2002374544143,incendio,incendio,planet, ,244,9/8/2025 12:00:00 AM,2025,set,09,incendio,interior,17.2002374544143,0,CERRADO,GR 2 - NORDESTE,-, ,,,,177296.125,2247.89688749619,CT Fortaleza
359732,0000.00.0065,ESEC de Uruçuí-Una,3.81500453413317,incendio,incendio,planet, ,244,9/8/2025 12:00:00 AM,2025,set,09,incendio,interior,3.81500453413317,0,CERRADO,GR 2 - NORDESTE,-, ,,,,39323.8754882813,879.308464139232,CT Fortaleza
359733,0000.00.0065,ESEC de Uruçuí-Una,39.7483041542322,incendio,incendio,planet, ,245,9/8/2025 12:00:00 AM,2025,set,09,incendio,interior,39.7483041542322,0,CERRADO,GR 2 - NORDESTE,-, ,,,,409769.971679688,3508.09946549759,CT Fortaleza
359734,0000.00.0065,ESEC de Uruçuí-Una,96.5079483775144,incendio,incendio,planet, ,244,9/8/2025 12:00:00 AM,2025,set,09,incendio,interior,96.5079483775144,0,CERRADO,GR 2 - NORDESTE,-, ,,,,994955.055175781,5678.88427175852,CT Fortaleza
359735,0000.00.0168,PARNA do Araguaia,24.1154807775168,queima prescrita,manejo,planet,Queima entre os dias 17/10 e 26/10,296,10/26/2025 12:00:00 AM,2025,out,10,manejo,interior,24.1154807775168,0,CERRADO,GR 3 - CENTRO-OESTE,-, ,,,,251804.179199219,2130.00791643255, 
359736,0000.00.0065,ESEC de Uruçuí-Una,1312.21630717235,incendio,incendio,planet, ,244,9/8/2025 12:00:00 AM,2025,set,09,incendio,interior,1312.21630717235,0,CERRADO,GR 2 - NORDESTE,-, ,,,,13529031.7265625,28448.9042929131,CT Fortaleza
359737,0000.00.0065,ESEC de Uruçuí-Una,546.865576251054,incendio,incendio,planet, ,244,9/8/2025 12:00:00 AM,2025,set,09,incendio,interior,546.865576251054,0,CERRADO,GR 2 - NORDESTE,-, ,,,,5639176.93359375,13346.7273062148,CT Fortaleza
359738,0000.00.0065,ESEC de Uruçuí-Una,102.704911759749,incendio,incendio,planet, ,245,9/8/2025 12:00:00 AM,2025,set,09,incendio,interior,102.704911759749,0,CERRADO,GR 2 - NORDESTE,-, ,,,,1059202.62451172,5566.29176733746,CT Fortaleza
359739,0000.00.0146,PARNA da Serra das Confusões,67.0575160767186,incendio,incendio,planet, ,246,9/10/2025 12:00:00 AM,2025,set,09,incendio,interior,67.0575160767186,0,CERRADO,GR 2 - NORDESTE,-, ,,,,689868.238769531,7123.02492475696,CT Fortaleza
359740,0000.00.0168,PARNA do Araguaia,567.537438463771,queima prescrita,manejo,planet,Queima do dia 09/11,313,11/17/2025 12:00:00 AM,2025,nov,11,manejo,interior,567.537438463771,0,CERRADO,GR 3 - CENTRO-OESTE,-, ,,,,5913503.17529297,17075.7749480204, 
359741,0000.00.0266,FLONA do Jamanxim,16.540512593627,queima controlada,manejo,planet,Queima do dia 01/11,305,11/19/2025 12:00:00 AM,2025,nov,11,manejo,interior,16.540512593627,0,AMAZÔNIA,GR 1 - NORTE,Núcleo de Gestão Integrada - ICMBio Serra do Cachimbo,CR Oeste d,,,,169415.482910156,3418.40890962171,CT Itaituba
359742,0000.00.0266,FLONA do Jamanxim,0.429795220092213,queima controlada,manejo,planet,Queima do dia 01/11,305,11/19/2025 12:00:00 AM,2025,nov,11,manejo,interior,0.429795220092213,0,AMAZÔNIA,GR 1 - NORTE,Núcleo de Gestão Integrada - ICMBio Serra do Cachimbo,CR Oeste d,,,,4402.23388671875,287.191194819506,CT Itaituba
359743,0000.00.0144,PARNA da Serra da Canastra,1000.17482895479,incendio,incendio,planet, ,248,9/10/2025 12:00:00 AM,2025,set,09,incendio,interior,1000.17482895479,0,CERRADO,GR 4 - SUDESTE,-, ,,,,11463283.8623047,22327.5821093455, 
359744,0000.00.0144,PARNA da Serra da Canastra,105.30737130675,incendio,incendio,planet, ,247,9/10/2025 12:00:00 AM,2025,set,09,incendio,interior,105.30737130675,0,CERRADO,GR 4 - SUDESTE,-, ,,,,1203182.90332031,8347.68894560221, 
359745,0000.00.3136,PARNA da Serra do Gandarela,479.075375934462,incendio,incendio,planet, ,252,9/11/2025 12:00:00 AM,2025,set,09,incendio,interior,479.075375934462,0,MATA ATLÂNTICA,GR 4 - SUDESTE,-, ,,,,5464040.97753906,22742.4583877579, 
359746,0000.00.3136,PARNA da Serra do Gandarela,11.5678508456832,incendio,incendio,planet, ,252,9/11/2025 12:00:00 AM,2025,set,09,incendio,interior,11.5678508456832,0,MATA ATLÂNTICA,GR 4 - SUDESTE,-, ,,,,131905.77734375,1870.86887118577, 
359747,0000.00.3136,PARNA da Serra do Gandarela,50.4515267631042,incendio,incendio,planet, ,250,9/11/2025 12:00:00 AM,2025,set,09,incendio,interior,50.4515267631042,0,MATA ATLÂNTICA,GR 4 - SUDESTE,-, ,,,,574861.34765625,4449.6891466818, 
359748,0000.00.0163,PARNA de Pacaás Novos,84.3508896069783,queima por indigenas isolados,manejo,planet,Queima por indígenas isolados no dia 30/08,242,9/11/2025 12:00:00 AM,2025,set,09,manejo,interior,84.3508896069783,0,AMAZÔNIA,GR 1 - NORTE,-, ,,,,882639.405273438,7204.6230687584,CT Porto Velho
359749,0000.00.0157,PARNA das Sempre-Vivas,278.135458469234,incendio,incendio,planet, ,248,9/10/2025 12:00:00 AM,2025,set,09,incendio,interior,278.135458469234,0,CERRADO,GR 4 - SUDESTE,-, ,,,,3078639.35546875,15958.7891315648, 
359750,0000.00.0139,PARNA da Chapada dos Veadeiros,60.5139876583743,incendio,incendio,planet, ,244,9/4/2025 12:00:00 AM,2025,set,09,incendio,interior,60.5139876583743,0,CERRADO,GR 3 - CENTRO-OESTE,-, ,,,,645241.885742188,4941.53287772168, 
359751,0000.00.0157,PARNA das Sempre-Vivas,179.620193712144,incendio,incendio,planet, ,244,9/10/2025 12:00:00 AM,2025,set,09,incendio,interior,179.620193712144,0,CERRADO,GR 4 - SUDESTE,-, ,,,,1987913.40625,13341.8396703755, 
359752,0000.00.0266,FLONA do Jamanxim,60.4198824496425,queima controlada,manejo,planet,Queima do dia 01/11,305,11/19/2025 12:00:00 AM,2025,nov,11,manejo,interior,60.4198824496425,0,AMAZÔNIA,GR 1 - NORTE,Núcleo de Gestão Integrada - ICMBio Serra do Cachimbo,CR Oeste d,,,,618872.924316406,4613.88970259951,CT Itaituba
359753,0000.00.0023,APA do Planalto Central,957.352111089806,incendio,incendio,planet, ,248,9/11/2025 12:00:00 AM,2025,set,09,incendio,interior,957.352111089806,0,CERRADO,GR 3 - CENTRO-OESTE,-, ,,,,10339190.0585938,21914.0731961638, 
359754,0000.00.0144,PARNA da Serra da Canastra,943.911887760061,queima controlada,manejo,planet,Queima entre os dias 01/09 e 02/09,244,9/10/2025 12:00:00 AM,2025,set,09,manejo,interior,943.911887760061,0,CERRADO,GR 4 - SUDESTE,-, ,,,,10801227.7041016,27358.4916099902, 
359755,0000.00.0023,APA do Planalto Central,116.37197968522,incendio,incendio,planet, ,251,9/11/2025 12:00:00 AM,2025,set,09,incendio,interior,116.37197968522,0,CERRADO,GR 3 - CENTRO-OESTE,-, ,,,,1256946.22070313,6232.6086889357, 
359756,0000.00.0216,REBIO Nascentes da Serra do Cachimbo,73.5218569430642,incendio,incendio,planet, ,242,9/11/2025 12:00:00 AM,2025,set,09,incendio,interior,73.5218569430642,0,AMAZÔNIA,GR 1 - NORTE,Núcleo de Gestão Integrada - ICMBio Serra do Cachimbo,CR Oeste d,,,,757456.50390625,5694.67192370932,CT Itaituba
359757,0000.00.0028,APA das Nascentes do Rio Vermelho,17.8978294316646,aceiro,manejo,planet,Queima do dia 14/06,166,6/14/2025 12:00:00 AM,2025,jun,06,manejo,interior,17.8978294316646,0,CERRADO,GR 3 - CENTRO-OESTE,Núcleo de Gestão Integrada - ICMBio Mambaí, ,,,,192137.317871094,3242.06089561989, 
359758,0000.00.0175,PARNA do Pantanal Matogrossense,2184.76462731193,gestao de ignicao natural,manejo,planet,Fogo de raio do dia 28/11,332,12/13/2025 12:00:00 AM,2025,dez,12,manejo,interior,2184.76462731193,0,PANTANAL,GR 3 - CENTRO-OESTE,-, ,,,,24160291.1962891,70828.0517107517,CT - GR3
359759,0000.00.0216,REBIO Nascentes da Serra do Cachimbo,19.2472872615275,incendio,incendio,planet, ,242,9/11/2025 12:00:00 AM,2025,set,09,incendio,interior,19.2472872615275,0,AMAZÔNIA,GR 1 - NORTE,Núcleo de Gestão Integrada - ICMBio Serra do Cachimbo,CR Oeste d,,,,198297.926757813,2774.88075745282,CT Itaituba
359760,0000.00.0165,PARNA de São Joaquim,60.8308331764248,queima controlada,manejo,planet,Queima do dia 30/08,242,8/31/2025 12:00:00 AM,2025,ago,08,manejo,interior,60.8308331764248,0,MATA ATLÂNTICA,GR 5 - SUL,-, ,,,,785388.2421875,5524.63421857972, 
359761,0000.00.0144,PARNA da Serra da Canastra,70.3925408068273,queima controlada,manejo,planet,Queima do dia 11/09,254,9/11/2025 12:00:00 AM,2025,set,09,manejo,interior,70.3925408068273,0,CERRADO,GR 4 - SUDESTE,-, ,,,,804735.036132813,4501.62447251597, 
359762,0000.00.0144,PARNA da Serra da Canastra,47.9416502685423,queima controlada,manejo,planet,Queima do dia 30/08,242,9/15/2025 12:00:00 AM,2025,set,09,manejo,interior,47.9416502685423,0,CERRADO,GR 4 - SUDESTE,-, ,,,,547853.6953125,6036.09640054654, 
359763,0000.00.0144,PARNA da Serra da Canastra,210.910190325603,queima controlada,manejo,planet,Queima do dia 08/09,251,9/10/2025 12:00:00 AM,2025,set,09,manejo,interior,210.910190325603,0,CERRADO,GR 4 - SUDESTE,-, ,,,,2418222.08789063,15077.9097315401, 
359764,0000.00.0086,FLONA de Brasília,30.8944669675799,queima prescrita,manejo,planet,Queima do dia 08/08,220,8/11/2025 12:00:00 AM,2025,ago,08,manejo,interior,30.8944669675799,0,CERRADO,GR 3 - CENTRO-OESTE,Núcleo de Gestão Integrada - ICMBio Descoberto-Brasília, ,,,,335486.946289063,2442.14095781207, 
359765,0000.00.0192,REBIO da Contagem,30.7819479699827,incendio,incendio,planet, ,256,9/14/2025 12:00:00 AM,2025,set,09,incendio,interior,30.7819479699827,0,CERRADO,GR 3 - CENTRO-OESTE,Núcleo de Gestão Integrada - ICMBio Brasília-Contagem, ,,,,333743.169921875,2431.34692956281, 
359766,0000.00.0023,APA do Planalto Central,18.6020051471975,incendio,incendio,planet, ,256,9/14/2025 12:00:00 AM,2025,set,09,incendio,interior,18.6020051471975,0,CERRADO,GR 3 - CENTRO-OESTE,-, ,,,,201679.3125,2846.87859567021, 
359767,0000.00.0023,APA do Planalto Central,3.11899603498305,incendio,incendio,planet, ,256,9/14/2025 12:00:00 AM,2025,set,09,incendio,interior,3.11899603498305,0,CERRADO,GR 3 - CENTRO-OESTE,-, ,,,,33815.71875,800.863391384686, 
359768,0000.00.0168,PARNA do Araguaia,2181.81844151069,incendio,incendio,planet, ,252,9/14/2025 12:00:00 AM,2025,set,09,incendio,interior,2181.81844151069,0,CERRADO,GR 3 - CENTRO-OESTE,-, ,,,,22622010.0634766,35896.0257637887, 
359769,0000.00.0076,ESEC Serra Geral do Tocantins,1482.2102142026,incendio,incendio,planet, ,253,9/14/2025 12:00:00 AM,2025,set,09,incendio,interior,1482.2102142026,0,CERRADO,GR 3 - CENTRO-OESTE,-, ,,,,15461013.887207,38396.3718986763, 
359770,0000.00.0076,ESEC Serra Geral do Tocantins,372.162678530575,incendio,incendio,planet, ,248,9/14/2025 12:00:00 AM,2025,set,09,incendio,interior,372.162678530575,0,CERRADO,GR 3 - CENTRO-OESTE,-, ,,,,3874779.72412109,13849.737759385, 
359771,0000.00.0086,FLONA de Brasília,49.9023566560753,queima prescrita,manejo,planet,Queima do dia 07/08,219,8/10/2025 12:00:00 AM,2025,ago,08,manejo,interior,49.9023566560753,0,CERRADO,GR 3 - CENTRO-OESTE,Núcleo de Gestão Integrada - ICMBio Descoberto-Brasília, ,,,,541921.75,3403.95357726288, 
359772,0000.00.0086,FLONA de Brasília,80.1205768728752,incendio,incendio,planet, ,250,9/9/2025 12:00:00 AM,2025,set,09,incendio,interior,80.1205768728752,0,CERRADO,GR 3 - CENTRO-OESTE,Núcleo de Gestão Integrada - ICMBio Descoberto-Brasília, ,,,,870254.9375,8727.37316952792, 
359773,0000.00.0003,APA da Bacia do Rio Descoberto,8.04478661562516,incendio,incendio,planet, ,250,9/9/2025 12:00:00 AM,2025,set,09,incendio,interior,8.04478661562516,0,CERRADO,GR 3 - CENTRO-OESTE,Núcleo de Gestão Integrada - ICMBio Descoberto-Brasília, ,,,,87384.5390625,2886.50900429373, 
359774,0000.00.0003,APA da Bacia do Rio Descoberto,0.69750408288826,aceiro,manejo,planet,Queima do dia 18/07,199,7/22/2025 12:00:00 AM,2025,jul,07,manejo,interior,0.69750408288826,0,CERRADO,GR 3 - CENTRO-OESTE,Núcleo de Gestão Integrada - ICMBio Descoberto-Brasília, ,,,,7572.14453125,1200.51666012596, 
359775,0000.00.0159,PARNA de Brasília,4.72138250521423,aceiro,manejo,planet,Queima do dia 18/07,199,7/22/2025 12:00:00 AM,2025,jul,07,manejo,interior,4.72138250521423,0,CERRADO,GR 3 - CENTRO-OESTE,Núcleo de Gestão Integrada - ICMBio Brasília-Contagem, ,,,,51255.4833984375,1516.93112015629, 
359776,0000.00.3136,PARNA da Serra do Gandarela,26.0272827174845,incendio,incendio,planet, ,254,9/17/2025 12:00:00 AM,2025,set,09,incendio,interior,26.0272827174845,0,MATA ATLÂNTICA,GR 4 - SUDESTE,-, ,,,,296202.086914063,3065.90640709769, 
359777,0000.00.0158,PARNA de Aparados da Serra,80.2304333586261,incendio,incendio,planet, ,224,8/13/2025 12:00:00 AM,2025,ago,08,incendio,interior,80.2304333586261,0,MATA ATLÂNTICA,GR 5 - SUL,Núcleo de Gestão Integrada - ICMBio Aparados da Serra, ,,,,1054929.0234375,6644.18512291785, 
359778,0000.00.0003,APA da Bacia do Rio Descoberto,1.58619666088428,aceiro,manejo,sentinel_2,Queima do dia 18/07,199,9/13/2025 12:00:00 AM,2025,set,09,manejo,interior,1.58619666088428,0,CERRADO,GR 3 - CENTRO-OESTE,Núcleo de Gestão Integrada - ICMBio Descoberto-Brasília, ,,,,17220.1025390625,2153.57539454059, 
359779,0000.00.0159,PARNA de Brasília,30.5225847738784,aceiro,manejo,sentinel_2,Queima do dia 18/07,199,9/13/2025 12:00:00 AM,2025,set,09,manejo,interior,30.5225847738784,0,CERRADO,GR 3 - CENTRO-OESTE,Núcleo de Gestão Integrada - ICMBio Brasília-Contagem, ,,,,331383.865234375,8733.31681976265, 
359780,0000.00.0023,APA do Planalto Central,44.7843917784754,incendio,incendio,planet, ,259,9/17/2025 12:00:00 AM,2025,set,09,incendio,interior,44.7843917784754,0,CERRADO,GR 3 - CENTRO-OESTE,-, ,,,,485244.879882813,9133.47328084239, 
359781,0000.00.0159,PARNA de Brasília,362.711506377938,incendio,incendio,planet, ,259,9/17/2025 12:00:00 AM,2025,set,09,incendio,interior,362.711506377938,0,CERRADO,GR 3 - CENTRO-OESTE,Núcleo de Gestão Integrada - ICMBio Brasília-Contagem, ,,,,3929899.8359375,13266.9928918569, 
359782,0000.00.0023,APA do Planalto Central,1.96718189686007,incendio,incendio,sentinel_2, ,240,9/13/2025 12:00:00 AM,2025,set,09,incendio,interior,1.96718189686007,0,CERRADO,GR 3 - CENTRO-OESTE,-, ,,,,21327.2939453125,648.379470483373, 
359783,0000.00.0159,PARNA de Brasília,24.1862682001969,incendio,incendio,sentinel_2, ,240,9/13/2025 12:00:00 AM,2025,set,09,incendio,interior,24.1862682001969,0,CERRADO,GR 3 - CENTRO-OESTE,Núcleo de Gestão Integrada - ICMBio Brasília-Contagem, ,,,,262212.760742188,2651.73057730352, 
359784,0000.00.0192,REBIO da Contagem,2.9668602870486,incendio,incendio,sentinel_2, ,220,9/13/2025 12:00:00 AM,2025,set,09,incendio,interior,2.9668602870486,0,CERRADO,GR 3 - CENTRO-OESTE,Núcleo de Gestão Integrada - ICMBio Brasília-Contagem, ,,,,32180.9404296875,1145.98185453113, 
359785,0000.00.0272,PARNA da Chapada das Mesas,177.758806949651,incendio,incendio,planet, ,258,9/17/2025 12:00:00 AM,2025,set,09,incendio,interior,177.758806949651,0,CERRADO,GR 2 - NORDESTE,-, ,,,,1817930.57226563,7743.13708085516,CT Fortaleza
359786,0000.00.0158,PARNA de Aparados da Serra,35.4482796790256,incendio,incendio,planet, ,255,9/18/2025 12:00:00 AM,2025,set,09,incendio,interior,35.4482796790256,0,MATA ATLÂNTICA,GR 5 - SUL,Núcleo de Gestão Integrada - ICMBio Aparados da Serra, ,,,,466182.330078125,7232.81840274884, 
359787,0000.00.0278,REVIS dos Campos de Palmas,207.071834842761,incendio,incendio,planet, ,253,9/17/2025 12:00:00 AM,2025,set,09,incendio,interior,207.071834842761,0,MATA ATLÂNTICA,GR 5 - SUL,Núcleo de Gestão Integrada - ICMBio Palmas, ,,,,2598217.375,11013.1548966145, 
359788,0000.00.0158,PARNA de Aparados da Serra,26.8975734968909,incendio,incendio,planet, ,260,9/18/2025 12:00:00 AM,2025,set,09,incendio,interior,26.8975734968909,0,MATA ATLÂNTICA,GR 5 - SUL,Núcleo de Gestão Integrada - ICMBio Aparados da Serra, ,,,,353642.658203125,3356.52998687167, 
359789,0000.00.3136,PARNA da Serra do Gandarela,149.20181141829,incendio,incendio,planet, ,254,9/18/2025 12:00:00 AM,2025,set,09,incendio,interior,149.20181141829,0,MATA ATLÂNTICA,GR 4 - SUDESTE,-, ,,,,1701699.48046875,7521.45521214617, 
359790,0000.00.3136,PARNA da Serra do Gandarela,24.3036001826557,incendio,incendio,planet, ,254,9/17/2025 12:00:00 AM,2025,set,09,incendio,interior,24.3036001826557,0,MATA ATLÂNTICA,GR 4 - SUDESTE,-, ,,,,276589.452148438,2448.64259595563, 
359791,0000.00.3136,PARNA da Serra do Gandarela,24.7399026114243,incendio,incendio,planet, ,254,9/17/2025 12:00:00 AM,2025,set,09,incendio,interior,24.7399026114243,0,MATA ATLÂNTICA,GR 4 - SUDESTE,-, ,,,,281544.965820313,3328.90806542504, 
359792,0000.00.3136,PARNA da Serra do Gandarela,22.6209318917048,incendio,incendio,planet, ,254,9/17/2025 12:00:00 AM,2025,set,09,incendio,interior,22.6209318917048,0,MATA ATLÂNTICA,GR 4 - SUDESTE,-, ,,,,257431.051757813,3579.36570633531, 
359793,0000.00.0025,APA das Ilhas e Várzeas do Rio Paraná,210.465495236991,incendio,incendio,planet, ,254,9/18/2025 12:00:00 AM,2025,set,09,incendio,interior,210.465495236991,0,MATA ATLÂNTICA,GR 5 - SUL,Núcleo de Gestão Integrada - ICMBio Rio Paraná, ,,,,2482147.28417969,14277.3710083111, 
359794,0000.00.0144,PARNA da Serra da Canastra,38.7615759559658,incendio,incendio,planet, ,253,9/10/2025 12:00:00 AM,2025,set,09,incendio,interior,38.7615759559658,0,CERRADO,GR 4 - SUDESTE,-, ,,,,442750.155273438,4434.17141103361, 
359795,0000.00.0025,APA das Ilhas e Várzeas do Rio Paraná,1347.99935236167,incendio,incendio,planet, ,254,9/18/2025 12:00:00 AM,2025,set,09,incendio,interior,1347.99935236167,0,MATA ATLÂNTICA,GR 5 - SUL,Núcleo de Gestão Integrada - ICMBio Rio Paraná, ,,,,15904857.6220703,23454.5572622277, 
359796,0000.00.0158,PARNA de Aparados da Serra,72.2674929320485,queima controlada,manejo,planet,Queima do dia 11/09,254,9/18/2025 12:00:00 AM,2025,set,09,manejo,interior,72.2674929320485,0,MATA ATLÂNTICA,GR 5 - SUL,Núcleo de Gestão Integrada - ICMBio Aparados da Serra, ,,,,950076.958984375,5009.42615019435, 
359797,0000.00.0023,APA do Planalto Central,4.55933768879575,queima prescrita,manejo,sentinel_2,Queima do dia 16/07,197,9/13/2025 12:00:00 AM,2025,set,09,manejo,interior,4.55933768879575,0,CERRADO,GR 3 - CENTRO-OESTE,-, ,,,,49420.771484375,2804.48050476164, 
359798,0000.00.0159,PARNA de Brasília,51.6994584748487,queima prescrita,manejo,sentinel_2,Queima do dia 16/07,197,9/13/2025 12:00:00 AM,2025,set,09,manejo,interior,51.6994584748487,0,CERRADO,GR 3 - CENTRO-OESTE,Núcleo de Gestão Integrada - ICMBio Brasília-Contagem, ,,,,560418.079101563,5137.52229364466, 
359799,0000.00.0144,PARNA da Serra da Canastra,205.669936601215,incendio,incendio,planet, ,256,9/15/2025 12:00:00 AM,2025,set,09,incendio,interior,205.669936601215,0,CERRADO,GR 4 - SUDESTE,-, ,,,,2353955.80957031,8285.40684155356, 
359800,0000.00.0144,PARNA da Serra da Canastra,286.197487431976,incendio,incendio,planet, ,256,9/15/2025 12:00:00 AM,2025,set,09,incendio,interior,286.197487431976,0,CERRADO,GR 4 - SUDESTE,-, ,,,,3276453.93945313,12549.6155851306, 
359801,0000.00.0144,PARNA da Serra da Canastra,77.7057853866672,incendio,incendio,planet, ,256,9/15/2025 12:00:00 AM,2025,set,09,incendio,interior,77.7057853866672,0,CERRADO,GR 4 - SUDESTE,-, ,,,,889032.545898438,5277.36091082852, 
359802,0000.00.0144,PARNA da Serra da Canastra,246.501190884513,incendio,incendio,planet, ,256,9/15/2025 12:00:00 AM,2025,set,09,incendio,interior,246.501190884513,0,CERRADO,GR 4 - SUDESTE,-, ,,,,2820850.49121094,11211.1039187097, 
359803,0000.00.0144,PARNA da Serra da Canastra,111.27633137106,incendio,incendio,planet, ,254,9/17/2025 12:00:00 AM,2025,set,09,incendio,interior,111.27633137106,0,CERRADO,GR 4 - SUDESTE,-, ,,,,1269225.79785156,10349.1265048936, 
359804,0000.00.0144,PARNA da Serra da Canastra,309.790262479683,incendio,incendio,planet, ,255,9/17/2025 12:00:00 AM,2025,set,09,incendio,interior,309.790262479683,0,CERRADO,GR 4 - SUDESTE,-, ,,,,3551731.75292969,13808.3925810764, 
359805,0000.00.0144,PARNA da Serra da Canastra,253.486882104267,incendio,incendio,planet, ,255,9/17/2025 12:00:00 AM,2025,set,09,incendio,interior,253.486882104267,0,CERRADO,GR 4 - SUDESTE,-, ,,,,2898356.37304688,19398.927708494, 
359806,0000.00.0219,REVIS das Veredas do Oeste Baiano,301.988011982674,incendio,incendio,planet, ,261,9/18/2025 12:00:00 AM,2025,set,09,incendio,interior,301.988011982674,0,CERRADO,GR 3 - CENTRO-OESTE,Núcleo de Gestão Integrada - ICMBio Mambaí, ,,,,3225884.58105469,13070.4114781829, 
359807,0000.00.0027,APA Morro da Pedreira,88.1793122360819,incendio,incendio,planet, ,249,9/18/2025 12:00:00 AM,2025,set,09,incendio,interior,88.1793122360819,0,CERRADO,GR 4 - SUDESTE,Núcleo de Gestão Integrada - ICMBio Cipó-Pedreira, ,,,,995985.859375,5919.36411341662, 
359808,0000.00.0027,APA Morro da Pedreira,58.0898940314014,incendio,incendio,planet, ,260,9/18/2025 12:00:00 AM,2025,set,09,incendio,interior,58.0898940314014,0,CERRADO,GR 4 - SUDESTE,Núcleo de Gestão Integrada - ICMBio Cipó-Pedreira, ,,,,657059.766601563,4570.61455754298, 
359809,0000.00.0027,APA Morro da Pedreira,15.4412078752607,incendio,incendio,planet, ,251,9/18/2025 12:00:00 AM,2025,set,09,incendio,interior,15.4412078752607,0,CERRADO,GR 4 - SUDESTE,Núcleo de Gestão Integrada - ICMBio Cipó-Pedreira, ,,,,174709.5078125,2058.23156084842, 
359810,0000.00.0094,FLONA de Ipanema,38.1287584841122,incendio,incendio,planet, ,262,9/21/2025 12:00:00 AM,2025,set,09,incendio,interior,38.1287584841122,0,MATA ATLÂNTICA,GR 4 - SUDESTE,Núcleo de Gestão Integrada - ICMBio Iperó, ,,,,454874.198242188,3133.76394238699, 
359811,0000.00.0144,PARNA da Serra da Canastra,41.0158727718858,queima controlada,manejo,planet,Queima do dia 01/08,213,9/10/2025 12:00:00 AM,2025,set,09,manejo,interior,41.0158727718858,0,CERRADO,GR 4 - SUDESTE,-, ,,,,469510.837890625,6427.78442836008, 
359812,0000.00.0144,PARNA da Serra da Canastra,39.4049650366329,incendio,incendio,planet, ,336,12/11/2025 12:00:00 AM,2025,dez,12,incendio,interior,39.4049650366329,0,CERRADO,GR 4 - SUDESTE,-, ,,,,451329.182617188,3906.37651070488, 
359813,0000.00.0094,FLONA de Ipanema,521.080124578926,incendio,incendio,planet, ,262,9/21/2025 12:00:00 AM,2025,set,09,incendio,interior,521.080124578926,0,MATA ATLÂNTICA,GR 4 - SUDESTE,Núcleo de Gestão Integrada - ICMBio Iperó, ,,,,6218022.86035156,17908.8294571853, 
359814,0000.00.0219,REVIS das Veredas do Oeste Baiano,1110.48444093444,incendio,incendio,planet, ,262,9/21/2025 12:00:00 AM,2025,set,09,incendio,interior,1110.48444093444,0,CERRADO,GR 3 - CENTRO-OESTE,Núcleo de Gestão Integrada - ICMBio Mambaí, ,,,,11863141.3076172,36121.4491779494, 
359815,0000.00.0028,APA das Nascentes do Rio Vermelho,83.9711659920193,incendio,incendio,planet, ,125,9/21/2025 12:00:00 AM,2025,set,09,incendio,interior,83.9711659920193,0,CERRADO,GR 3 - CENTRO-OESTE,Núcleo de Gestão Integrada - ICMBio Mambaí, ,,,,899638.345214844,5717.55273742002, 
359816,0000.00.0089,FLONA de Caxiuanã,26.0254955217532,incendio,incendio,planet, ,353,12/28/2025 12:00:00 AM,2025,dez,12,incendio,interior,26.0254955217532,0,AMAZÔNIA,GR 1 - NORTE,Núcleo de Gestão Integrada - ICMBio Breves,CR Belém,,,,262402.180786133,3681.20974956005,CT Belém
359817,0000.00.0024,APA Meandros do Rio Araguaia,3217.02444866529,incendio,incendio,planet, ,261,9/21/2025 12:00:00 AM,2025,set,09,incendio,interior,3217.02444866529,0,CERRADO,GR 3 - CENTRO-OESTE,Núcleo de Gestão Integrada - ICMBio Meandros do Rio Araguaia, ,,,,34061664.4580078,72495.1607813234, 
359818,0000.00.0002,APA Cavernas do Peruaçu,42.2430341834612,incendio,incendio,planet, ,264,9/22/2025 12:00:00 AM,2025,set,09,incendio,interior,42.2430341834612,0,CERRADO,GR 4 - SUDESTE,Núcleo de Gestão Integrada - ICMBio Peruaçu, ,,,,455273.634765625,4824.72369714523, 
359819,0000.00.0028,APA das Nascentes do Rio Vermelho,7267.91916278046,incendio,incendio,planet, ,255,9/21/2025 12:00:00 AM,2025,set,09,incendio,interior,7267.91916278046,0,CERRADO,GR 3 - CENTRO-OESTE,Núcleo de Gestão Integrada - ICMBio Mambaí, ,,,,77863727.2729492,71565.7270902822, 
359820,0000.00.0089,FLONA de Caxiuanã,9.4364526365008,incendio,incendio,planet, ,287,12/28/2025 12:00:00 AM,2025,dez,12,incendio,interior,9.4364526365008,0,AMAZÔNIA,GR 1 - NORTE,Núcleo de Gestão Integrada - ICMBio Breves,CR Belém,,,,95141.7722167969,1299.22642087802,CT Belém
359821,0000.00.0089,FLONA de Caxiuanã,2.65458053013245,incendio,incendio,planet, ,287,12/28/2025 12:00:00 AM,2025,dez,12,incendio,interior,2.65458053013245,0,AMAZÔNIA,GR 1 - NORTE,Núcleo de Gestão Integrada - ICMBio Breves,CR Belém,,,,26764.5179443359,643.787281403884,CT Belém
359822,0000.00.0179,PARNA do Viruá,58.756437922948,queima prescrita,manejo,planet,Queima do dia 19/12 / Imagem do dia 01/01/2026,353,12/31/2025 12:00:00 AM,2025,dez,12,manejo,interior,58.756437922948,0,AMAZÔNIA,GR 1 - NORTE,Núcleo de Gestão Integrada - ICMBio Roraima,CR Manaus,,,,591891.707092285,5184.19259343232,CT Manaus
359823,0000.00.0028,APA das Nascentes do Rio Vermelho,246.815876399588,incendio,incendio,planet, ,258,9/21/2025 12:00:00 AM,2025,set,09,incendio,interior,246.815876399588,0,CERRADO,GR 3 - CENTRO-OESTE,Núcleo de Gestão Integrada - ICMBio Mambaí, ,,,,2641031.38818359,8907.7639476088, 
359824,0000.00.0144,PARNA da Serra da Canastra,49.3021294282679,incendio,incendio,planet, ,341,12/25/2025 12:00:00 AM,2025,dez,12,incendio,interior,49.3021294282679,0,CERRADO,GR 4 - SUDESTE,-, ,,,,563136.98046875,4682.38590552053, 
359825,0000.00.0002,APA Cavernas do Peruaçu,159.934379289874,incendio,incendio,planet, ,263,9/21/2025 12:00:00 AM,2025,set,09,incendio,interior,159.934379289874,0,CERRADO,GR 4 - SUDESTE,Núcleo de Gestão Integrada - ICMBio Peruaçu, ,,,,1723795.42871094,8712.04439300349, 
359826,0000.00.0002,APA Cavernas do Peruaçu,29.4450942053691,incendio,incendio,planet, ,264,9/22/2025 12:00:00 AM,2025,set,09,incendio,interior,29.4450942053691,0,CERRADO,GR 4 - SUDESTE,Núcleo de Gestão Integrada - ICMBio Peruaçu, ,,,,317369.278320313,3753.66777937142, 
359827,0000.00.0221,RESEX Barreiro das Antas,14.8028994370149,incendio,incendio,planet, ,265,9/24/2025 12:00:00 AM,2025,set,09,incendio,interior,14.8028994370149,0,AMAZÔNIA,GR 1 - NORTE,Núcleo de Gestão Integrada - ICMBio Guajará-Mirim,CR Porto V,,,,155174.002929688,2453.33175786535,CT Porto Velho
359828,0000.00.0284,PARNA dos Campos Amazônicos,542.372397258289,queima prescrita,manejo,planet,Queima do dia 10/06,162,6/12/2025 12:00:00 AM,2025,jun,06,manejo,interior,542.372397258289,0,AMAZÔNIA,GR 1 - NORTE,Núcleo de Gestão Integrada - ICMBio Humaitá,CR Porto V,,,,5583806.82226563,21418.1038094997,CT Porto Velho
359829,0000.00.0002,APA Cavernas do Peruaçu,13.2739295134608,incendio,incendio,planet, ,264,9/22/2025 12:00:00 AM,2025,set,09,incendio,interior,13.2739295134608,0,CERRADO,GR 4 - SUDESTE,Núcleo de Gestão Integrada - ICMBio Peruaçu, ,,,,143073.284179688,2710.1396936607, 
359830,0000.00.0284,PARNA dos Campos Amazônicos,1014.80720600157,incendio,incendio,planet, ,243,9/7/2025 12:00:00 AM,2025,set,09,incendio,interior,1014.80720600157,0,AMAZÔNIA,GR 1 - NORTE,Núcleo de Gestão Integrada - ICMBio Humaitá,CR Porto V,,,,10455356.5263672,27051.2942630964,CT Porto Velho
359831,0000.00.0002,APA Cavernas do Peruaçu,102.695869962931,incendio,incendio,planet, ,264,9/22/2025 12:00:00 AM,2025,set,09,incendio,interior,102.695869962931,0,CERRADO,GR 4 - SUDESTE,Núcleo de Gestão Integrada - ICMBio Peruaçu, ,,,,1106930.61279297,7958.18832605498, 
359832,0000.00.0027,APA Morro da Pedreira,83.0443374438554,incendio,incendio,planet, ,259,9/22/2025 12:00:00 AM,2025,set,09,incendio,interior,83.0443374438554,0,CERRADO,GR 4 - SUDESTE,Núcleo de Gestão Integrada - ICMBio Cipó-Pedreira, ,,,,939268.84765625,5128.64380125775, 
359833,0000.00.0076,ESEC Serra Geral do Tocantins,1189.04366702691,incendio,incendio,planet, ,261,9/21/2025 12:00:00 AM,2025,set,09,incendio,interior,1189.04366702691,0,CERRADO,GR 3 - CENTRO-OESTE,-, ,,,,12395729.1147461,20704.4816534877, 
359834,0000.00.0139,PARNA da Chapada dos Veadeiros,519.490793300546,incendio,incendio,planet, ,264,9/22/2025 12:00:00 AM,2025,set,09,incendio,interior,519.490793300546,0,CERRADO,GR 3 - CENTRO-OESTE,-, ,,,,5541954.96777344,16152.2435483712, 
359835,0000.00.0168,PARNA do Araguaia,1525.31840447392,incendio,incendio,planet, ,254,9/22/2025 12:00:00 AM,2025,set,09,incendio,interior,1525.31840447392,0,CERRADO,GR 3 - CENTRO-OESTE,-, ,,,,15869335.0268555,32229.2312086751, 
359836,0000.00.0206,REBIO do Guaporé,142.785365658976,gestao de ignicao natural,manejo,planet,Fogo natural do dia 17/09,260,9/22/2025 12:00:00 AM,2025,set,09,manejo,interior,142.785365658976,0,AMAZÔNIA,GR 1 - NORTE,Núcleo de Gestão Integrada - ICMBio Cautário-Guaporé, ,,,,1508296.03808594,9769.2380765835,CT Porto Velho
359837,0000.00.0206,REBIO do Guaporé,81.241181438276,incendio,incendio,planet, ,261,9/22/2025 12:00:00 AM,2025,set,09,incendio,interior,81.241181438276,0,AMAZÔNIA,GR 1 - NORTE,Núcleo de Gestão Integrada - ICMBio Cautário-Guaporé, ,,,,857162.313476563,4530.33805750411,CT Porto Velho
359838,0000.00.0168,PARNA do Araguaia,1107.89337911712,incendio,incendio,planet, ,245,9/9/2025 12:00:00 AM,2025,set,09,incendio,interior,1107.89337911712,0,CERRADO,GR 3 - CENTRO-OESTE,-, ,,,,11527146.1030273,22225.9580618997, 
359839,0000.00.0284,PARNA dos Campos Amazônicos,299.981478303762,gestao de ignicao natural,manejo,planet,Fogo natural do dia 31/08,243,9/22/2025 12:00:00 AM,2025,set,09,manejo,interior,299.981478303762,0,AMAZÔNIA,GR 1 - NORTE,Núcleo de Gestão Integrada - ICMBio Humaitá,CR Porto V,,,,3088575.66162109,19630.0419525784,CT Porto Velho
359840,0000.00.0139,PARNA da Chapada dos Veadeiros,92.9649083683881,incendio,incendio,planet,Imagem do dia 11/01/2026,364,12/31/2025 12:00:00 AM,2025,dez,12,incendio,interior,92.9649083683881,0,CERRADO,GR 3 - CENTRO-OESTE,-, ,,,,992631.135253906,6918.79716190111, 
359841,0000.00.0094,FLONA de Ipanema,6.13179642574479,incendio,incendio,planet, ,264,9/26/2025 12:00:00 AM,2025,set,09,incendio,interior,6.13179642574479,0,MATA ATLÂNTICA,GR 4 - SUDESTE,Núcleo de Gestão Integrada - ICMBio Iperó, ,,,,73161.818359375,1505.4941570064, 
359842,0000.00.0144,PARNA da Serra da Canastra,47.0517312895086,queima controlada,manejo,planet,Queima do dia 26/09,269,9/30/2025 12:00:00 AM,2025,set,09,manejo,interior,47.0517312895086,0,CERRADO,GR 4 - SUDESTE,-, ,,,,538824.786132813,3287.33690683975, 
359843,0000.00.0144,PARNA da Serra da Canastra,11.3947768370096,incendio,incendio,planet, ,268,9/27/2025 12:00:00 AM,2025,set,09,incendio,interior,11.3947768370096,0,CERRADO,GR 4 - SUDESTE,-, ,,,,130138.201171875,3375.14704769548, 
359844,0000.00.0219,REVIS das Veredas do Oeste Baiano,122.004158110722,incendio,incendio,planet, ,271,9/29/2025 12:00:00 AM,2025,set,09,incendio,interior,122.004158110722,0,CERRADO,GR 3 - CENTRO-OESTE,Núcleo de Gestão Integrada - ICMBio Mambaí, ,,,,1304288.42773438,5271.95223424913, 
359845,0000.00.0002,APA Cavernas do Peruaçu,606.182697602552,incendio,incendio,planet, ,265,9/27/2025 12:00:00 AM,2025,set,09,incendio,interior,606.182697602552,0,CERRADO,GR 4 - SUDESTE,Núcleo de Gestão Integrada - ICMBio Peruaçu, ,,,,6534993.63964844,22413.6738674272, 
359846,0000.00.0002,APA Cavernas do Peruaçu,169.36446833317,incendio,incendio,planet, ,265,9/27/2025 12:00:00 AM,2025,set,09,incendio,interior,169.36446833317,0,CERRADO,GR 4 - SUDESTE,Núcleo de Gestão Integrada - ICMBio Peruaçu, ,,,,1825590.5078125,9111.11003222188, 
359847,0000.00.0002,APA Cavernas do Peruaçu,69.5138096943631,incendio,incendio,planet, ,265,9/27/2025 12:00:00 AM,2025,set,09,incendio,interior,69.5138096943631,0,CERRADO,GR 4 - SUDESTE,Núcleo de Gestão Integrada - ICMBio Peruaçu, ,,,,749337.254394531,5145.21273380774, 
359848,0000.00.0139,PARNA da Chapada dos Veadeiros,85.5455731057819,incendio,incendio,planet, ,269,9/30/2025 12:00:00 AM,2025,set,09,incendio,interior,85.5455731057819,0,CERRADO,GR 3 - CENTRO-OESTE,-, ,,,,913180.163574219,4383.21735361302, 
359849,0000.00.0094,FLONA de Ipanema,249.682610804144,incendio,incendio,planet, ,264,9/26/2025 12:00:00 AM,2025,set,09,incendio,interior,249.682610804144,0,MATA ATLÂNTICA,GR 4 - SUDESTE,Núcleo de Gestão Integrada - ICMBio Iperó, ,,,,2980038.27148438,17339.5130140333, 
359850,0000.00.0139,PARNA da Chapada dos Veadeiros,11.0849921855451,incendio,incendio,planet, ,254,9/30/2025 12:00:00 AM,2025,set,09,incendio,interior,11.0849921855451,0,CERRADO,GR 3 - CENTRO-OESTE,-, ,,,,118284.485839844,2325.76809359146, 
359851,0000.00.0094,FLONA de Ipanema,16.0065156346368,incendio,incendio,planet, ,263,9/27/2025 12:00:00 AM,2025,set,09,incendio,interior,16.0065156346368,0,MATA ATLÂNTICA,GR 4 - SUDESTE,Núcleo de Gestão Integrada - ICMBio Iperó, ,,,,190966.693359375,3969.37143327748, 
359852,0000.00.0094,FLONA de Ipanema,28.850735878214,incendio,incendio,planet, ,264,9/27/2025 12:00:00 AM,2025,set,09,incendio,interior,28.850735878214,0,MATA ATLÂNTICA,GR 4 - SUDESTE,Núcleo de Gestão Integrada - ICMBio Iperó, ,,,,344207.150390625,3834.45119753765, 
359853,0000.00.0094,FLONA de Ipanema,17.9252034457373,incendio,incendio,planet, ,264,9/27/2025 12:00:00 AM,2025,set,09,incendio,interior,17.9252034457373,0,MATA ATLÂNTICA,GR 4 - SUDESTE,Núcleo de Gestão Integrada - ICMBio Iperó, ,,,,213905.586914063,2787.55056343905, 
359854,0000.00.0094,FLONA de Ipanema,3.63031091328582,incendio,incendio,planet, ,264,9/27/2025 12:00:00 AM,2025,set,09,incendio,interior,3.63031091328582,0,MATA ATLÂNTICA,GR 4 - SUDESTE,Núcleo de Gestão Integrada - ICMBio Iperó, ,,,,43323.873046875,1259.40553270797, 
359855,0000.00.0065,ESEC de Uruçuí-Una,42.0845035966102,incendio,incendio,planet, ,269,9/28/2025 12:00:00 AM,2025,set,09,incendio,interior,42.0845035966102,0,CERRADO,GR 2 - NORDESTE,-, ,,,,434260.134765625,3619.02283823878,CT Fortaleza
359856,0000.00.0094,FLONA de Ipanema,92.134345778892,incendio,incendio,planet, ,264,9/27/2025 12:00:00 AM,2025,set,09,incendio,interior,92.134345778892,0,MATA ATLÂNTICA,GR 4 - SUDESTE,Núcleo de Gestão Integrada - ICMBio Iperó, ,,,,1099805.04980469,8388.08822350489, 
359857,0000.00.0094,FLONA de Ipanema,12.0986436863988,incendio,incendio,planet, ,264,9/27/2025 12:00:00 AM,2025,set,09,incendio,interior,12.0986436863988,0,MATA ATLÂNTICA,GR 4 - SUDESTE,Núcleo de Gestão Integrada - ICMBio Iperó, ,,,,144387.388671875,2649.19979719433, 
359858,0000.00.0183,PARNA Grande Sertão Veredas,791.953486913245,incendio,incendio,planet, ,271,9/29/2025 12:00:00 AM,2025,set,09,incendio,interior,791.953486913245,0,CERRADO,GR 4 - SUDESTE,-, ,,,,8520091.17529297,16943.2020689159, 
359859,0000.00.0065,ESEC de Uruçuí-Una,5.1541366153346,incendio,incendio,planet, ,264,9/28/2025 12:00:00 AM,2025,set,09,incendio,interior,5.1541366153346,0,CERRADO,GR 2 - NORDESTE,-, ,,,,53172.4892578125,935.983261617703,CT Fortaleza
359860,0000.00.0065,ESEC de Uruçuí-Una,51.45853461362,incendio,incendio,planet, ,244,9/28/2025 12:00:00 AM,2025,set,09,incendio,interior,51.45853461362,0,CERRADO,GR 2 - NORDESTE,-, ,,,,530682.12109375,4288.51862533385,CT Fortaleza
359861,0000.00.0065,ESEC de Uruçuí-Una,47.0955834728304,incendio,incendio,planet, ,254,9/28/2025 12:00:00 AM,2025,set,09,incendio,interior,47.0955834728304,0,CERRADO,GR 2 - NORDESTE,-, ,,,,485646.233398438,3605.54648796783,CT Fortaleza
359862,0000.00.0065,ESEC de Uruçuí-Una,536.170383144577,incendio,incendio,planet, ,271,9/28/2025 12:00:00 AM,2025,set,09,incendio,interior,536.170383144577,0,CERRADO,GR 2 - NORDESTE,-, ,,,,5527704.75585938,24165.3404416053,CT Fortaleza
359863,0000.00.0065,ESEC de Uruçuí-Una,63.4447908117983,incendio,incendio,planet, ,269,9/28/2025 12:00:00 AM,2025,set,09,incendio,interior,63.4447908117983,0,CERRADO,GR 2 - NORDESTE,-, ,,,,654092.642578125,4828.46332364032,CT Fortaleza
359864,0000.00.0144,PARNA da Serra da Canastra,80.9219624155981,incendio,incendio,planet, ,259,9/27/2025 12:00:00 AM,2025,set,09,incendio,interior,80.9219624155981,0,CERRADO,GR 4 - SUDESTE,-, ,,,,927748.561523438,5767.92472592951, 
359865,0000.00.0183,PARNA Grande Sertão Veredas,32.586913765675,incendio,incendio,planet, ,274,10/2/2025 12:00:00 AM,2025,out,10,incendio,interior,32.586913765675,0,CERRADO,GR 4 - SUDESTE,-, ,,,,350548.529785156,2642.78515380485, 
359866,0000.00.0144,PARNA da Serra da Canastra,614.784563591188,queima controlada,manejo,planet,Queima do dia 27/09,270,9/27/2025 12:00:00 AM,2025,set,09,manejo,interior,614.784563591188,0,CERRADO,GR 4 - SUDESTE,-, ,,,,7034543.78515625,21485.8266335501, 
359867,0000.00.0144,PARNA da Serra da Canastra,215.420499134633,queima controlada,manejo,planet,Queima do dia 26/09,269,9/27/2025 12:00:00 AM,2025,set,09,manejo,interior,215.420499134633,0,CERRADO,GR 4 - SUDESTE,-, ,,,,2466676.1015625,11738.5867971897, 
359868,0000.00.0065,ESEC de Uruçuí-Una,153.760633317992,incendio,incendio,planet, ,272,9/30/2025 12:00:00 AM,2025,set,09,incendio,interior,153.760633317992,0,CERRADO,GR 2 - NORDESTE,-, ,,,,1585217.96142578,7484.66288482465,CT Fortaleza
359869,0000.00.0144,PARNA da Serra da Canastra,263.252348487161,queima controlada,manejo,planet,Queima do dia 27/09,270,9/27/2025 12:00:00 AM,2025,set,09,manejo,interior,263.252348487161,0,CERRADO,GR 4 - SUDESTE,-, ,,,,3008266.77636719,16109.5632885184, 
359870,0000.00.0183,PARNA Grande Sertão Veredas,100.582250821134,incendio,incendio,planet, ,274,10/2/2025 12:00:00 AM,2025,out,10,incendio,interior,100.582250821134,0,CERRADO,GR 4 - SUDESTE,-, ,,,,1082352.10742188,5329.12340142542, 
359871,0000.00.0183,PARNA Grande Sertão Veredas,218.665091646791,incendio,incendio,planet, ,272,9/30/2025 12:00:00 AM,2025,set,09,incendio,interior,218.665091646791,0,CERRADO,GR 4 - SUDESTE,-, ,,,,2352488.19824219,12974.481234802, 
359872,0000.00.0155,PARNA das Emas,268.332195884089,incendio,incendio,planet, ,270,9/28/2025 12:00:00 AM,2025,set,09,incendio,interior,268.332195884089,0,CERRADO,GR 3 - CENTRO-OESTE,-, ,,,,2986203.07128906,9681.98449663453, 
359873,0000.00.0219,REVIS das Veredas do Oeste Baiano,54.8837916132924,incendio,incendio,planet, ,273,10/1/2025 12:00:00 AM,2025,out,10,incendio,interior,54.8837916132924,0,CERRADO,GR 3 - CENTRO-OESTE,Núcleo de Gestão Integrada - ICMBio Mambaí, ,,,,586694.153320313,4444.77008151713, 
359874,0000.00.0065,ESEC de Uruçuí-Una,1245.53266507584,incendio,incendio,planet, ,272,9/30/2025 12:00:00 AM,2025,set,09,incendio,interior,1245.53266507584,0,CERRADO,GR 2 - NORDESTE,-, ,,,,12840668.8300781,40153.1040597264,CT Fortaleza
359875,0000.00.0065,ESEC de Uruçuí-Una,2.4754538237036,incendio,incendio,planet, ,254,9/30/2025 12:00:00 AM,2025,set,09,incendio,interior,2.4754538237036,0,CERRADO,GR 2 - NORDESTE,-, ,,,,25503.6459960938,687.30006812184,CT Fortaleza
359876,0000.00.0183,PARNA Grande Sertão Veredas,3830.80439649382,incendio,incendio,planet, ,273,10/1/2025 12:00:00 AM,2025,out,10,incendio,interior,3830.80439649382,0,CERRADO,GR 4 - SUDESTE,-, ,,,,41215981.1860352,42644.2308402903, 
359877,0000.00.0065,ESEC de Uruçuí-Una,165.094664684593,incendio,incendio,planet, ,254,9/30/2025 12:00:00 AM,2025,set,09,incendio,interior,165.094664684593,0,CERRADO,GR 2 - NORDESTE,-, ,,,,1700837.01123047,8518.20571199335,CT Fortaleza
359878,0000.00.0023,APA do Planalto Central,71.9382704272504,incendio,incendio,planet, ,272,9/30/2025 12:00:00 AM,2025,set,09,incendio,interior,71.9382704272504,0,CERRADO,GR 3 - CENTRO-OESTE,-, ,,,,781172.583007813,6040.13231587292, 
359879,0000.00.0159,PARNA de Brasília,59.6980112179144,incendio,incendio,planet, ,272,9/30/2025 12:00:00 AM,2025,set,09,incendio,interior,59.6980112179144,0,CERRADO,GR 3 - CENTRO-OESTE,Núcleo de Gestão Integrada - ICMBio Brasília-Contagem, ,,,,648225.1484375,6218.69739225548, 
359880,0000.00.0192,REBIO da Contagem,86.5058626042848,incendio,incendio,planet, ,272,9/30/2025 12:00:00 AM,2025,set,09,incendio,interior,86.5058626042848,0,CERRADO,GR 3 - CENTRO-OESTE,Núcleo de Gestão Integrada - ICMBio Brasília-Contagem, ,,,,938113.7265625,5921.43306511063, 
359881,0000.00.0023,APA do Planalto Central,25.4091901672847,incendio,incendio,planet, ,272,9/30/2025 12:00:00 AM,2025,set,09,incendio,interior,25.4091901672847,0,CERRADO,GR 3 - CENTRO-OESTE,-, ,,,,275541.33203125,6723.88244005074, 
359882,0000.00.0219,REVIS das Veredas do Oeste Baiano,6354.29587918161,incendio,incendio,planet, ,273,10/1/2025 12:00:00 AM,2025,out,10,incendio,interior,6354.29587918161,0,CERRADO,GR 3 - CENTRO-OESTE,Núcleo de Gestão Integrada - ICMBio Mambaí, ,,,,67912868.9091797,70610.4896119703, 
359883,0000.00.0065,ESEC de Uruçuí-Una,136.212637769711,incendio,incendio,planet, ,274,10/1/2025 12:00:00 AM,2025,out,10,incendio,interior,136.212637769711,0,CERRADO,GR 2 - NORDESTE,-, ,,,,1404470.30175781,9162.73656671144,CT Fortaleza
359884,0000.00.0183,PARNA Grande Sertão Veredas,20.3351717681965,incendio,incendio,planet, ,275,10/3/2025 12:00:00 AM,2025,out,10,incendio,interior,20.3351717681965,0,CERRADO,GR 4 - SUDESTE,-, ,,,,218870.688476563,2353.70618044727, 
359885,0000.00.0183,PARNA Grande Sertão Veredas,246.907615811167,incendio,incendio,planet, ,274,10/2/2025 12:00:00 AM,2025,out,10,incendio,interior,246.907615811167,0,CERRADO,GR 4 - SUDESTE,-, ,,,,2657376.40576172,12421.2387135185, 
359886,0000.00.0183,PARNA Grande Sertão Veredas,1273.75977213438,incendio,incendio,planet, ,277,10/5/2025 12:00:00 AM,2025,out,10,incendio,interior,1273.75977213438,0,CERRADO,GR 4 - SUDESTE,-, ,,,,13748059.5478516,41911.9770595589, 
359887,0000.00.0168,PARNA do Araguaia,71.741935131619,incendio,incendio,planet, ,236,8/25/2025 12:00:00 AM,2025,ago,08,incendio,interior,71.741935131619,0,CERRADO,GR 3 - CENTRO-OESTE,-, ,,,,746414.670410156,5072.87194655415, 
359888,0000.00.0168,PARNA do Araguaia,1164.96562368984,incendio,incendio,planet, ,262,9/29/2025 12:00:00 AM,2025,set,09,incendio,interior,1164.96562368984,0,CERRADO,GR 3 - CENTRO-OESTE,-, ,,,,12109985.777832,24483.8910710677, 
359889,0000.00.0183,PARNA Grande Sertão Veredas,122.961647368106,incendio,incendio,planet, ,274,10/2/2025 12:00:00 AM,2025,out,10,incendio,interior,122.961647368106,0,CERRADO,GR 4 - SUDESTE,-, ,,,,1323087.53027344,11311.9709519963, 
359890,0000.00.0219,REVIS das Veredas do Oeste Baiano,63.3769733265748,incendio,incendio,planet, ,274,10/2/2025 12:00:00 AM,2025,out,10,incendio,interior,63.3769733265748,0,CERRADO,GR 3 - CENTRO-OESTE,Núcleo de Gestão Integrada - ICMBio Mambaí, ,,,,677563.353027344,4365.65142123608, 
359891,0000.00.0183,PARNA Grande Sertão Veredas,478.553920073581,incendio,incendio,planet, ,274,10/2/2025 12:00:00 AM,2025,out,10,incendio,interior,478.553920073581,0,CERRADO,GR 4 - SUDESTE,-, ,,,,5147306.01269531,17838.5331364066, 
359892,0000.00.0168,PARNA do Araguaia,35548.3088417568,incendio,incendio,planet, ,274,10/5/2025 12:00:00 AM,2025,out,10,incendio,interior,35548.3088417568,0,CERRADO,GR 3 - CENTRO-OESTE,-, ,,,,369401294.586426,235822.363594626, 
359893,0000.00.0168,PARNA do Araguaia,463.037034566501,incendio,incendio,planet, ,272,9/29/2025 12:00:00 AM,2025,set,09,incendio,interior,463.037034566501,0,CERRADO,GR 3 - CENTRO-OESTE,-, ,,,,4806042.88378906,12181.8449477011, 
359894,0000.00.0168,PARNA do Araguaia,7.18320263015792,incendio,incendio,planet, ,201,7/21/2025 12:00:00 AM,2025,jul,07,incendio,interior,7.18320263015792,0,CERRADO,GR 3 - CENTRO-OESTE,-, ,,,,74750.8984375,1579.66404997417, 
359895,0000.00.0168,PARNA do Araguaia,3631.17206380415,incendio,incendio,planet, ,270,9/29/2025 12:00:00 AM,2025,set,09,incendio,interior,3631.17206380415,0,CERRADO,GR 3 - CENTRO-OESTE,-, ,,,,37727139.6870117,63276.403333235, 
359896,0000.00.0168,PARNA do Araguaia,2409.24188971298,incendio,incendio,planet, ,273,9/29/2025 12:00:00 AM,2025,set,09,incendio,interior,2409.24188971298,0,CERRADO,GR 3 - CENTRO-OESTE,-, ,,,,25003894.3203125,39787.4470938911, 
359897,0000.00.0145,PARNA da Serra da Capivara,35.4496421648644,incendio,incendio,planet, ,276,10/7/2025 12:00:00 AM,2025,out,10,incendio,interior,35.4496421648644,0,CAATINGA,GR 2 - NORDESTE,-, ,,,,365116.113769531,2667.80310271105,CT Fortaleza
359898,0000.00.0168,PARNA do Araguaia,2202.89441590658,incendio,incendio,planet, ,273,9/29/2025 12:00:00 AM,2025,set,09,incendio,interior,2202.89441590658,0,CERRADO,GR 3 - CENTRO-OESTE,-, ,,,,22869995.2587891,31817.5078692188, 
359899,0000.00.0168,PARNA do Araguaia,1984.52222926767,incendio,incendio,planet, ,247,9/29/2025 12:00:00 AM,2025,set,09,incendio,interior,1984.52222926767,0,CERRADO,GR 3 - CENTRO-OESTE,-, ,,,,20649660.6328125,26431.2375734949, 
359900,0000.00.0183,PARNA Grande Sertão Veredas,51.1786033065401,incendio,incendio,planet, ,275,10/3/2025 12:00:00 AM,2025,out,10,incendio,interior,51.1786033065401,0,CERRADO,GR 4 - SUDESTE,-, ,,,,550820.707519531,4595.57067484799, 
359901,0000.00.0184,PARNA de Itatiaia,6.80544953552816,incendio,incendio,planet, ,253,10/1/2025 12:00:00 AM,2025,out,10,incendio,interior,6.80544953552816,0,MATA ATLÂNTICA,GR 4 - SUDESTE,-, ,,,,79904.9150390625,1435.20961272276, 
359902,0000.00.0219,REVIS das Veredas do Oeste Baiano,131.886076457019,incendio,incendio,planet, ,274,10/2/2025 12:00:00 AM,2025,out,10,incendio,interior,131.886076457019,0,CERRADO,GR 3 - CENTRO-OESTE,Núcleo de Gestão Integrada - ICMBio Mambaí, ,,,,1409675.47705078,8803.74281394178, 
359903,0000.00.0219,REVIS das Veredas do Oeste Baiano,614.966471097658,incendio,incendio,planet, ,274,10/2/2025 12:00:00 AM,2025,out,10,incendio,interior,614.966471097658,0,CERRADO,GR 3 - CENTRO-OESTE,Núcleo de Gestão Integrada - ICMBio Mambaí, ,,,,6571135.80078125,15214.9874379924, 
359904,0000.00.0184,PARNA de Itatiaia,2.03319970481425,incendio,incendio,planet, ,253,10/1/2025 12:00:00 AM,2025,out,10,incendio,interior,2.03319970481425,0,MATA ATLÂNTICA,GR 4 - SUDESTE,-, ,,,,23872.1533203125,805.021961467745, 
359905,0000.00.0219,REVIS das Veredas do Oeste Baiano,37.9486565736606,incendio,incendio,planet, ,274,10/2/2025 12:00:00 AM,2025,out,10,incendio,interior,37.9486565736606,0,CERRADO,GR 3 - CENTRO-OESTE,Núcleo de Gestão Integrada - ICMBio Mambaí, ,,,,405471.942871094,4367.19527827184, 
359906,0000.00.0219,REVIS das Veredas do Oeste Baiano,452.027765163469,incendio,incendio,planet, ,274,10/2/2025 12:00:00 AM,2025,out,10,incendio,interior,452.027765163469,0,CERRADO,GR 3 - CENTRO-OESTE,Núcleo de Gestão Integrada - ICMBio Mambaí, ,,,,4829102.35302734,14924.0415424365, 
359907,0000.00.0011,APA da Serra da Mantiqueira,259.938471591039,incendio,incendio,planet, ,274,10/1/2025 12:00:00 AM,2025,out,10,incendio,interior,259.938471591039,0,MATA ATLÂNTICA,GR 4 - SUDESTE,Núcleo de Gestão Integrada - ICMBio Mantiqueira, ,,,,3043385.890625,20950.7767720017, 
359908,0000.00.0219,REVIS das Veredas do Oeste Baiano,23.1148262060994,incendio,incendio,planet, ,274,10/2/2025 12:00:00 AM,2025,out,10,incendio,interior,23.1148262060994,0,CERRADO,GR 3 - CENTRO-OESTE,Núcleo de Gestão Integrada - ICMBio Mambaí, ,,,,246914.581542969,2316.15389933166, 
359909,0000.00.0219,REVIS das Veredas do Oeste Baiano,76.0295867739569,incendio,incendio,planet, ,274,10/2/2025 12:00:00 AM,2025,out,10,incendio,interior,76.0295867739569,0,CERRADO,GR 3 - CENTRO-OESTE,Núcleo de Gestão Integrada - ICMBio Mambaí, ,,,,812823.395996094,6606.5594815853, 
359910,0000.00.0076,ESEC Serra Geral do Tocantins,2729.3695637437,incendio,incendio,planet, ,255,9/16/2025 12:00:00 AM,2025,set,09,incendio,interior,2729.3695637437,0,CERRADO,GR 3 - CENTRO-OESTE,-, ,,,,28437506.3286133,52143.5966869174, 
359911,0000.00.0219,REVIS das Veredas do Oeste Baiano,236.5997881574,incendio,incendio,planet, ,274,10/2/2025 12:00:00 AM,2025,out,10,incendio,interior,236.5997881574,0,CERRADO,GR 3 - CENTRO-OESTE,Núcleo de Gestão Integrada - ICMBio Mambaí, ,,,,2529219.36230469,10610.060571414, 
359912,0000.00.0219,REVIS das Veredas do Oeste Baiano,350.704546777933,incendio,incendio,planet, ,274,10/2/2025 12:00:00 AM,2025,out,10,incendio,interior,350.704546777933,0,CERRADO,GR 3 - CENTRO-OESTE,Núcleo de Gestão Integrada - ICMBio Mambaí, ,,,,3757226.68798828,10054.7177333514, 
359913,0000.00.0028,APA das Nascentes do Rio Vermelho,5987.28461388964,incendio,incendio,planet, ,274,10/2/2025 12:00:00 AM,2025,out,10,incendio,interior,5987.28461388964,0,CERRADO,GR 3 - CENTRO-OESTE,Núcleo de Gestão Integrada - ICMBio Mambaí, ,,,,64158849.7397461,65256.2330972655, 
359914,0000.00.0168,PARNA do Araguaia,48.1011951728765,gestao de ignicao antropica,manejo,planet, ,136,5/18/2025 12:00:00 AM,2025,mai,05,manejo,interior,48.1011951728765,0,CERRADO,GR 3 - CENTRO-OESTE,-, ,,,,499594.835449219,5675.52428828618, 
359915,0000.00.0168,PARNA do Araguaia,2977.54541147369,incendio,incendio,planet, ,274,10/5/2025 12:00:00 AM,2025,out,10,incendio,interior,2977.54541147369,0,CERRADO,GR 3 - CENTRO-OESTE,-, ,,,,30919723.8916016,62278.7742262981, 
359916,0000.00.0168,PARNA do Araguaia,31.853545038398,incendio,incendio,planet, ,265,7/23/2025 12:00:00 AM,2025,jul,07,incendio,interior,31.853545038398,0,CERRADO,GR 3 - CENTRO-OESTE,-, ,,,,331476.829589844,3002.7944327353, 
359917,0000.00.0023,APA do Planalto Central,3250.03264674218,incendio,incendio,planet, ,270,10/6/2025 12:00:00 AM,2025,out,10,incendio,interior,3250.03264674218,0,CERRADO,GR 3 - CENTRO-OESTE,-, ,,,,35216623.3886719,70383.4029977626, 
359918,0000.00.0023,APA do Planalto Central,27.5133188510076,incendio,incendio,planet, ,272,10/6/2025 12:00:00 AM,2025,out,10,incendio,interior,27.5133188510076,0,CERRADO,GR 3 - CENTRO-OESTE,-, ,,,,298007.568359375,2545.68445024206, 
359919,0000.00.0023,APA do Planalto Central,876.491691087125,incendio,incendio,planet, ,268,10/6/2025 12:00:00 AM,2025,out,10,incendio,interior,876.491691087125,0,CERRADO,GR 3 - CENTRO-OESTE,-, ,,,,9491133.07617188,20893.2008222086, 
359920,0000.00.0023,APA do Planalto Central,110.969931423026,incendio,incendio,planet, ,268,10/6/2025 12:00:00 AM,2025,out,10,incendio,interior,110.969931423026,0,CERRADO,GR 3 - CENTRO-OESTE,-, ,,,,1200151.04882813,8603.98973116878, 
359921,0000.00.0023,APA do Planalto Central,1577.0529606075,incendio,incendio,planet, ,271,10/6/2025 12:00:00 AM,2025,out,10,incendio,interior,1577.0529606075,0,CERRADO,GR 3 - CENTRO-OESTE,-, ,,,,17054322.1748047,59966.7129501455, 
359922,0000.00.0023,APA do Planalto Central,292.114922045461,incendio,incendio,planet, ,273,10/6/2025 12:00:00 AM,2025,out,10,incendio,interior,292.114922045461,0,CERRADO,GR 3 - CENTRO-OESTE,-, ,,,,3159328.02832031,13575.1960390991, 
359923,0000.00.0023,APA do Planalto Central,55.6180312542363,incendio,incendio,planet, ,273,10/6/2025 12:00:00 AM,2025,out,10,incendio,interior,55.6180312542363,0,CERRADO,GR 3 - CENTRO-OESTE,-, ,,,,601109.14453125,5903.93217629506, 
359924,0000.00.0023,APA do Planalto Central,1434.19938909073,incendio,incendio,planet, ,273,10/6/2025 12:00:00 AM,2025,out,10,incendio,interior,1434.19938909073,0,CERRADO,GR 3 - CENTRO-OESTE,-, ,,,,15502115.5869141,45364.3863156741, 
359925,0000.00.0025,APA das Ilhas e Várzeas do Rio Paraná,61.2633233508079,incendio,incendio,planet, ,278,10/5/2025 12:00:00 AM,2025,out,10,incendio,interior,61.2633233508079,0,MATA ATLÂNTICA,GR 5 - SUL,Núcleo de Gestão Integrada - ICMBio Rio Paraná, ,,,,736572.426757813,4552.91224075488, 
359926,0000.00.0066,ESEC do Castanhão,14.2818384461793,incendio,incendio,planet, ,263,10/6/2025 12:00:00 AM,2025,out,10,incendio,interior,14.2818384461793,0,CAATINGA,GR 2 - NORDESTE,Núcleo de Gestão Integrada - ICMBio Mossoró, ,,,,145134.332763672,1713.07571081676,CT Fortaleza
359927,0000.00.0183,PARNA Grande Sertão Veredas,80.701972694374,incendio,incendio,planet, ,280,10/8/2025 12:00:00 AM,2025,out,10,incendio,interior,80.701972694374,0,CERRADO,GR 4 - SUDESTE,-, ,,,,871403.287597656,4963.70710138994, 
359928,0000.00.0183,PARNA Grande Sertão Veredas,911.185870142057,incendio,incendio,planet, ,279,10/8/2025 12:00:00 AM,2025,out,10,incendio,interior,911.185870142057,0,CERRADO,GR 4 - SUDESTE,-, ,,,,9838143.33056641,31203.8170605722, 
359929,0000.00.0219,REVIS das Veredas do Oeste Baiano,271.726919216926,incendio,incendio,planet, ,275,10/5/2025 12:00:00 AM,2025,out,10,incendio,interior,271.726919216926,0,CERRADO,GR 3 - CENTRO-OESTE,Núcleo de Gestão Integrada - ICMBio Mambaí, ,,,,2902420.95361328,9762.35402632404, 
359930,0000.00.0219,REVIS das Veredas do Oeste Baiano,1311.74553310476,incendio,incendio,planet, ,275,10/5/2025 12:00:00 AM,2025,out,10,incendio,interior,1311.74553310476,0,CERRADO,GR 3 - CENTRO-OESTE,Núcleo de Gestão Integrada - ICMBio Mambaí, ,,,,14016332.1933594,35256.5198436287, 
359931,0000.00.0219,REVIS das Veredas do Oeste Baiano,408.760736049136,incendio,incendio,planet, ,275,10/5/2025 12:00:00 AM,2025,out,10,incendio,interior,408.760736049136,0,CERRADO,GR 3 - CENTRO-OESTE,Núcleo de Gestão Integrada - ICMBio Mambaí, ,,,,4378612.26123047,11616.0880757894, 
359932,0000.00.0219,REVIS das Veredas do Oeste Baiano,208.087037249506,incendio,incendio,planet, ,277,10/5/2025 12:00:00 AM,2025,out,10,incendio,interior,208.087037249506,0,CERRADO,GR 3 - CENTRO-OESTE,Núcleo de Gestão Integrada - ICMBio Mambaí, ,,,,2228682.37744141,7122.21877748653, 
359933,0000.00.0183,PARNA Grande Sertão Veredas,2022.69417043469,incendio,incendio,planet, ,278,10/6/2025 12:00:00 AM,2025,out,10,incendio,interior,2022.69417043469,0,CERRADO,GR 4 - SUDESTE,-, ,,,,21836033.8369141,57991.7469459767, 
359934,0000.00.0027,APA Morro da Pedreira,25.4562050056009,incendio,incendio,planet, ,279,10/7/2025 12:00:00 AM,2025,out,10,incendio,interior,25.4562050056009,0,CERRADO,GR 4 - SUDESTE,Núcleo de Gestão Integrada - ICMBio Cipó-Pedreira, ,,,,286630.62890625,3194.71235136317, 
359935,0000.00.0168,PARNA do Araguaia,39.2036217480165,incendio,incendio,planet, ,277,10/6/2025 12:00:00 AM,2025,out,10,incendio,interior,39.2036217480165,0,CERRADO,GR 3 - CENTRO-OESTE,-, ,,,,407963.753417969,3374.2041634047, 
359936,0000.00.0168,PARNA do Araguaia,1466.95881365239,incendio,incendio,planet, ,277,10/6/2025 12:00:00 AM,2025,out,10,incendio,interior,1466.95881365239,0,CERRADO,GR 3 - CENTRO-OESTE,-, ,,,,15262023.1342773,34207.9807928701, 
359937,0000.00.0219,REVIS das Veredas do Oeste Baiano,127.570717834204,incendio,incendio,planet, ,278,10/6/2025 12:00:00 AM,2025,out,10,incendio,interior,127.570717834204,0,CERRADO,GR 3 - CENTRO-OESTE,Núcleo de Gestão Integrada - ICMBio Mambaí, ,,,,1366324.07324219,10106.1560414326, 
359938,0000.00.0065,ESEC de Uruçuí-Una,51.850413034005,incendio,incendio,planet, ,276,10/6/2025 12:00:00 AM,2025,out,10,incendio,interior,51.850413034005,0,CERRADO,GR 2 - NORDESTE,-, ,,,,535017.501953125,3488.73883603882,CT Fortaleza
359939,0000.00.0065,ESEC de Uruçuí-Una,13.3245782501234,incendio,incendio,planet, ,276,10/6/2025 12:00:00 AM,2025,out,10,incendio,interior,13.3245782501234,0,CERRADO,GR 2 - NORDESTE,-, ,,,,137496.174316406,1956.70072967301,CT Fortaleza
359940,0000.00.0065,ESEC de Uruçuí-Una,323.767246150802,incendio,incendio,planet, ,277,10/6/2025 12:00:00 AM,2025,out,10,incendio,interior,323.767246150802,0,CERRADO,GR 2 - NORDESTE,-, ,,,,3338349.15039063,15178.963064752,CT Fortaleza
359941,0000.00.0065,ESEC de Uruçuí-Una,101.011900113153,incendio,incendio,planet, ,277,10/6/2025 12:00:00 AM,2025,out,10,incendio,interior,101.011900113153,0,CERRADO,GR 2 - NORDESTE,-, ,,,,1041466.91796875,5654.06516504808,CT Fortaleza
359942,0000.00.0092,FLONA de Humaitá,119.12836621384,incendio,incendio,planet, ,242,10/6/2025 12:00:00 AM,2025,out,10,incendio,interior,119.12836621384,0,AMAZÔNIA,GR 1 - NORTE,Núcleo de Gestão Integrada - ICMBio Porto Velho,CR Porto V,,,,1225265.45556641,7107.61137192693,CT Porto Velho
359943,0000.00.0106,FLONA de Roraima,20.9163365030071,incendio,incendio,planet, ,266,10/4/2025 12:00:00 AM,2025,out,10,incendio,interior,20.9163365030071,0,AMAZÔNIA,GR 1 - NORTE,Núcleo de Gestão Integrada - ICMBio Roraima,CR Manaus,,,,210994.885620117,2530.49917996541,CT Manaus
359944,0000.00.0137,PARNA da Chapada Diamantina,16.2656164954765,incendio,incendio,planet, ,250,10/1/2025 12:00:00 AM,2025,out,10,incendio,interior,16.2656164954765,0,CAATINGA,GR 2 - NORDESTE,-, ,,,,172377.452148438,1876.62514505319,CT Salvador
359945,0000.00.3410,PARNA do Acari,19.3369791898891,incendio,incendio,planet, ,244,9/12/2025 12:00:00 AM,2025,set,09,incendio,interior,19.3369791898891,0,AMAZÔNIA,GR 1 - NORTE,Núcleo de Gestão Integrada - ICMBio Humaitá,CR Porto V,,,,197337.951171875,2157.13297085493,CT Porto Velho
359946,0000.00.0284,PARNA dos Campos Amazônicos,304.092361289855,gestao de ignicao natural,manejo,planet,Fogo de raio do dia 21/09,264,10/6/2025 12:00:00 AM,2025,out,10,manejo,interior,304.092361289855,0,AMAZÔNIA,GR 1 - NORTE,Núcleo de Gestão Integrada - ICMBio Humaitá,CR Porto V,,,,3127733.56005859,12519.7288673924,CT Porto Velho
359947,0000.00.0168,PARNA do Araguaia,14.8490272398829,incendio,incendio,planet, ,279,10/7/2025 12:00:00 AM,2025,out,10,incendio,interior,14.8490272398829,0,CERRADO,GR 3 - CENTRO-OESTE,-, ,,,,155119.725097656,1810.21121800849, 
359948,0000.00.0024,APA Meandros do Rio Araguaia,17.7107402954408,incendio,incendio,planet, ,275,10/10/2025 12:00:00 AM,2025,out,10,incendio,interior,17.7107402954408,0,CERRADO,GR 3 - CENTRO-OESTE,Núcleo de Gestão Integrada - ICMBio Meandros do Rio Araguaia, ,,,,187925.6953125,2336.14903653351, 
359949,0000.00.0144,PARNA da Serra da Canastra,133.990149286338,incendio,incendio,planet, ,276,10/6/2025 12:00:00 AM,2025,out,10,incendio,interior,133.990149286338,0,CERRADO,GR 4 - SUDESTE,-, ,,,,1531427.34765625,8750.74790327009, 
359950,0000.00.3136,PARNA da Serra do Gandarela,96.1865131162981,incendio,incendio,planet, ,277,10/7/2025 12:00:00 AM,2025,out,10,incendio,interior,96.1865131162981,0,MATA ATLÂNTICA,GR 4 - SUDESTE,-, ,,,,1095841.546875,6361.85874384239, 
359951,0000.00.0024,APA Meandros do Rio Araguaia,0.76238121044776,incendio,incendio,planet, ,275,10/10/2025 12:00:00 AM,2025,out,10,incendio,interior,0.76238121044776,0,CERRADO,GR 3 - CENTRO-OESTE,Núcleo de Gestão Integrada - ICMBio Meandros do Rio Araguaia, ,,,,8091.45947265625,411.667651806153, 
359952,0000.00.0024,APA Meandros do Rio Araguaia,24.8848698807924,incendio,incendio,planet, ,280,10/10/2025 12:00:00 AM,2025,out,10,incendio,interior,24.8848698807924,0,CERRADO,GR 3 - CENTRO-OESTE,Núcleo de Gestão Integrada - ICMBio Meandros do Rio Araguaia, ,,,,264006.745605469,3083.01421309472, 
359953,0000.00.0027,APA Morro da Pedreira,364.254822810345,incendio,incendio,planet, ,275,10/7/2025 12:00:00 AM,2025,out,10,incendio,interior,364.254822810345,0,CERRADO,GR 4 - SUDESTE,Núcleo de Gestão Integrada - ICMBio Cipó-Pedreira, ,,,,4102464.24316406,10783.2051159493, 
359954,0000.00.0027,APA Morro da Pedreira,107.983203138664,incendio,incendio,planet, ,279,10/7/2025 12:00:00 AM,2025,out,10,incendio,interior,107.983203138664,0,CERRADO,GR 4 - SUDESTE,Núcleo de Gestão Integrada - ICMBio Cipó-Pedreira, ,,,,1215857.20507813,7950.71409343989, 
359955,0000.00.0165,PARNA de São Joaquim,4.56092824488226,queima controlada,manejo,planet,Queima entre os dias 12/08 e 13/08,224,8/31/2025 12:00:00 AM,2025,ago,08,manejo,interior,4.56092824488226,0,MATA ATLÂNTICA,GR 5 - SUL,-, ,,,,58944.78515625,1515.97341177792, 
359956,0000.00.0076,ESEC Serra Geral do Tocantins,2907.32067192545,incendio,incendio,planet, ,246,10/1/2025 12:00:00 AM,2025,out,10,incendio,interior,2907.32067192545,0,CERRADO,GR 3 - CENTRO-OESTE,-, ,,,,30355522.6450195,50659.889728212, 
359957,0000.00.0076,ESEC Serra Geral do Tocantins,9225.25908613295,incendio,incendio,planet, ,273,10/1/2025 12:00:00 AM,2025,out,10,incendio,interior,9225.25908613295,0,CERRADO,GR 3 - CENTRO-OESTE,-, ,,,,96296510.3276367,136053.628080676, 
359958,0000.00.0024,APA Meandros do Rio Araguaia,5424.43429340723,incendio,incendio,planet, ,274,10/6/2025 12:00:00 AM,2025,out,10,incendio,interior,5424.43429340723,0,CERRADO,GR 3 - CENTRO-OESTE,Núcleo de Gestão Integrada - ICMBio Meandros do Rio Araguaia, ,,,,57243781.2915039,76626.9643276387, 
359959,0000.00.0024,APA Meandros do Rio Araguaia,486.280313006372,incendio,incendio,planet, ,274,10/6/2025 12:00:00 AM,2025,out,10,incendio,interior,486.280313006372,0,CERRADO,GR 3 - CENTRO-OESTE,Núcleo de Gestão Integrada - ICMBio Meandros do Rio Araguaia, ,,,,5146811.04248047,12665.5682715498, 
359960,0000.00.0024,APA Meandros do Rio Araguaia,1198.12283972985,incendio,incendio,planet, ,274,10/6/2025 12:00:00 AM,2025,out,10,incendio,interior,1198.12283972985,0,CERRADO,GR 3 - CENTRO-OESTE,Núcleo de Gestão Integrada - ICMBio Meandros do Rio Araguaia, ,,,,12676311.9277344,71701.6524025455, 
359961,0000.00.0183,PARNA Grande Sertão Veredas,51.0220974383814,incendio,incendio,planet, ,279,10/8/2025 12:00:00 AM,2025,out,10,incendio,interior,51.0220974383814,0,CERRADO,GR 4 - SUDESTE,-, ,,,,550685.344238281,4254.40019765683, 
359962,0000.00.0065,ESEC de Uruçuí-Una,22.1964131900342,incendio,incendio,planet, ,288,10/16/2025 12:00:00 AM,2025,out,10,incendio,interior,22.1964131900342,0,CERRADO,GR 2 - NORDESTE,-, ,,,,228916.291503906,3765.04618317773,CT Fortaleza
359963,0000.00.0183,PARNA Grande Sertão Veredas,41.199889059471,incendio,incendio,planet, ,280,10/8/2025 12:00:00 AM,2025,out,10,incendio,interior,41.199889059471,0,CERRADO,GR 4 - SUDESTE,-, ,,,,444748.668457031,6056.12766205288, 
359964,0000.00.0144,PARNA da Serra da Canastra,24.0211644263387,incendio,incendio,planet, ,270,9/27/2025 12:00:00 AM,2025,set,09,incendio,interior,24.0211644263387,0,CERRADO,GR 4 - SUDESTE,-, ,,,,274704.2421875,3396.25786472398, 
359965,0000.00.0144,PARNA da Serra da Canastra,96.3182522752825,incendio,incendio,planet, ,273,9/27/2025 12:00:00 AM,2025,set,09,incendio,interior,96.3182522752825,0,CERRADO,GR 4 - SUDESTE,-, ,,,,1104289.80664063,10924.3643967023, 
359966,0000.00.0165,PARNA de São Joaquim,5.99772392285464,queima controlada,manejo,planet,Queima entre os dias 12/08 e 13/08,224,8/31/2025 12:00:00 AM,2025,ago,08,manejo,interior,5.99772392285464,0,MATA ATLÂNTICA,GR 5 - SUL,-, ,,,,77551.966796875,1535.32084781479, 
359967,0000.00.0144,PARNA da Serra da Canastra,51.4207263954029,incendio,incendio,planet, ,256,9/27/2025 12:00:00 AM,2025,set,09,incendio,interior,51.4207263954029,0,CERRADO,GR 4 - SUDESTE,-, ,,,,587420.633789063,5278.57557384728, 
359968,0000.00.0144,PARNA da Serra da Canastra,9.00636354734884,incendio,incendio,planet, ,273,9/27/2025 12:00:00 AM,2025,set,09,incendio,interior,9.00636354734884,0,CERRADO,GR 4 - SUDESTE,-, ,,,,103253.583007813,1498.449989168, 
359969,0000.00.0144,PARNA da Serra da Canastra,213.146890861138,incendio,incendio,planet, ,273,10/8/2025 12:00:00 AM,2025,out,10,incendio,interior,213.146890861138,0,CERRADO,GR 4 - SUDESTE,-, ,,,,2444023.45605469,10891.4718623292, 
359970,0000.00.0065,ESEC de Uruçuí-Una,29.0220433588499,incendio,incendio,planet, ,289,10/27/2025 12:00:00 AM,2025,out,10,incendio,interior,29.0220433588499,0,CERRADO,GR 2 - NORDESTE,-, ,,,,299275.217285156,3245.4851661834,CT Fortaleza
359971,0000.00.0144,PARNA da Serra da Canastra,737.803361857317,incendio,incendio,planet, ,279,10/8/2025 12:00:00 AM,2025,out,10,incendio,interior,737.803361857317,0,CERRADO,GR 4 - SUDESTE,-, ,,,,8460415.60351563,20523.2665159483, 
359972,0000.00.0144,PARNA da Serra da Canastra,33.1290201187269,queima controlada,manejo,planet,Queima do dia 27/09,270,9/27/2025 12:00:00 AM,2025,set,09,manejo,interior,33.1290201187269,0,CERRADO,GR 4 - SUDESTE,-, ,,,,378832.818359375,2785.20414803618, 
359973,0000.00.0168,PARNA do Araguaia,9.9179524377845,incendio,incendio,planet, ,274,7/21/2025 12:00:00 AM,2025,jul,07,incendio,interior,9.9179524377845,0,CERRADO,GR 3 - CENTRO-OESTE,-, ,,,,103203.30078125,1504.97949247356, 
359974,0000.00.0144,PARNA da Serra da Canastra,64.5296746355452,incendio,incendio,planet, ,279,10/8/2025 12:00:00 AM,2025,out,10,incendio,interior,64.5296746355452,0,CERRADO,GR 4 - SUDESTE,-, ,,,,737976.048828125,6346.06231454147, 
359975,0000.00.0144,PARNA da Serra da Canastra,8.89083966272384,incendio,incendio,planet, ,275,10/8/2025 12:00:00 AM,2025,out,10,incendio,interior,8.89083966272384,0,CERRADO,GR 4 - SUDESTE,-, ,,,,101572.075195313,1382.22898222757, 
359976,0000.00.0144,PARNA da Serra da Canastra,21.6834399805755,queima controlada,manejo,planet,Queima do dia 27/09,270,9/27/2025 12:00:00 AM,2025,set,09,manejo,interior,21.6834399805755,0,CERRADO,GR 4 - SUDESTE,-, ,,,,247755.744140625,3269.30409033193, 
359977,0000.00.0144,PARNA da Serra da Canastra,31.6989033324448,queima controlada,manejo,planet,Queima do dia 27/09,270,9/27/2025 12:00:00 AM,2025,set,09,manejo,interior,31.6989033324448,0,CERRADO,GR 4 - SUDESTE,-, ,,,,362498.291992188,4400.74276462847, 
359978,0000.00.0144,PARNA da Serra da Canastra,127.648646833767,queima controlada,manejo,planet,Queima do dia 19/09,262,10/8/2025 12:00:00 AM,2025,out,10,manejo,interior,127.648646833767,0,CERRADO,GR 4 - SUDESTE,-, ,,,,1461053.90917969,6494.85703794415, 
359979,0000.00.0144,PARNA da Serra da Canastra,176.151322360443,queima controlada,manejo,planet,Queima do dia 25/09,268,10/8/2025 12:00:00 AM,2025,out,10,manejo,interior,176.151322360443,0,CERRADO,GR 4 - SUDESTE,-, ,,,,2010605.79882813,10623.2627049743, 
359980,0000.00.0144,PARNA da Serra da Canastra,22.1657463653156,queima controlada,manejo,planet,Queima do dia 02/08,214,10/6/2025 12:00:00 AM,2025,out,10,manejo,interior,22.1657463653156,0,CERRADO,GR 4 - SUDESTE,-, ,,,,253387.390625,4135.37717285347, 
359981,0000.00.0144,PARNA da Serra da Canastra,72.1001883225045,incendio,incendio,planet, ,260,9/18/2025 12:00:00 AM,2025,set,09,incendio,interior,72.1001883225045,0,CERRADO,GR 4 - SUDESTE,-, ,,,,825112.170898438,6493.03842031301, 
359982,0000.00.0144,PARNA da Serra da Canastra,0.853373703864904,incendio,incendio,planet, ,260,9/18/2025 12:00:00 AM,2025,set,09,incendio,interior,0.853373703864904,0,CERRADO,GR 4 - SUDESTE,-, ,,,,9765.78125,418.29935566253, 
359983,0000.00.0144,PARNA da Serra da Canastra,7.31510755488289,incendio,incendio,planet, ,271,9/27/2025 12:00:00 AM,2025,set,09,incendio,interior,7.31510755488289,0,CERRADO,GR 4 - SUDESTE,-, ,,,,83662.5859375,1245.12902481582, 
359984,0000.00.0144,PARNA da Serra da Canastra,29.8225364024625,incendio,incendio,planet, ,265,9/27/2025 12:00:00 AM,2025,set,09,incendio,interior,29.8225364024625,0,CERRADO,GR 4 - SUDESTE,-, ,,,,339860.704101563,4327.93902317288, 
359985,0000.00.0144,PARNA da Serra da Canastra,2.42697213632209,incendio,incendio,planet, ,268,9/27/2025 12:00:00 AM,2025,set,09,incendio,interior,2.42697213632209,0,CERRADO,GR 4 - SUDESTE,-, ,,,,27721.0673828125,735.970876067754, 
359986,0000.00.0144,PARNA da Serra da Canastra,7.38317056375304,incendio,incendio,planet, ,265,9/27/2025 12:00:00 AM,2025,set,09,incendio,interior,7.38317056375304,0,CERRADO,GR 4 - SUDESTE,-, ,,,,84479.982421875,1194.72336029887, 
359987,0000.00.0144,PARNA da Serra da Canastra,55.9192759328599,incendio,incendio,planet, ,271,9/27/2025 12:00:00 AM,2025,set,09,incendio,interior,55.9192759328599,0,CERRADO,GR 4 - SUDESTE,-, ,,,,639774.916992188,4929.42434640856, 
359988,0000.00.0144,PARNA da Serra da Canastra,23.1056887478163,incendio,incendio,planet, ,269,9/27/2025 12:00:00 AM,2025,set,09,incendio,interior,23.1056887478163,0,CERRADO,GR 4 - SUDESTE,-, ,,,,264544.1328125,3102.02842816689, 
359989,0000.00.0144,PARNA da Serra da Canastra,228.77703830429,incendio,incendio,planet, ,242,9/15/2025 12:00:00 AM,2025,set,09,incendio,interior,228.77703830429,0,CERRADO,GR 4 - SUDESTE,-, ,,,,2619676.67675781,9460.63418613036, 
359990,0000.00.0168,PARNA do Araguaia,54.1720937140028,incendio,incendio,planet, ,225,7/27/2025 12:00:00 AM,2025,jul,07,incendio,interior,54.1720937140028,0,CERRADO,GR 3 - CENTRO-OESTE,-, ,,,,562735.444824219,4114.40462329181, 
359991,0000.00.0144,PARNA da Serra da Canastra,63.66864389298,incendio,incendio,planet, ,277,10/8/2025 12:00:00 AM,2025,out,10,incendio,interior,63.66864389298,0,CERRADO,GR 4 - SUDESTE,-, ,,,,728848.379882813,5157.71742133566, 
359992,0000.00.0144,PARNA da Serra da Canastra,126.410078707816,incendio,incendio,planet, ,280,10/8/2025 12:00:00 AM,2025,out,10,incendio,interior,126.410078707816,0,CERRADO,GR 4 - SUDESTE,-, ,,,,1446872.35644531,6920.66645840688, 
359993,0000.00.0144,PARNA da Serra da Canastra,53.4507008708478,incendio,incendio,planet, ,273,10/8/2025 12:00:00 AM,2025,out,10,incendio,interior,53.4507008708478,0,CERRADO,GR 4 - SUDESTE,-, ,,,,613032.043945313,3693.35994453798, 
359994,0000.00.0157,PARNA das Sempre-Vivas,92.5421510865349,incendio,incendio,planet, ,285,10/17/2025 12:00:00 AM,2025,out,10,incendio,interior,92.5421510865349,0,CERRADO,GR 4 - SUDESTE,-, ,,,,1028311.41796875,5246.57667586298, 
359995,0000.00.0144,PARNA da Serra da Canastra,35.2374398524603,incendio,incendio,planet, ,272,9/30/2025 12:00:00 AM,2025,set,09,incendio,interior,35.2374398524603,0,CERRADO,GR 4 - SUDESTE,-, ,,,,403057.220703125,5367.68284698762, 
359996,0000.00.0023,APA do Planalto Central,302.973384415628,incendio,incendio,planet, ,274,10/8/2025 12:00:00 AM,2025,out,10,incendio,interior,302.973384415628,0,CERRADO,GR 3 - CENTRO-OESTE,-, ,,,,3283289.82714844,13158.8622129111, 
359997,0000.00.0028,APA das Nascentes do Rio Vermelho,766.100509332096,incendio,incendio,planet, ,273,10/9/2025 12:00:00 AM,2025,out,10,incendio,interior,766.100509332096,0,CERRADO,GR 3 - CENTRO-OESTE,Núcleo de Gestão Integrada - ICMBio Mambaí, ,,,,8213576.671875,25685.7665645225, 
359998,0000.00.0219,REVIS das Veredas do Oeste Baiano,175.235819083564,incendio,incendio,planet, ,277,10/8/2025 12:00:00 AM,2025,out,10,incendio,interior,175.235819083564,0,CERRADO,GR 3 - CENTRO-OESTE,Núcleo de Gestão Integrada - ICMBio Mambaí, ,,,,1872105.63476563,11296.92931505, 
359999,0000.00.0023,APA do Planalto Central,145.746190332564,incendio,incendio,planet, ,281,10/9/2025 12:00:00 AM,2025,out,10,incendio,interior,145.746190332564,0,CERRADO,GR 3 - CENTRO-OESTE,-, ,,,,1575901.06445313,8471.90233459659, 
360000,0000.00.0023,APA do Planalto Central,30.6318012955993,incendio,incendio,planet, ,274,10/9/2025 12:00:00 AM,2025,out,10,incendio,interior,30.6318012955993,0,CERRADO,GR 3 - CENTRO-OESTE,-, ,,,,331176.866210938,3424.40226823462, 
360001,0000.00.0023,APA do Planalto Central,1797.8508408259,incendio,incendio,planet, ,275,10/9/2025 12:00:00 AM,2025,out,10,incendio,interior,1797.8508408259,0,CERRADO,GR 3 - CENTRO-OESTE,-, ,,,,19429886.6503906,33564.9201707181, 
360002,0000.00.0023,APA do Planalto Central,24.3597392195827,incendio,incendio,planet, ,276,10/9/2025 12:00:00 AM,2025,out,10,incendio,interior,24.3597392195827,0,CERRADO,GR 3 - CENTRO-OESTE,-, ,,,,263414.640625,2775.54380792426, 
360003,0000.00.0023,APA do Planalto Central,1774.83839530792,incendio,incendio,planet, ,274,10/9/2025 12:00:00 AM,2025,out,10,incendio,interior,1774.83839530792,0,CERRADO,GR 3 - CENTRO-OESTE,-, ,,,,19185161.0664063,37634.6569839413, 
360004,0000.00.0219,REVIS das Veredas do Oeste Baiano,140.109705932291,incendio,incendio,planet, ,278,10/8/2025 12:00:00 AM,2025,out,10,incendio,interior,140.109705932291,0,CERRADO,GR 3 - CENTRO-OESTE,Núcleo de Gestão Integrada - ICMBio Mambaí, ,,,,1497355.75585938,9115.2631908638, 
360005,0000.00.0219,REVIS das Veredas do Oeste Baiano,16.7705840095611,incendio,incendio,planet, ,278,10/8/2025 12:00:00 AM,2025,out,10,incendio,interior,16.7705840095611,0,CERRADO,GR 3 - CENTRO-OESTE,Núcleo de Gestão Integrada - ICMBio Mambaí, ,,,,179204.270507813,2575.16638869487, 
360006,0000.00.0219,REVIS das Veredas do Oeste Baiano,6.65546321830839,incendio,incendio,planet, ,278,10/8/2025 12:00:00 AM,2025,out,10,incendio,interior,6.65546321830839,0,CERRADO,GR 3 - CENTRO-OESTE,Núcleo de Gestão Integrada - ICMBio Mambaí, ,,,,71151.7392578125,1277.78062170592, 
360007,0000.00.0028,APA das Nascentes do Rio Vermelho,4689.79918945091,incendio,incendio,planet, ,274,10/9/2025 12:00:00 AM,2025,out,10,incendio,interior,4689.79918945091,0,CERRADO,GR 3 - CENTRO-OESTE,Núcleo de Gestão Integrada - ICMBio Mambaí, ,,,,50201041.4077148,63502.7308325068, 
360008,0000.00.0023,APA do Planalto Central,71.8436371580531,incendio,incendio,planet, ,275,10/9/2025 12:00:00 AM,2025,out,10,incendio,interior,71.8436371580531,0,CERRADO,GR 3 - CENTRO-OESTE,-, ,,,,776685.453125,5651.06465058418, 
360009,0000.00.0028,APA das Nascentes do Rio Vermelho,901.077731956957,incendio,incendio,planet, ,281,10/9/2025 12:00:00 AM,2025,out,10,incendio,interior,901.077731956957,0,CERRADO,GR 3 - CENTRO-OESTE,Núcleo de Gestão Integrada - ICMBio Mambaí, ,,,,9660807.87646484,21993.8652651067, 
360010,0000.00.0028,APA das Nascentes do Rio Vermelho,7388.46652965177,incendio,incendio,planet, ,275,10/9/2025 12:00:00 AM,2025,out,10,incendio,interior,7388.46652965177,0,CERRADO,GR 3 - CENTRO-OESTE,Núcleo de Gestão Integrada - ICMBio Mambaí, ,,,,79221575.253418,62155.233793769, 
360011,0000.00.0028,APA das Nascentes do Rio Vermelho,1509.06645670105,incendio,incendio,planet, ,275,10/9/2025 12:00:00 AM,2025,out,10,incendio,interior,1509.06645670105,0,CERRADO,GR 3 - CENTRO-OESTE,Núcleo de Gestão Integrada - ICMBio Mambaí, ,,,,16179045.6035156,44138.7166310275, 
360012,0000.00.0219,REVIS das Veredas do Oeste Baiano,54.3593581509211,incendio,incendio,planet, ,281,10/9/2025 12:00:00 AM,2025,out,10,incendio,interior,54.3593581509211,0,CERRADO,GR 3 - CENTRO-OESTE,Núcleo de Gestão Integrada - ICMBio Mambaí, ,,,,582110.534667969,6168.09107244166, 
360013,0000.00.0028,APA das Nascentes do Rio Vermelho,19.646930355512,incendio,incendio,planet, ,275,10/9/2025 12:00:00 AM,2025,out,10,incendio,interior,19.646930355512,0,CERRADO,GR 3 - CENTRO-OESTE,Núcleo de Gestão Integrada - ICMBio Mambaí, ,,,,210531.368164063,1997.13047129205, 
360014,0000.00.0028,APA das Nascentes do Rio Vermelho,941.278028267421,incendio,incendio,planet, ,275,10/9/2025 12:00:00 AM,2025,out,10,incendio,interior,941.278028267421,0,CERRADO,GR 3 - CENTRO-OESTE,Núcleo de Gestão Integrada - ICMBio Mambaí, ,,,,10085006.0161133,26972.292387416, 
360015,0000.00.0023,APA do Planalto Central,11.6459511799794,incendio,incendio,planet, ,276,10/9/2025 12:00:00 AM,2025,out,10,incendio,interior,11.6459511799794,0,CERRADO,GR 3 - CENTRO-OESTE,-, ,,,,125943.801757813,2134.34792710449, 
360016,0000.00.0023,APA do Planalto Central,4849.83786179463,incendio,incendio,planet, ,277,10/9/2025 12:00:00 AM,2025,out,10,incendio,interior,4849.83786179463,0,CERRADO,GR 3 - CENTRO-OESTE,-, ,,,,52469904.4101563,79340.2709587088, 
360017,0000.00.0023,APA do Planalto Central,1223.11344781191,incendio,incendio,planet, ,280,10/9/2025 12:00:00 AM,2025,out,10,incendio,interior,1223.11344781191,0,CERRADO,GR 3 - CENTRO-OESTE,-, ,,,,13246324.25,42060.3539072982, 
360018,0000.00.0028,APA das Nascentes do Rio Vermelho,705.282278407404,incendio,incendio,planet, ,275,10/9/2025 12:00:00 AM,2025,out,10,incendio,interior,705.282278407404,0,CERRADO,GR 3 - CENTRO-OESTE,Núcleo de Gestão Integrada - ICMBio Mambaí, ,,,,7555275.39453125,21120.4495461889, 
360019,0000.00.0023,APA do Planalto Central,245.564425837355,incendio,incendio,planet, ,276,10/9/2025 12:00:00 AM,2025,out,10,incendio,interior,245.564425837355,0,CERRADO,GR 3 - CENTRO-OESTE,-, ,,,,2656012.25195313,16571.7692017005, 
360020,0000.00.0168,PARNA do Araguaia,14.9188947110595,queima prescrita,manejo,planet,Queima entre os dias 17/10 e 26/10,296,10/26/2025 12:00:00 AM,2025,out,10,manejo,interior,14.9188947110595,0,CERRADO,GR 3 - CENTRO-OESTE,-, ,,,,155766.936035156,2013.59917573947, 
360021,0000.00.0065,ESEC de Uruçuí-Una,648.968452407125,incendio,incendio,planet, ,281,10/9/2025 12:00:00 AM,2025,out,10,incendio,interior,648.968452407125,0,CERRADO,GR 2 - NORDESTE,-, ,,,,6689184.37841797,24392.68941298,CT Fortaleza
360022,0000.00.0168,PARNA do Araguaia,2.90387569043449,queima prescrita,manejo,planet,Queima entre os dias 17/10 e 26/10,296,10/26/2025 12:00:00 AM,2025,out,10,manejo,interior,2.90387569043449,0,CERRADO,GR 3 - CENTRO-OESTE,-, ,,,,30318.2143554688,1147.31869947068, 
360023,0000.00.0023,APA do Planalto Central,547.245752531342,incendio,incendio,planet, ,275,10/9/2025 12:00:00 AM,2025,out,10,incendio,interior,547.245752531342,0,CERRADO,GR 3 - CENTRO-OESTE,-, ,,,,5912228.69433594,15845.6447408264, 
360024,0000.00.0023,APA do Planalto Central,33.1040838716781,incendio,incendio,planet, ,277,10/9/2025 12:00:00 AM,2025,out,10,incendio,interior,33.1040838716781,0,CERRADO,GR 3 - CENTRO-OESTE,-, ,,,,357755.415039063,6183.629075809, 
360025,0000.00.0023,APA do Planalto Central,819.155161685012,incendio,incendio,planet, ,275,10/9/2025 12:00:00 AM,2025,out,10,incendio,interior,819.155161685012,0,CERRADO,GR 3 - CENTRO-OESTE,-, ,,,,8848525.64257813,23134.3983569787, 
360026,0000.00.0027,APA Morro da Pedreira,109.000765266471,incendio,incendio,planet, ,276,10/8/2025 12:00:00 AM,2025,out,10,incendio,interior,109.000765266471,0,CERRADO,GR 4 - SUDESTE,Núcleo de Gestão Integrada - ICMBio Cipó-Pedreira, ,,,,1232662.65527344,6497.24548871857, 
360027,0000.00.4855,MONA Cavernas de São Desidério,29.7458772765291,incendio,incendio,planet, ,276,10/6/2025 12:00:00 AM,2025,out,10,incendio,interior,29.7458772765291,0,CERRADO,GR 2 - NORDESTE,-, ,,,,313737.565917969,3965.61806798988,CT Salvador
360028,0000.00.0023,APA do Planalto Central,345.742203957853,incendio,incendio,planet, ,274,10/9/2025 12:00:00 AM,2025,out,10,incendio,interior,345.742203957853,0,CERRADO,GR 3 - CENTRO-OESTE,-, ,,,,3736154.46875,12486.2126704818, 
360029,0000.00.0023,APA do Planalto Central,1085.44875015344,incendio,incendio,planet, ,275,10/9/2025 12:00:00 AM,2025,out,10,incendio,interior,1085.44875015344,0,CERRADO,GR 3 - CENTRO-OESTE,-, ,,,,11731441.7128906,32849.2142845771, 
360030,0000.00.0076,ESEC Serra Geral do Tocantins,242.827352641582,incendio,incendio,planet, ,1,1/19/2025 12:00:00 AM,2025,jan,01,incendio,interior,242.827352641582,0,CERRADO,GR 3 - CENTRO-OESTE,-, ,,,,2535438.77490234,14233.4114154331, 
360031,0000.00.0272,PARNA da Chapada das Mesas,141.094288768631,incendio,incendio,planet, ,275,10/5/2025 12:00:00 AM,2025,out,10,incendio,interior,141.094288768631,0,CERRADO,GR 2 - NORDESTE,-, ,,,,1441135.87280273,8278.97603038715,CT Fortaleza
360032,0000.00.0272,PARNA da Chapada das Mesas,686.869945312716,incendio,incendio,planet, ,278,10/5/2025 12:00:00 AM,2025,out,10,incendio,interior,686.869945312716,0,CERRADO,GR 2 - NORDESTE,-, ,,,,7015788.99707031,16069.9677061361,CT Fortaleza
360033,0000.00.0272,PARNA da Chapada das Mesas,1366.39049630016,incendio,incendio,planet, ,275,10/5/2025 12:00:00 AM,2025,out,10,incendio,interior,1366.39049630016,0,CERRADO,GR 2 - NORDESTE,-, ,,,,13960885.5686035,28172.5413569438,CT Fortaleza
360034,0000.00.0272,PARNA da Chapada das Mesas,402.578092271568,incendio,incendio,planet, ,274,10/5/2025 12:00:00 AM,2025,out,10,incendio,interior,402.578092271568,0,CERRADO,GR 2 - NORDESTE,-, ,,,,4115526.50878906,12370.4919282025,CT Fortaleza
360035,0000.00.0272,PARNA da Chapada das Mesas,388.781215235417,incendio,incendio,planet, ,273,10/5/2025 12:00:00 AM,2025,out,10,incendio,interior,388.781215235417,0,CERRADO,GR 2 - NORDESTE,-, ,,,,3974683.95483398,15942.72458127,CT Fortaleza
360036,0000.00.0216,REBIO Nascentes da Serra do Cachimbo,93.5147868129145,incendio,incendio,planet, ,276,10/7/2025 12:00:00 AM,2025,out,10,incendio,interior,93.5147868129145,0,AMAZÔNIA,GR 1 - NORTE,Núcleo de Gestão Integrada - ICMBio Serra do Cachimbo,CR Oeste d,,,,965165.1484375,6481.73200887379,CT Itaituba
360037,0000.00.0168,PARNA do Araguaia,1.05933056880672,queima prescrita,manejo,planet,Queima entre os dias 17/10 e 26/10,296,10/26/2025 12:00:00 AM,2025,out,10,manejo,interior,1.05933056880672,0,CERRADO,GR 3 - CENTRO-OESTE,-, ,,,,11059.8823242188,595.410754853528, 
360038,0000.00.0168,PARNA do Araguaia,1.68407702003107,queima prescrita,manejo,planet,Queima entre os dias 17/10 e 26/10,296,10/26/2025 12:00:00 AM,2025,out,10,manejo,interior,1.68407702003107,0,CERRADO,GR 3 - CENTRO-OESTE,-, ,,,,17582.40625,637.413335918277, 
360039,0000.00.0168,PARNA do Araguaia,12.7631096678339,incendio,incendio,planet, ,225,7/27/2025 12:00:00 AM,2025,jul,07,incendio,interior,12.7631096678339,0,CERRADO,GR 3 - CENTRO-OESTE,-, ,,,,132587.521972656,1884.3264496467, 
360040,0000.00.0023,APA do Planalto Central,34.5648414362648,incendio,incendio,planet, ,282,10/13/2025 12:00:00 AM,2025,out,10,incendio,interior,34.5648414362648,0,CERRADO,GR 3 - CENTRO-OESTE,-, ,,,,373966.365234375,3413.50907310954, 
360041,0000.00.0065,ESEC de Uruçuí-Una,254.498845127661,incendio,incendio,planet, ,282,10/12/2025 12:00:00 AM,2025,out,10,incendio,interior,254.498845127661,0,CERRADO,GR 2 - NORDESTE,-, ,,,,2623442.98242188,15496.3851421024,CT Fortaleza
360042,0000.00.0188,PARNA Serra da Cutia,89.6746088757975,incendio,incendio,planet, ,282,10/11/2025 12:00:00 AM,2025,out,10,incendio,interior,89.6746088757975,0,AMAZÔNIA,GR 1 - NORTE,Núcleo de Gestão Integrada - ICMBio Guajará-Mirim, ,,,,940873.973632813,5624.32846512303,CT Porto Velho
360043,0000.00.0023,APA do Planalto Central,311.622496488725,incendio,incendio,planet, ,282,10/13/2025 12:00:00 AM,2025,out,10,incendio,interior,311.622496488725,0,CERRADO,GR 3 - CENTRO-OESTE,-, ,,,,3374441.15917969,14534.2491062884, 
360044,0000.00.0137,PARNA da Chapada Diamantina,52.0719964629854,incendio,incendio,planet, ,283,10/10/2025 12:00:00 AM,2025,out,10,incendio,interior,52.0719964629854,0,CAATINGA,GR 2 - NORDESTE,-, ,,,,551864.443359375,4762.12599932498,CT Salvador
360045,0000.00.0023,APA do Planalto Central,69.1162483396652,incendio,incendio,planet, ,282,10/13/2025 12:00:00 AM,2025,out,10,incendio,interior,69.1162483396652,0,CERRADO,GR 3 - CENTRO-OESTE,-, ,,,,747802.61328125,5840.65829728527, 
360046,0000.00.0023,APA do Planalto Central,470.008543506804,incendio,incendio,planet, ,282,10/13/2025 12:00:00 AM,2025,out,10,incendio,interior,470.008543506804,0,CERRADO,GR 3 - CENTRO-OESTE,-, ,,,,5086118.27441406,20640.1956605087, 
360047,0000.00.0168,PARNA do Araguaia,7.21273136730167,queima prescrita,manejo,planet,Queima entre os dias 17/10 e 26/10,296,10/26/2025 12:00:00 AM,2025,out,10,manejo,interior,7.21273136730167,0,CERRADO,GR 3 - CENTRO-OESTE,-, ,,,,75300.62109375,1581.01151126152, 
360048,0000.00.0168,PARNA do Araguaia,2.37901282427064,incendio,incendio,planet, ,225,7/27/2025 12:00:00 AM,2025,jul,07,incendio,interior,2.37901282427064,0,CERRADO,GR 3 - CENTRO-OESTE,-, ,,,,24713.82421875,807.122484001477, 
360049,0000.00.0168,PARNA do Araguaia,4.41290528150554,queima prescrita,manejo,planet,Queima entre os dias 17/10 e 26/10,296,10/26/2025 12:00:00 AM,2025,out,10,manejo,interior,4.41290528150554,0,CERRADO,GR 3 - CENTRO-OESTE,-, ,,,,46072.8813476563,1914.57229529598, 
360050,0000.00.0206,REBIO do Guaporé,48.6130974587445,gestao de ignicao natural,manejo,planet,Fogo natural do dia 07/10,280,10/12/2025 12:00:00 AM,2025,out,10,manejo,interior,48.6130974587445,0,AMAZÔNIA,GR 1 - NORTE,Núcleo de Gestão Integrada - ICMBio Cautário-Guaporé, ,,,,513482.379882813,6257.21987475285,CT Porto Velho
360051,0000.00.0023,APA do Planalto Central,746.943009236619,incendio,incendio,planet, ,282,10/13/2025 12:00:00 AM,2025,out,10,incendio,interior,746.943009236619,0,CERRADO,GR 3 - CENTRO-OESTE,-, ,,,,8084311.69433594,26100.8324411123, 
360052,0000.00.0168,PARNA do Araguaia,2.81276102106344,queima prescrita,manejo,planet,Queima entre os dias 17/10 e 26/10,296,10/26/2025 12:00:00 AM,2025,out,10,manejo,interior,2.81276102106344,0,CERRADO,GR 3 - CENTRO-OESTE,-, ,,,,29365.7563476563,967.27860228155, 
360053,0000.00.0024,APA Meandros do Rio Araguaia,3247.51007663208,incendio,incendio,planet, ,271,10/10/2025 12:00:00 AM,2025,out,10,incendio,interior,3247.51007663208,0,CERRADO,GR 3 - CENTRO-OESTE,Núcleo de Gestão Integrada - ICMBio Meandros do Rio Araguaia, ,,,,34467290.9697266,42257.0341711214, 
360054,0000.00.0023,APA do Planalto Central,140.576995310477,incendio,incendio,planet, ,283,10/13/2025 12:00:00 AM,2025,out,10,incendio,interior,140.576995310477,0,CERRADO,GR 3 - CENTRO-OESTE,-, ,,,,1522902.0078125,7493.56666753881, 
360055,0000.00.0023,APA do Planalto Central,95.5366419201085,incendio,incendio,planet, ,282,10/13/2025 12:00:00 AM,2025,out,10,incendio,interior,95.5366419201085,0,CERRADO,GR 3 - CENTRO-OESTE,-, ,,,,1033606.61425781,7466.32654917794, 
360056,0000.00.0024,APA Meandros do Rio Araguaia,234.311100265406,incendio,incendio,planet, ,270,10/10/2025 12:00:00 AM,2025,out,10,incendio,interior,234.311100265406,0,CERRADO,GR 3 - CENTRO-OESTE,Núcleo de Gestão Integrada - ICMBio Meandros do Rio Araguaia, ,,,,2486755.96142578,9865.95487816487, 
360057,0000.00.0024,APA Meandros do Rio Araguaia,20.1970654189985,incendio,incendio,planet, ,270,10/10/2025 12:00:00 AM,2025,out,10,incendio,interior,20.1970654189985,0,CERRADO,GR 3 - CENTRO-OESTE,Núcleo de Gestão Integrada - ICMBio Meandros do Rio Araguaia, ,,,,214356.850585938,2708.4465622623, 
360058,0000.00.0024,APA Meandros do Rio Araguaia,37.230680206336,incendio,incendio,planet, ,271,10/10/2025 12:00:00 AM,2025,out,10,incendio,interior,37.230680206336,0,CERRADO,GR 3 - CENTRO-OESTE,Núcleo de Gestão Integrada - ICMBio Meandros do Rio Araguaia, ,,,,395058.032714844,5522.55725249908, 
360059,0000.00.0024,APA Meandros do Rio Araguaia,119.512278724901,incendio,incendio,planet, ,269,10/10/2025 12:00:00 AM,2025,out,10,incendio,interior,119.512278724901,0,CERRADO,GR 3 - CENTRO-OESTE,Núcleo de Gestão Integrada - ICMBio Meandros do Rio Araguaia, ,,,,1268490.51367188,9872.97119773346, 
360060,0000.00.0024,APA Meandros do Rio Araguaia,3586.66899540637,incendio,incendio,planet, ,268,10/10/2025 12:00:00 AM,2025,out,10,incendio,interior,3586.66899540637,0,CERRADO,GR 3 - CENTRO-OESTE,Núcleo de Gestão Integrada - ICMBio Meandros do Rio Araguaia, ,,,,38090317.6264648,39853.5026831812, 
360061,0000.00.0024,APA Meandros do Rio Araguaia,21.0127886392337,incendio,incendio,planet, ,274,10/10/2025 12:00:00 AM,2025,out,10,incendio,interior,21.0127886392337,0,CERRADO,GR 3 - CENTRO-OESTE,Núcleo de Gestão Integrada - ICMBio Meandros do Rio Araguaia, ,,,,223021.68359375,2722.04601381216, 
360062,0000.00.0065,ESEC de Uruçuí-Una,70.0272375443371,incendio,incendio,planet, ,299,10/27/2025 12:00:00 AM,2025,out,10,incendio,interior,70.0272375443371,0,CERRADO,GR 2 - NORDESTE,-, ,,,,722199.123535156,5816.79121484042,CT Fortaleza
360063,0000.00.0024,APA Meandros do Rio Araguaia,125.148381756845,incendio,incendio,planet, ,275,10/10/2025 12:00:00 AM,2025,out,10,incendio,interior,125.148381756845,0,CERRADO,GR 3 - CENTRO-OESTE,Núcleo de Gestão Integrada - ICMBio Meandros do Rio Araguaia, ,,,,1327842.46582031,8359.37062194162, 
360064,0000.00.0024,APA Meandros do Rio Araguaia,124.840697214287,incendio,incendio,planet, ,281,10/10/2025 12:00:00 AM,2025,out,10,incendio,interior,124.840697214287,0,CERRADO,GR 3 - CENTRO-OESTE,Núcleo de Gestão Integrada - ICMBio Meandros do Rio Araguaia, ,,,,1322302.22363281,7964.83774398621, 
360065,0000.00.0024,APA Meandros do Rio Araguaia,46.3713052534251,incendio,incendio,planet, ,271,10/10/2025 12:00:00 AM,2025,out,10,incendio,interior,46.3713052534251,0,CERRADO,GR 3 - CENTRO-OESTE,Núcleo de Gestão Integrada - ICMBio Meandros do Rio Araguaia, ,,,,492016.232910156,4679.74554238044, 
360066,0000.00.0024,APA Meandros do Rio Araguaia,3666.1363720911,incendio,incendio,planet, ,274,10/10/2025 12:00:00 AM,2025,out,10,incendio,interior,3666.1363720911,0,CERRADO,GR 3 - CENTRO-OESTE,Núcleo de Gestão Integrada - ICMBio Meandros do Rio Araguaia, ,,,,38948746.0263672,61093.0717329985, 
360067,0000.00.0024,APA Meandros do Rio Araguaia,123.317031540247,incendio,incendio,planet, ,274,10/10/2025 12:00:00 AM,2025,out,10,incendio,interior,123.317031540247,0,CERRADO,GR 3 - CENTRO-OESTE,Núcleo de Gestão Integrada - ICMBio Meandros do Rio Araguaia, ,,,,1308783.98291016,13481.0335132109, 
360068,0000.00.0024,APA Meandros do Rio Araguaia,47.8570803195314,incendio,incendio,planet, ,275,10/10/2025 12:00:00 AM,2025,out,10,incendio,interior,47.8570803195314,0,CERRADO,GR 3 - CENTRO-OESTE,Núcleo de Gestão Integrada - ICMBio Meandros do Rio Araguaia, ,,,,507746.452148438,5265.4262765388, 
360069,0000.00.0024,APA Meandros do Rio Araguaia,40.8837163048791,incendio,incendio,planet, ,244,10/10/2025 12:00:00 AM,2025,out,10,incendio,interior,40.8837163048791,0,CERRADO,GR 3 - CENTRO-OESTE,Núcleo de Gestão Integrada - ICMBio Meandros do Rio Araguaia, ,,,,433869.74609375,4425.98262786292, 
360070,0000.00.0024,APA Meandros do Rio Araguaia,0.815010321079245,incendio,incendio,planet, ,275,10/10/2025 12:00:00 AM,2025,out,10,incendio,interior,0.815010321079245,0,CERRADO,GR 3 - CENTRO-OESTE,Núcleo de Gestão Integrada - ICMBio Meandros do Rio Araguaia, ,,,,8650.33203125,496.690954630586, 
360071,0000.00.0139,PARNA da Chapada dos Veadeiros,752.808006360287,incendio,incendio,planet, ,283,10/16/2025 12:00:00 AM,2025,out,10,incendio,interior,752.808006360287,0,CERRADO,GR 3 - CENTRO-OESTE,-, ,,,,8044864.80126953,15586.8027813704, 
360072,0000.00.0168,PARNA do Araguaia,68.6136607218357,queima prescrita,manejo,planet,Queima entre os dias 17/10 e 26/10,296,10/26/2025 12:00:00 AM,2025,out,10,manejo,interior,68.6136607218357,0,CERRADO,GR 3 - CENTRO-OESTE,-, ,,,,716018.424316406,4837.14599487673, 
360073,0000.00.0139,PARNA da Chapada dos Veadeiros,653.432920772516,gestao de ignicao natural,manejo,planet,Fogo de raio do dia 12/10,285,10/16/2025 12:00:00 AM,2025,out,10,manejo,interior,653.432920772516,0,CERRADO,GR 3 - CENTRO-OESTE,-, ,,,,6985678.88330078,20813.6809518747, 
360074,0000.00.0027,APA Morro da Pedreira,18.9655387469842,incendio,incendio,planet, ,264,10/29/2025 12:00:00 AM,2025,out,10,incendio,interior,18.9655387469842,0,CERRADO,GR 4 - SUDESTE,Núcleo de Gestão Integrada - ICMBio Cipó-Pedreira, ,,,,213727.393554688,2694.10457964766, 
360075,0000.00.0183,PARNA Grande Sertão Veredas,2318.59347388525,incendio,incendio,planet, ,287,10/16/2025 12:00:00 AM,2025,out,10,incendio,interior,2318.59347388525,0,CERRADO,GR 4 - SUDESTE,-, ,,,,24976086.8041992,44189.0952122241, 
360076,0000.00.0065,ESEC de Uruçuí-Una,14676.8023238536,incendio,incendio,planet, ,286,10/15/2025 12:00:00 AM,2025,out,10,incendio,interior,14676.8023238536,0,CERRADO,GR 2 - NORDESTE,-, ,,,,151340698.14209,109221.984041862,CT Fortaleza
360077,0000.00.0065,ESEC de Uruçuí-Una,206.502306111899,incendio,incendio,planet, ,282,10/16/2025 12:00:00 AM,2025,out,10,incendio,interior,206.502306111899,0,CERRADO,GR 2 - NORDESTE,-, ,,,,2128760.80908203,15990.170283958,CT Fortaleza
360078,0000.00.0065,ESEC de Uruçuí-Una,66.758073739597,incendio,incendio,planet, ,288,10/16/2025 12:00:00 AM,2025,out,10,incendio,interior,66.758073739597,0,CERRADO,GR 2 - NORDESTE,-, ,,,,688140.592285156,3919.93486945372,CT Fortaleza
360079,0000.00.0065,ESEC de Uruçuí-Una,1.87898461621913,incendio,incendio,planet, ,288,10/16/2025 12:00:00 AM,2025,out,10,incendio,interior,1.87898461621913,0,CERRADO,GR 2 - NORDESTE,-, ,,,,19368.01953125,639.584278805248,CT Fortaleza
360080,0000.00.1683,APA Serra da Meruoca,58.8416949321121,incendio,incendio,planet, ,299,11/6/2025 12:00:00 AM,2025,nov,11,incendio,interior,58.8416949321121,0,CAATINGA,GR 2 - NORDESTE,Núcleo de Gestão Integrada - ICMBio Sobral, ,,,,594716.036010742,3531.57328747952,CT Fortaleza
360081,0000.00.0065,ESEC de Uruçuí-Una,224.123956014349,incendio,incendio,planet, ,288,10/16/2025 12:00:00 AM,2025,out,10,incendio,interior,224.123956014349,0,CERRADO,GR 2 - NORDESTE,-, ,,,,2310624.89892578,11755.2546821518,CT Fortaleza
360082,0000.00.0065,ESEC de Uruçuí-Una,62.6986581725993,incendio,incendio,planet, ,288,10/16/2025 12:00:00 AM,2025,out,10,incendio,interior,62.6986581725993,0,CERRADO,GR 2 - NORDESTE,-, ,,,,646502.385253906,5224.75747082387,CT Fortaleza
360083,0000.00.0065,ESEC de Uruçuí-Una,10.9917814562529,incendio,incendio,planet, ,288,10/16/2025 12:00:00 AM,2025,out,10,incendio,interior,10.9917814562529,0,CERRADO,GR 2 - NORDESTE,-, ,,,,113352.982421875,1868.22370707065,CT Fortaleza
360084,0000.00.0065,ESEC de Uruçuí-Una,1.63328280383155,incendio,incendio,planet, ,288,10/16/2025 12:00:00 AM,2025,out,10,incendio,interior,1.63328280383155,0,CERRADO,GR 2 - NORDESTE,-, ,,,,16843.7607421875,758.326144233507,CT Fortaleza
360085,0000.00.0065,ESEC de Uruçuí-Una,24.8801673861797,incendio,incendio,planet, ,288,10/16/2025 12:00:00 AM,2025,out,10,incendio,interior,24.8801673861797,0,CERRADO,GR 2 - NORDESTE,-, ,,,,256590.110351563,2831.73286001433,CT Fortaleza
360086,0000.00.0065,ESEC de Uruçuí-Una,218.082904200649,incendio,incendio,planet, ,288,10/16/2025 12:00:00 AM,2025,out,10,incendio,interior,218.082904200649,0,CERRADO,GR 2 - NORDESTE,-, ,,,,2249448.36767578,10394.4404376533,CT Fortaleza
360087,0000.00.0065,ESEC de Uruçuí-Una,55.4645874076314,incendio,incendio,planet, ,288,10/16/2025 12:00:00 AM,2025,out,10,incendio,interior,55.4645874076314,0,CERRADO,GR 2 - NORDESTE,-, ,,,,571759.433105469,3765.56493572956,CT Fortaleza
360088,0000.00.0065,ESEC de Uruçuí-Una,156.263422367206,incendio,incendio,planet, ,288,10/16/2025 12:00:00 AM,2025,out,10,incendio,interior,156.263422367206,0,CERRADO,GR 2 - NORDESTE,-, ,,,,1610959.01806641,6280.54642351439,CT Fortaleza
360089,0000.00.0065,ESEC de Uruçuí-Una,3.13991768481523,incendio,incendio,planet, ,288,10/16/2025 12:00:00 AM,2025,out,10,incendio,interior,3.13991768481523,0,CERRADO,GR 2 - NORDESTE,-, ,,,,32370.17578125,1003.2729788932,CT Fortaleza
360090,0000.00.0065,ESEC de Uruçuí-Una,34.8594514530822,incendio,incendio,planet, ,288,10/16/2025 12:00:00 AM,2025,out,10,incendio,interior,34.8594514530822,0,CERRADO,GR 2 - NORDESTE,-, ,,,,359423.192382813,2658.72443436951,CT Fortaleza
360091,0000.00.0065,ESEC de Uruçuí-Una,252.202044795376,incendio,incendio,planet, ,288,10/16/2025 12:00:00 AM,2025,out,10,incendio,interior,252.202044795376,0,CERRADO,GR 2 - NORDESTE,-, ,,,,2600915.11767578,8188.68063549887,CT Fortaleza
360092,0000.00.0024,APA Meandros do Rio Araguaia,7020.11644628229,incendio,incendio,planet, ,286,10/16/2025 12:00:00 AM,2025,out,10,incendio,interior,7020.11644628229,0,CERRADO,GR 3 - CENTRO-OESTE,Núcleo de Gestão Integrada - ICMBio Meandros do Rio Araguaia, ,,,,74273542.0664063,87786.6108893033, 
360093,0000.00.0086,FLONA de Brasília,42.0218784282176,incendio,incendio,planet, ,277,10/9/2025 12:00:00 AM,2025,out,10,incendio,interior,42.0218784282176,0,CERRADO,GR 3 - CENTRO-OESTE,Núcleo de Gestão Integrada - ICMBio Descoberto-Brasília, ,,,,455868.322265625,2771.91510166167, 
360094,0000.00.0003,APA da Bacia do Rio Descoberto,7.69936100256817,incendio,incendio,planet, ,277,10/9/2025 12:00:00 AM,2025,out,10,incendio,interior,7.69936100256817,0,CERRADO,GR 3 - CENTRO-OESTE,Núcleo de Gestão Integrada - ICMBio Descoberto-Brasília, ,,,,83528.384765625,1578.16014295772, 
360095,0000.00.0157,PARNA das Sempre-Vivas,95.6393460236898,incendio,incendio,planet, ,274,10/17/2025 12:00:00 AM,2025,out,10,incendio,interior,95.6393460236898,0,CERRADO,GR 4 - SUDESTE,-, ,,,,1059326.01660156,6230.84645350103, 
360096,0000.00.0157,PARNA das Sempre-Vivas,119.143218537601,incendio,incendio,planet, ,285,10/17/2025 12:00:00 AM,2025,out,10,incendio,interior,119.143218537601,0,CERRADO,GR 4 - SUDESTE,-, ,,,,1318974.01074219,7575.23141687378, 
360097,0000.00.0157,PARNA das Sempre-Vivas,211.1141194634,incendio,incendio,planet, ,264,10/17/2025 12:00:00 AM,2025,out,10,incendio,interior,211.1141194634,0,CERRADO,GR 4 - SUDESTE,-, ,,,,2344723.69921875,12046.8213290338, 
360098,0000.00.0144,PARNA da Serra da Canastra,69.043101290805,incendio,incendio,planet, ,268,9/27/2025 12:00:00 AM,2025,set,09,incendio,interior,69.043101290805,0,CERRADO,GR 4 - SUDESTE,-, ,,,,788583.98828125,5765.55132241805, 
360099,0000.00.0168,PARNA do Araguaia,35.3912260357803,queima prescrita,manejo,planet, ,299,11/2/2025 12:00:00 AM,2025,nov,11,manejo,interior,35.3912260357803,0,CERRADO,GR 3 - CENTRO-OESTE,-, ,,,,369489.0234375,3200.07641999961, 
360100,0000.00.0139,PARNA da Chapada dos Veadeiros,483.016062445764,incendio,incendio,planet, ,291,10/19/2025 12:00:00 AM,2025,out,10,incendio,interior,483.016062445764,0,CERRADO,GR 3 - CENTRO-OESTE,-, ,,,,5151984.8125,18607.4031078025, 
360101,0000.00.0158,PARNA de Aparados da Serra,516.852621780466,incendio,incendio,planet, ,289,10/21/2025 12:00:00 AM,2025,out,10,incendio,interior,516.852621780466,0,MATA ATLÂNTICA,GR 5 - SUL,Núcleo de Gestão Integrada - ICMBio Aparados da Serra, ,,,,6804557.09570313,34415.5835931035, 
360102,0000.00.0139,PARNA da Chapada dos Veadeiros,248.576152637768,incendio,incendio,planet, ,290,10/19/2025 12:00:00 AM,2025,out,10,incendio,interior,248.576152637768,0,CERRADO,GR 3 - CENTRO-OESTE,-, ,,,,2656667.28466797,10299.7472420571, 
360103,0000.00.0144,PARNA da Serra da Canastra,309.451572465945,incendio,incendio,planet, ,283,10/20/2025 12:00:00 AM,2025,out,10,incendio,interior,309.451572465945,0,CERRADO,GR 4 - SUDESTE,-, ,,,,3532985.52832031,12276.6151442891, 
360104,0000.00.0155,PARNA das Emas,11727.9067825247,gestao de ignicao natural,manejo,planet,Fogo de raio do dia 17/10,290,10/20/2025 12:00:00 AM,2025,out,10,manejo,interior,11727.9067825247,0,CERRADO,GR 3 - CENTRO-OESTE,-, ,,,,130641185.023438,97525.1100375716, 
360105,0000.00.0144,PARNA da Serra da Canastra,11.8904417649405,incendio,incendio,planet, ,283,10/20/2025 12:00:00 AM,2025,out,10,incendio,interior,11.8904417649405,0,CERRADO,GR 4 - SUDESTE,-, ,,,,135709.111328125,1603.87983747469, 
360106,0000.00.0144,PARNA da Serra da Canastra,167.69227939956,incendio,incendio,planet, ,292,10/20/2025 12:00:00 AM,2025,out,10,incendio,interior,167.69227939956,0,CERRADO,GR 4 - SUDESTE,-, ,,,,1919492.69140625,7305.73014772537, 
360107,0000.00.0144,PARNA da Serra da Canastra,176.579554654798,incendio,incendio,planet, ,281,10/20/2025 12:00:00 AM,2025,out,10,incendio,interior,176.579554654798,0,CERRADO,GR 4 - SUDESTE,-, ,,,,2018023.08398438,10007.2866224249, 
360108,0000.00.0158,PARNA de Aparados da Serra,2.22325270127887,incendio,incendio,planet, ,289,10/21/2025 12:00:00 AM,2025,out,10,incendio,interior,2.22325270127887,0,MATA ATLÂNTICA,GR 5 - SUL,Núcleo de Gestão Integrada - ICMBio Aparados da Serra, ,,,,29278.8203125,844.192512814976, 
360109,0000.00.0144,PARNA da Serra da Canastra,28.2104567251995,incendio,incendio,planet, ,282,10/20/2025 12:00:00 AM,2025,out,10,incendio,interior,28.2104567251995,0,CERRADO,GR 4 - SUDESTE,-, ,,,,322036.125976563,3127.41550250246, 
360110,0000.00.0144,PARNA da Serra da Canastra,2.25435725653893,incendio,incendio,planet, ,289,10/20/2025 12:00:00 AM,2025,out,10,incendio,interior,2.25435725653893,0,CERRADO,GR 4 - SUDESTE,-, ,,,,25748.369140625,894.805421920377, 
360111,0000.00.0144,PARNA da Serra da Canastra,5.54956078180876,incendio,incendio,planet, ,290,10/20/2025 12:00:00 AM,2025,out,10,incendio,interior,5.54956078180876,0,CERRADO,GR 4 - SUDESTE,-, ,,,,63424.373046875,1267.23953896237, 
360112,0000.00.0144,PARNA da Serra da Canastra,38.2782715144328,queima controlada,manejo,planet,Queima do dia 15/10,288,10/20/2025 12:00:00 AM,2025,out,10,manejo,interior,38.2782715144328,0,CERRADO,GR 4 - SUDESTE,-, ,,,,438135.403320313,3956.00338384124, 
360113,0000.00.0168,PARNA do Araguaia,930.72680920557,queima prescrita,manejo,planet,Queima do dia 10/11,310,11/17/2025 12:00:00 AM,2025,nov,11,manejo,interior,930.72680920557,0,CERRADO,GR 3 - CENTRO-OESTE,-, ,,,,9711470.69677734,20836.5880905953, 
360114,0000.00.0144,PARNA da Serra da Canastra,5.38089547564133,queima controlada,manejo,planet,Queima do dia 15/10,288,10/20/2025 12:00:00 AM,2025,out,10,manejo,interior,5.38089547564133,0,CERRADO,GR 4 - SUDESTE,-, ,,,,61593.671875,1197.4543547145, 
360115,0000.00.0158,PARNA de Aparados da Serra,10.2474719852564,incendio,incendio,planet, ,293,10/21/2025 12:00:00 AM,2025,out,10,incendio,interior,10.2474719852564,0,MATA ATLÂNTICA,GR 5 - SUL,Núcleo de Gestão Integrada - ICMBio Aparados da Serra, ,,,,134918.125,3400.73927946595, 
360116,0000.00.0155,PARNA das Emas,10.5300423067252,aceiro,manejo,planet,Queima do dia 22/05,143,5/31/2025 12:00:00 AM,2025,mai,05,manejo,interior,10.5300423067252,0,CERRADO,GR 3 - CENTRO-OESTE,-, ,,,,117371.11328125,6951.5998860067, 
360117,0000.00.0158,PARNA de Aparados da Serra,60.3376541404175,incendio,incendio,planet, ,299,10/21/2025 12:00:00 AM,2025,out,10,incendio,interior,60.3376541404175,0,MATA ATLÂNTICA,GR 5 - SUL,Núcleo de Gestão Integrada - ICMBio Aparados da Serra, ,,,,794226.728515625,6617.67648498139, 
360118,0000.00.0146,PARNA da Serra das Confusões,1407.29709834925,incendio,incendio,planet, ,290,10/19/2025 12:00:00 AM,2025,out,10,incendio,interior,1407.29709834925,0,CERRADO,GR 2 - NORDESTE,-, ,,,,14539920.3334961,35158.8295491417,CT Fortaleza
360119,0000.00.0158,PARNA de Aparados da Serra,43.5538871535992,incendio,incendio,planet, ,289,10/21/2025 12:00:00 AM,2025,out,10,incendio,interior,43.5538871535992,0,MATA ATLÂNTICA,GR 5 - SUL,Núcleo de Gestão Integrada - ICMBio Aparados da Serra, ,,,,573499.435546875,6195.82626313571, 
360120,0000.00.0158,PARNA de Aparados da Serra,0.820138081618559,incendio,incendio,planet, ,289,10/21/2025 12:00:00 AM,2025,out,10,incendio,interior,0.820138081618559,0,MATA ATLÂNTICA,GR 5 - SUL,Núcleo de Gestão Integrada - ICMBio Aparados da Serra, ,,,,10798.4375,422.760567383187, 
360121,0000.00.0158,PARNA de Aparados da Serra,0.540053930861873,incendio,incendio,planet, ,289,10/21/2025 12:00:00 AM,2025,out,10,incendio,interior,0.540053930861873,0,MATA ATLÂNTICA,GR 5 - SUL,Núcleo de Gestão Integrada - ICMBio Aparados da Serra, ,,,,7110.80859375,634.947632978456, 
360122,0000.00.0158,PARNA de Aparados da Serra,0.300596341521798,incendio,incendio,planet, ,289,10/21/2025 12:00:00 AM,2025,out,10,incendio,interior,0.300596341521798,0,MATA ATLÂNTICA,GR 5 - SUL,Núcleo de Gestão Integrada - ICMBio Aparados da Serra, ,,,,3958.623046875,317.360875681099, 
360123,0000.00.0158,PARNA de Aparados da Serra,0.193120400960582,incendio,incendio,planet, ,289,10/21/2025 12:00:00 AM,2025,out,10,incendio,interior,0.193120400960582,0,MATA ATLÂNTICA,GR 5 - SUL,Núcleo de Gestão Integrada - ICMBio Aparados da Serra, ,,,,2543.255859375,219.462995514072, 
360124,0000.00.0155,PARNA das Emas,74.5396465605662,gestao de ignicao natural,manejo,planet,Fogo de raio do dia 17/10,295,10/22/2025 12:00:00 AM,2025,out,10,manejo,interior,74.5396465605662,0,CERRADO,GR 3 - CENTRO-OESTE,-, ,,,,830475.9453125,5760.0371409844, 
360125,0000.00.0168,PARNA do Araguaia,9.3104119889951,queima prescrita,manejo,planet, ,300,11/2/2025 12:00:00 AM,2025,nov,11,manejo,interior,9.3104119889951,0,CERRADO,GR 3 - CENTRO-OESTE,-, ,,,,97145.521484375,2274.90045706361, 
360126,0000.00.0155,PARNA das Emas,277.596110485182,gestao de ignicao natural,manejo,planet,Fogo de raio do dia 17/10,295,10/22/2025 12:00:00 AM,2025,out,10,manejo,interior,277.596110485182,0,CERRADO,GR 3 - CENTRO-OESTE,-, ,,,,3091199.63378906,13464.8999125189, 
360127,0000.00.0168,PARNA do Araguaia,864.144704637711,queima prescrita,manejo,planet,Queima do dia 16/10,289,10/23/2025 12:00:00 AM,2025,out,10,manejo,interior,864.144704637711,0,CERRADO,GR 3 - CENTRO-OESTE,-, ,,,,9016780.27441406,32293.9556738128, 
360128,0000.00.0168,PARNA do Araguaia,82.8554783392813,queima prescrita,manejo,planet,Queima entre os dias 17/10 e 26/10,296,10/26/2025 12:00:00 AM,2025,out,10,manejo,interior,82.8554783392813,0,CERRADO,GR 3 - CENTRO-OESTE,-, ,,,,864850.725585938,5636.31841469289, 
360129,0000.00.0168,PARNA do Araguaia,8.08649252499819,queima prescrita,manejo,planet,Queima entre os dias 17/10 e 26/10,296,10/26/2025 12:00:00 AM,2025,out,10,manejo,interior,8.08649252499819,0,CERRADO,GR 3 - CENTRO-OESTE,-, ,,,,84407.7993164063,1535.81764662839, 
360130,0000.00.0168,PARNA do Araguaia,25.584135075182,queima prescrita,manejo,planet,Queima entre os dias 17/10 e 26/10,296,10/26/2025 12:00:00 AM,2025,out,10,manejo,interior,25.584135075182,0,CERRADO,GR 3 - CENTRO-OESTE,-, ,,,,267062.885742188,2708.37641675798, 
360131,0000.00.0168,PARNA do Araguaia,11.3904634130907,queima prescrita,manejo,planet,Queima entre os dias 17/10 e 26/10,296,10/26/2025 12:00:00 AM,2025,out,10,manejo,interior,11.3904634130907,0,CERRADO,GR 3 - CENTRO-OESTE,-, ,,,,118904.649902344,2693.8738665121, 
360132,0000.00.0065,ESEC de Uruçuí-Una,16.6994607051946,incendio,incendio,planet, ,286,10/27/2025 12:00:00 AM,2025,out,10,incendio,interior,16.6994607051946,0,CERRADO,GR 2 - NORDESTE,-, ,,,,172325.96484375,1704.60642266202,CT Fortaleza
360133,0000.00.0168,PARNA do Araguaia,6.39533069028112,queima prescrita,manejo,planet,Queima entre os dias 17/10 e 26/10,296,10/26/2025 12:00:00 AM,2025,out,10,manejo,interior,6.39533069028112,0,CERRADO,GR 3 - CENTRO-OESTE,-, ,,,,66762.138671875,1147.9696797617, 
360134,0000.00.0168,PARNA do Araguaia,13.0645282403155,queima prescrita,manejo,planet,Queima entre os dias 17/10 e 26/10,296,10/26/2025 12:00:00 AM,2025,out,10,manejo,interior,13.0645282403155,0,CERRADO,GR 3 - CENTRO-OESTE,-, ,,,,136349.852050781,1569.9487654861, 
360135,0000.00.0206,REBIO do Guaporé,3.50029647672098,gestao de ignicao natural,manejo,planet,Fogo de raio do dia 22/10,295,10/23/2025 12:00:00 AM,2025,out,10,manejo,interior,3.50029647672098,0,AMAZÔNIA,GR 1 - NORTE,Núcleo de Gestão Integrada - ICMBio Cautário-Guaporé, ,,,,36972.7373046875,1546.96304770398,CT Porto Velho
360136,0000.00.0168,PARNA do Araguaia,19.3712974986635,queima prescrita,manejo,planet,Queima entre os dias 17/10 e 26/10,296,10/26/2025 12:00:00 AM,2025,out,10,manejo,interior,19.3712974986635,0,CERRADO,GR 3 - CENTRO-OESTE,-, ,,,,202232.319824219,4055.73060858489, 
360137,0000.00.0065,ESEC de Uruçuí-Una,66.4860383764472,incendio,incendio,planet, ,286,10/27/2025 12:00:00 AM,2025,out,10,incendio,interior,66.4860383764472,0,CERRADO,GR 2 - NORDESTE,-, ,,,,686061.715332031,3992.82394774581,CT Fortaleza
360138,0000.00.0168,PARNA do Araguaia,45.495868927503,queima prescrita,manejo,planet,Queima entre os dias 17/10 e 26/10,296,10/26/2025 12:00:00 AM,2025,out,10,manejo,interior,45.495868927503,0,CERRADO,GR 3 - CENTRO-OESTE,-, ,,,,474841.974609375,5243.20202434495, 
360139,0000.00.0168,PARNA do Araguaia,3.99634577026083,queima prescrita,manejo,planet,Queima entre os dias 17/10 e 26/10,296,10/26/2025 12:00:00 AM,2025,out,10,manejo,interior,3.99634577026083,0,CERRADO,GR 3 - CENTRO-OESTE,-, ,,,,41719.498046875,873.545621280885, 
360140,0000.00.0065,ESEC de Uruçuí-Una,157.634497702496,incendio,incendio,planet, ,296,10/27/2025 12:00:00 AM,2025,out,10,incendio,interior,157.634497702496,0,CERRADO,GR 2 - NORDESTE,-, ,,,,1623904.28369141,7684.96806026347,CT Fortaleza
360141,0000.00.0168,PARNA do Araguaia,141.356292677081,queima prescrita,manejo,planet,Queima entre os dias 17/10 e 26/10,296,10/26/2025 12:00:00 AM,2025,out,10,manejo,interior,141.356292677081,0,CERRADO,GR 3 - CENTRO-OESTE,-, ,,,,1475166.64257813,8027.99656498974, 
360142,0000.00.0168,PARNA do Araguaia,12.3340300381354,queima prescrita,manejo,planet,Queima entre os dias 17/10 e 26/10,296,10/26/2025 12:00:00 AM,2025,out,10,manejo,interior,12.3340300381354,0,CERRADO,GR 3 - CENTRO-OESTE,-, ,,,,128760.073730469,2197.30144543572, 
360143,0000.00.0168,PARNA do Araguaia,199.901973262831,incendio,incendio,planet, ,299,10/28/2025 12:00:00 AM,2025,out,10,incendio,interior,199.901973262831,0,CERRADO,GR 3 - CENTRO-OESTE,-, ,,,,2087370.89599609,9344.32111960944, 
360144,0000.00.0065,ESEC de Uruçuí-Una,135.87369207309,incendio,incendio,planet, ,289,10/27/2025 12:00:00 AM,2025,out,10,incendio,interior,135.87369207309,0,CERRADO,GR 2 - NORDESTE,-, ,,,,1401162.16210938,7901.44161535924,CT Fortaleza
360145,0000.00.0168,PARNA do Araguaia,15.8876189271581,queima prescrita,manejo,planet,Queima entre os dias 17/10 e 26/10,296,10/26/2025 12:00:00 AM,2025,out,10,manejo,interior,15.8876189271581,0,CERRADO,GR 3 - CENTRO-OESTE,-, ,,,,165804.096679688,2146.50041685805, 
360146,0000.00.0168,PARNA do Araguaia,142.983702731922,incendio,incendio,planet, ,299,10/28/2025 12:00:00 AM,2025,out,10,incendio,interior,142.983702731922,0,CERRADO,GR 3 - CENTRO-OESTE,-, ,,,,1492693.5703125,7202.48125832964, 
360147,0000.00.0065,ESEC de Uruçuí-Una,62.0351895887883,incendio,incendio,planet, ,283,10/27/2025 12:00:00 AM,2025,out,10,incendio,interior,62.0351895887883,0,CERRADO,GR 2 - NORDESTE,-, ,,,,639613.220214844,4218.79897476092,CT Fortaleza
360148,0000.00.0168,PARNA do Araguaia,2611.45197977963,queima prescrita,manejo,planet,Queima entre os dias 17/10 e 26/10,296,10/26/2025 12:00:00 AM,2025,out,10,manejo,interior,2611.45197977963,0,CERRADO,GR 3 - CENTRO-OESTE,-, ,,,,27265731.1757813,39666.6606042047, 
360149,0000.00.0168,PARNA do Araguaia,1.65206985591081,queima prescrita,manejo,planet,Queima entre os dias 17/10 e 26/10,296,10/26/2025 12:00:00 AM,2025,out,10,manejo,interior,1.65206985591081,0,CERRADO,GR 3 - CENTRO-OESTE,-, ,,,,17242.9536132813,670.239951145238, 
360150,0000.00.0065,ESEC de Uruçuí-Una,19.5379592474668,incendio,incendio,planet, ,283,10/27/2025 12:00:00 AM,2025,out,10,incendio,interior,19.5379592474668,0,CERRADO,GR 2 - NORDESTE,-, ,,,,201429.564453125,2806.39360019525,CT Fortaleza
360151,0000.00.0168,PARNA do Araguaia,46.3624924724752,incendio,incendio,planet, ,299,10/28/2025 12:00:00 AM,2025,out,10,incendio,interior,46.3624924724752,0,CERRADO,GR 3 - CENTRO-OESTE,-, ,,,,484206.960449219,2925.98197980525, 
360152,0000.00.0168,PARNA do Araguaia,34.9576107225455,queima prescrita,manejo,planet,Queima entre os dias 17/10 e 26/10,296,10/26/2025 12:00:00 AM,2025,out,10,manejo,interior,34.9576107225455,0,CERRADO,GR 3 - CENTRO-OESTE,-, ,,,,364869.619140625,4701.65857704458, 
360153,0000.00.0065,ESEC de Uruçuí-Una,13.6626043615952,incendio,incendio,planet, ,297,10/27/2025 12:00:00 AM,2025,out,10,incendio,interior,13.6626043615952,0,CERRADO,GR 2 - NORDESTE,-, ,,,,140871.032226563,1638.04477959191,CT Fortaleza
360154,0000.00.0168,PARNA do Araguaia,828.919840494853,queima prescrita,manejo,planet,Queima entre os dias 17/10 e 26/10,296,10/26/2025 12:00:00 AM,2025,out,10,manejo,interior,828.919840494853,0,CERRADO,GR 3 - CENTRO-OESTE,-, ,,,,8653980.72851563,29526.9000739451, 
360155,0000.00.0168,PARNA do Araguaia,1227.03702560111,incendio,incendio,planet, ,297,10/26/2025 12:00:00 AM,2025,out,10,incendio,interior,1227.03702560111,0,CERRADO,GR 3 - CENTRO-OESTE,-, ,,,,12777247.5239258,40460.7196222822, 
360156,0000.00.0065,ESEC de Uruçuí-Una,58.1413439252894,incendio,incendio,planet, ,297,10/27/2025 12:00:00 AM,2025,out,10,incendio,interior,58.1413439252894,0,CERRADO,GR 2 - NORDESTE,-, ,,,,599476.376953125,5463.46686087794,CT Fortaleza
360157,0000.00.0168,PARNA do Araguaia,955.696623386228,queima prescrita,manejo,planet,Queima entre os dias 17/10 e 26/10,296,10/26/2025 12:00:00 AM,2025,out,10,manejo,interior,955.696623386228,0,CERRADO,GR 3 - CENTRO-OESTE,-, ,,,,9972854.65722656,50192.7623596555, 
360158,0000.00.3135,RDS Nascentes Geraizeiras,149.678014327842,incendio,incendio,planet, ,299,10/27/2025 12:00:00 AM,2025,out,10,incendio,interior,149.678014327842,0,MATA ATLÂNTICA,GR 4 - SUDESTE,-, ,,,,1618145.26464844,7167.66618472001, 
360159,0000.00.0065,ESEC de Uruçuí-Una,17.4219827326351,incendio,incendio,planet, ,289,10/27/2025 12:00:00 AM,2025,out,10,incendio,interior,17.4219827326351,0,CERRADO,GR 2 - NORDESTE,-, ,,,,179684.514160156,2054.1871008411,CT Fortaleza
360160,0000.00.0206,REBIO do Guaporé,11.0092284262047,gestao de ignicao natural,manejo,planet,Fogo de raio do dia 22/10,295,10/23/2025 12:00:00 AM,2025,out,10,manejo,interior,11.0092284262047,0,AMAZÔNIA,GR 1 - NORTE,Núcleo de Gestão Integrada - ICMBio Cautário-Guaporé, ,,,,116300.40234375,3450.48164992267,CT Porto Velho
360161,0000.00.0144,PARNA da Serra da Canastra,137.537780815766,incendio,incendio,planet, ,297,10/26/2025 12:00:00 AM,2025,out,10,incendio,interior,137.537780815766,0,CERRADO,GR 4 - SUDESTE,-, ,,,,1574430.75488281,6593.88524813165, 
360162,0000.00.3135,RDS Nascentes Geraizeiras,61.8851208805011,incendio,incendio,planet, ,299,10/27/2025 12:00:00 AM,2025,out,10,incendio,interior,61.8851208805011,0,MATA ATLÂNTICA,GR 4 - SUDESTE,-, ,,,,668959.632324219,5330.35112036271, 
360163,0000.00.0168,PARNA do Araguaia,186.963011903277,queima prescrita,manejo,planet,Queima entre os dias 17/10 e 26/10,296,10/26/2025 12:00:00 AM,2025,out,10,manejo,interior,186.963011903277,0,CERRADO,GR 3 - CENTRO-OESTE,-, ,,,,1951229.94775391,15206.1247498773, 
360164,0000.00.0144,PARNA da Serra da Canastra,45.4595982034743,incendio,incendio,planet, ,299,10/26/2025 12:00:00 AM,2025,out,10,incendio,interior,45.4595982034743,0,CERRADO,GR 4 - SUDESTE,-, ,,,,519590.98828125,4901.89585418007, 
360165,0000.00.0193,REBIO da Mata Escura,40.9753662370405,incendio,incendio,planet, ,285,10/18/2025 12:00:00 AM,2025,out,10,incendio,interior,40.9753662370405,0,MATA ATLÂNTICA,GR 4 - SUDESTE,-, ,,,,447725.489257813,4082.96199231042, 
360166,0000.00.0206,REBIO do Guaporé,30.5453934706952,gestao de ignicao natural,manejo,planet,Fogo de raio do dia 22/10,295,10/23/2025 12:00:00 AM,2025,out,10,manejo,interior,30.5453934706952,0,AMAZÔNIA,GR 1 - NORTE,Núcleo de Gestão Integrada - ICMBio Cautário-Guaporé, ,,,,322660.036132813,5762.5396902411,CT Porto Velho
360167,0000.00.0139,PARNA da Chapada dos Veadeiros,0.370013975963118,queima prescrita,manejo,planet,Queima entre os dias 04/06 e 06/06,156,6/7/2025 12:00:00 AM,2025,jun,06,manejo,entorno,0,0.370013975963118,CERRADO,GR 3 - CENTRO-OESTE,-, ,,,,3951.58349609375,603.967041686899,
360168,0000.00.0144,PARNA da Serra da Canastra,58.7311951324371,queima controlada,manejo,planet,Queima do dia 22/10,295,10/26/2025 12:00:00 AM,2025,out,10,manejo,interior,58.7311951324371,0,CERRADO,GR 4 - SUDESTE,-, ,,,,671093.985351563,3937.49179207892, 
360169,0000.00.0139,PARNA da Chapada dos Veadeiros,0.0014683445985943,queima prescrita,manejo,planet,Queima entre os dias 04/06 e 06/06,156,6/7/2025 12:00:00 AM,2025,jun,06,manejo,entorno,0,0.0014683445985943,CERRADO,GR 3 - CENTRO-OESTE,-, ,,,,15.68115234375,41.8682153102945,
360170,0000.00.0076,ESEC Serra Geral do Tocantins,0.0153181071324856,incendio,incendio,planet, ,291,10/28/2025 12:00:00 AM,2025,out,10,incendio,entorno,0,0.0153181071324856,CERRADO,GR 3 - CENTRO-OESTE,-, ,,,,159.7451171875,119.356598967945,
360171,0000.00.0076,ESEC Serra Geral do Tocantins,5.74594622808059,incendio,incendio,planet, ,266,10/1/2025 12:00:00 AM,2025,out,10,incendio,entorno,0,5.74594622808059,CERRADO,GR 3 - CENTRO-OESTE,-, ,,,,59837.7182617188,5246.55263842597,
360172,0000.00.0155,PARNA das Emas,5.23848851627568,aceiro,manejo,planet,Queima entre os dias 03/06 e 05/06,155,6/8/2025 12:00:00 AM,2025,jun,06,manejo,entorno,0,5.23848851627568,CERRADO,GR 3 - CENTRO-OESTE,-, ,,,,58279.60546875,9373.8720965635,
360173,0000.00.0155,PARNA das Emas,4.64957364342241,aceiro,manejo,planet,Queima entre os dias 03/06 e 05/06,155,6/8/2025 12:00:00 AM,2025,jun,06,manejo,entorno,0,4.64957364342241,CERRADO,GR 3 - CENTRO-OESTE,-, ,,,,51664.3583984375,4627.65004829494,
360174,0000.00.0155,PARNA das Emas,13.3190049615018,aceiro,manejo,planet,Queima entre os dias 03/06 e 05/06,155,6/8/2025 12:00:00 AM,2025,jun,06,manejo,entorno,0,13.3190049615018,CERRADO,GR 3 - CENTRO-OESTE,-, ,,,,148089.422851563,15068.2682606529,
360175,0000.00.0284,PARNA dos Campos Amazônicos,656.083725615499,queima prescrita,manejo,planet,Queima do dia 11/06,163,6/12/2025 12:00:00 AM,2025,jun,06,manejo,entorno,0,656.083725615499,AMAZÔNIA,GR 1 - NORTE,Núcleo de Gestão Integrada - ICMBio Humaitá,CR Porto V,,,,6753216.57519531,25968.0448504554,
360176,0000.00.0139,PARNA da Chapada dos Veadeiros,46.669984905441,incendio,incendio,planet, ,162,6/12/2025 12:00:00 AM,2025,jun,06,incendio,entorno,0,46.669984905441,CERRADO,GR 3 - CENTRO-OESTE,-, ,,,,498065.908203125,3645.62733368215,
360177,0000.00.0284,PARNA dos Campos Amazônicos,300.093920176721,queima prescrita,manejo,planet,Queima do dia 11/06,163,6/16/2025 12:00:00 AM,2025,jun,06,manejo,entorno,0,300.093920176721,AMAZÔNIA,GR 1 - NORTE,Núcleo de Gestão Integrada - ICMBio Humaitá,CR Porto V,,,,3088940.97460938,21269.5020581854,
360178,0000.00.0284,PARNA dos Campos Amazônicos,444.823026202992,queima prescrita,manejo,planet,Queima do dia 11/06,163,6/16/2025 12:00:00 AM,2025,jun,06,manejo,entorno,0,444.823026202992,AMAZÔNIA,GR 1 - NORTE,Núcleo de Gestão Integrada - ICMBio Humaitá,CR Porto V,,,,4578581.09521484,15884.0169679419,
360179,0000.00.0219,REVIS das Veredas do Oeste Baiano,40.0874637729798,incendio,incendio,planet, ,167,6/24/2025 12:00:00 AM,2025,jun,06,incendio,entorno,0,40.0874637729798,CERRADO,GR 3 - CENTRO-OESTE,Núcleo de Gestão Integrada - ICMBio Mambaí, ,,,,428622.425292969,2592.72789606919,
360180,0000.00.0219,REVIS das Veredas do Oeste Baiano,0.312251946384573,queima controlada,manejo,planet,Queima entre os dias 20/06 e 23/06,172,6/24/2025 12:00:00 AM,2025,jun,06,manejo,entorno,0,0.312251946384573,CERRADO,GR 3 - CENTRO-OESTE,Núcleo de Gestão Integrada - ICMBio Mambaí, ,,,,3339.2275390625,266.318849386969,
360181,0000.00.0159,PARNA de Brasília,0.217079607077677,queima prescrita,manejo,planet,Queima do dia 09/04,100,5/4/2025 12:00:00 AM,2025,mai,05,manejo,entorno,0,0.217079607077677,CERRADO,GR 3 - CENTRO-OESTE,Núcleo de Gestão Integrada - ICMBio Brasília-Contagem, ,,,,2355.4853515625,1227.69287803837,
360182,0000.00.0272,PARNA da Chapada das Mesas,0.127998447446967,queima prescrita,manejo,planet,Queima entre os dias 26/05 e 27/05,147,5/28/2025 12:00:00 AM,2025,mai,05,manejo,entorno,0,0.127998447446967,CERRADO,GR 2 - NORDESTE,-, ,,,,1308.56909179688,171.500971453594,
360183,0000.00.0175,PARNA do Pantanal Matogrossense,26.0634552037865,gestao de ignicao natural,manejo,planet,Fogo de raio do dia 28/11,331,12/15/2025 12:00:00 AM,2025,dez,12,manejo,entorno,0,26.0634552037865,PANTANAL,GR 3 - CENTRO-OESTE,-, ,,,,288162.401367188,4049.40225621609,
360184,0000.00.0138,PARNA da Chapada dos Guimaraes,1.01473937060628,queima prescrita,manejo,planet,Queima do dia 19/06,171,6/22/2025 12:00:00 AM,2025,jun,06,manejo,entorno,0,1.01473937060628,CERRADO,GR 3 - CENTRO-OESTE,-, ,,,,10964.04296875,959.084934661729,
360185,0000.00.0006,APA da Baleia Franca,11.7057631472837,incendio,incendio,planet, ,351,12/23/2025 12:00:00 AM,2025,dez,12,incendio,entorno,0,11.7057631472837,MATA ATLÂNTICA,GR 5 - SUL,-, ,,,,151953.74609375,2180.4071357344,
360186,0000.00.0138,PARNA da Chapada dos Guimaraes,0.206108364456966,queima prescrita,manejo,planet,Queima do dia 22/06,174,6/25/2025 12:00:00 AM,2025,jun,06,manejo,entorno,0,0.206108364456966,CERRADO,GR 3 - CENTRO-OESTE,-, ,,,,2228.7421875,1336.67209833492,
360187,0000.00.0076,ESEC Serra Geral do Tocantins,513.855805751976,queima prescrita,manejo,planet,Queima do dia 06/05,127,5/21/2025 12:00:00 AM,2025,mai,05,manejo,entorno,0,513.855805751976,CERRADO,GR 3 - CENTRO-OESTE,-, ,,,,5349185.98974609,16196.9970154808,
360188,0000.00.0076,ESEC Serra Geral do Tocantins,1.34476071837927,incendio,incendio,planet, ,281,10/27/2025 12:00:00 AM,2025,out,10,incendio,entorno,0,1.34476071837927,CERRADO,GR 3 - CENTRO-OESTE,-, ,,,,14011.25,869.56032187175,
360189,0000.00.0139,PARNA da Chapada dos Veadeiros,0.174053550437032,incendio,incendio,planet, ,362,12/30/2025 12:00:00 AM,2025,dez,12,incendio,entorno,0,0.174053550437032,CERRADO,GR 3 - CENTRO-OESTE,-, ,,,,1993.755859375,194.10690834719,
360190,0000.00.0168,PARNA do Araguaia,480.162338701286,queima prescrita,manejo,planet,Queima do dia 27/06. Operação conjunta entre ICMBio e IBAMA.,179,6/29/2025 12:00:00 AM,2025,jun,06,manejo,entorno,0,480.162338701286,CERRADO,GR 3 - CENTRO-OESTE,-, ,,,,5006211.05029297,14198.3820736684,
360191,0000.00.0168,PARNA do Araguaia,13.3577686380564,queima prescrita,manejo,planet,Queima do dia 27/06. Operação conjunta entre ICMBio e IBAMA.,179,6/29/2025 12:00:00 AM,2025,jun,06,manejo,entorno,0,13.3577686380564,CERRADO,GR 3 - CENTRO-OESTE,-, ,,,,139251.947753906,1856.85069743663,
360192,0000.00.0168,PARNA do Araguaia,88.1481528285702,queima prescrita,manejo,planet,Queima do dia 26/06. Operação conjunta entre ICMBio e IBAMA.,178,6/29/2025 12:00:00 AM,2025,jun,06,manejo,entorno,0,88.1481528285702,CERRADO,GR 3 - CENTRO-OESTE,-, ,,,,921572.456542969,4531.86809535229,
360193,0000.00.0168,PARNA do Araguaia,61.9626914333426,queima prescrita,manejo,planet,Queima do dia 26/06. Operação conjunta entre ICMBio e IBAMA.,178,6/29/2025 12:00:00 AM,2025,jun,06,manejo,entorno,0,61.9626914333426,CERRADO,GR 3 - CENTRO-OESTE,-, ,,,,647957.138671875,4501.36861695587,
360194,0000.00.0168,PARNA do Araguaia,16.0970148381211,queima prescrita,manejo,planet,Queima do dia 26/06. Operação conjunta entre ICMBio e IBAMA.,178,6/29/2025 12:00:00 AM,2025,jun,06,manejo,entorno,0,16.0970148381211,CERRADO,GR 3 - CENTRO-OESTE,-, ,,,,168337.168457031,1731.77432010853,
360195,0000.00.0168,PARNA do Araguaia,52.6839908436671,queima prescrita,manejo,planet,Queima do dia 26/06. Operação conjunta entre ICMBio e IBAMA.,178,6/29/2025 12:00:00 AM,2025,jun,06,manejo,entorno,0,52.6839908436671,CERRADO,GR 3 - CENTRO-OESTE,-, ,,,,550987.091308594,4219.81644242058,
360196,0000.00.0168,PARNA do Araguaia,5.96715051742362,queima prescrita,manejo,planet,Queima do dia 26/06. Operação conjunta entre ICMBio e IBAMA.,178,6/29/2025 12:00:00 AM,2025,jun,06,manejo,entorno,0,5.96715051742362,CERRADO,GR 3 - CENTRO-OESTE,-, ,,,,62412.0981445313,1047.34531261764,
360197,0000.00.0168,PARNA do Araguaia,1.7162748263718,queima prescrita,manejo,planet,Queima do dia 26/06. Operação conjunta entre ICMBio e IBAMA.,178,6/29/2025 12:00:00 AM,2025,jun,06,manejo,entorno,0,1.7162748263718,CERRADO,GR 3 - CENTRO-OESTE,-, ,,,,17951.1928710938,548.567159366859,
360198,0000.00.0168,PARNA do Araguaia,2.78586748324491,queima prescrita,manejo,planet,Queima do dia 26/06. Operação conjunta entre ICMBio e IBAMA.,178,6/29/2025 12:00:00 AM,2025,jun,06,manejo,entorno,0,2.78586748324491,CERRADO,GR 3 - CENTRO-OESTE,-, ,,,,29139.4809570313,869.646279050264,
360199,0000.00.0168,PARNA do Araguaia,5.28949486997915,queima prescrita,manejo,planet,Queima do dia 26/06. Operação conjunta entre ICMBio e IBAMA.,178,6/29/2025 12:00:00 AM,2025,jun,06,manejo,entorno,0,5.28949486997915,CERRADO,GR 3 - CENTRO-OESTE,-, ,,,,55328.2338867188,1063.32704647532,
360200,0000.00.0168,PARNA do Araguaia,9.63390866668607,queima prescrita,manejo,planet,Queima do dia 26/06. Operação conjunta entre ICMBio e IBAMA.,178,6/29/2025 12:00:00 AM,2025,jun,06,manejo,entorno,0,9.63390866668607,CERRADO,GR 3 - CENTRO-OESTE,-, ,,,,100771.203613281,1776.18704723771,
360201,0000.00.0168,PARNA do Araguaia,8.20192205429052,queima prescrita,manejo,planet,Queima do dia 26/06. Operação conjunta entre ICMBio e IBAMA.,178,6/29/2025 12:00:00 AM,2025,jun,06,manejo,entorno,0,8.20192205429052,CERRADO,GR 3 - CENTRO-OESTE,-, ,,,,85796.4702148438,1148.27210471265,
360202,0000.00.0284,PARNA dos Campos Amazônicos,376.162640059549,queima prescrita,manejo,planet,Queima do dia 13/06,165,6/29/2025 12:00:00 AM,2025,jun,06,manejo,entorno,0,376.162640059549,AMAZÔNIA,GR 1 - NORTE,Núcleo de Gestão Integrada - ICMBio Humaitá,CR Porto V,,,,3871286.16015625,16211.4518316694,
360203,0000.00.0076,ESEC Serra Geral do Tocantins,120.351635858041,incendio,incendio,planet, ,120,5/21/2025 12:00:00 AM,2025,mai,05,incendio,entorno,0,120.351635858041,CERRADO,GR 3 - CENTRO-OESTE,-, ,,,,1256168.15380859,8727.19235520464,
360204,0000.00.0076,ESEC Serra Geral do Tocantins,9.74295795852659,incendio,incendio,planet, ,281,10/27/2025 12:00:00 AM,2025,out,10,incendio,entorno,0,9.74295795852659,CERRADO,GR 3 - CENTRO-OESTE,-, ,,,,101506.141113281,5462.78284139941,
360205,0000.00.0076,ESEC Serra Geral do Tocantins,773.847146323714,incendio,incendio,planet, ,165,6/30/2025 12:00:00 AM,2025,jun,06,incendio,entorno,0,773.847146323714,CERRADO,GR 3 - CENTRO-OESTE,-, ,,,,8055739.46582031,18464.6412034621,
360206,0000.00.0076,ESEC Serra Geral do Tocantins,76.8832573612845,incendio,incendio,planet, ,165,6/30/2025 12:00:00 AM,2025,jun,06,incendio,entorno,0,76.8832573612845,CERRADO,GR 3 - CENTRO-OESTE,-, ,,,,800447.383789063,6536.49514362453,
360207,0000.00.0076,ESEC Serra Geral do Tocantins,3570.02672563882,queima prescrita,manejo,planet,Queima do dia 20/06,171,6/29/2025 12:00:00 AM,2025,jun,06,manejo,entorno,0,3570.02672563882,CERRADO,GR 3 - CENTRO-OESTE,-, ,,,,37147908.8891602,48125.6215984982,
360208,0000.00.0168,PARNA do Araguaia,36.587558453427,queima prescrita,manejo,planet,Queima do dia 29/06. Operação conjunta entre ICMBio e IBAMA.,180,6/30/2025 12:00:00 AM,2025,jun,06,manejo,entorno,0,36.587558453427,CERRADO,GR 3 - CENTRO-OESTE,-, ,,,,381901.949707031,4160.10692220704,
360209,0000.00.0284,PARNA dos Campos Amazônicos,61.5003931150389,queima prescrita,manejo,planet,Queima do dia 19/06,170,6/21/2025 12:00:00 AM,2025,jun,06,manejo,entorno,0,61.5003931150389,AMAZÔNIA,GR 1 - NORTE,Núcleo de Gestão Integrada - ICMBio Humaitá,CR Porto V,,,,634055.708496094,3975.93932822908,
360210,0000.00.0168,PARNA do Araguaia,46.6133272588539,queima prescrita,manejo,planet,Queima do dia 29/06. Operação conjunta entre ICMBio e IBAMA.,180,6/30/2025 12:00:00 AM,2025,jun,06,manejo,entorno,0,46.6133272588539,CERRADO,GR 3 - CENTRO-OESTE,-, ,,,,486517.934082031,3934.8208902843,
360211,0000.00.0076,ESEC Serra Geral do Tocantins,0.295236860489528,queima controlada,manejo,planet,Queima do dia 28/06,179,6/29/2025 12:00:00 AM,2025,jun,06,manejo,entorno,0,0.295236860489528,CERRADO,GR 3 - CENTRO-OESTE,-, ,,,,3075.95947265625,599.199380837829,
360212,0000.00.0076,ESEC Serra Geral do Tocantins,6.2135546675342,queima controlada,manejo,planet,Queima do dia 25/06,176,6/29/2025 12:00:00 AM,2025,jun,06,manejo,entorno,0,6.2135546675342,CERRADO,GR 3 - CENTRO-OESTE,-, ,,,,64738.701171875,2591.415179812,
360213,0000.00.0168,PARNA do Araguaia,8.47554603006674,incendio,incendio,planet, ,175,6/29/2025 12:00:00 AM,2025,jun,06,incendio,entorno,0,8.47554603006674,CERRADO,GR 3 - CENTRO-OESTE,-, ,,,,88200.5327148438,1536.92675140108,
360214,0000.00.0168,PARNA do Araguaia,27.2008385160682,incendio,incendio,planet, ,175,6/29/2025 12:00:00 AM,2025,jun,06,incendio,entorno,0,27.2008385160682,CERRADO,GR 3 - CENTRO-OESTE,-, ,,,,283074.554199219,2981.98804179593,
360215,0000.00.0168,PARNA do Araguaia,21.5956640292053,incendio,incendio,planet, ,175,6/29/2025 12:00:00 AM,2025,jun,06,incendio,entorno,0,21.5956640292053,CERRADO,GR 3 - CENTRO-OESTE,-, ,,,,224752.577636719,1893.40917549352,
360216,0000.00.0076,ESEC Serra Geral do Tocantins,0.000945911407063725,queima controlada,manejo,planet,Queima do dia 28/05,148,6/29/2025 12:00:00 AM,2025,jun,06,manejo,entorno,0,0.000945911407063725,CERRADO,GR 3 - CENTRO-OESTE,-, ,,,,9.85498046875,16.0171059863749,
360217,0000.00.0076,ESEC Serra Geral do Tocantins,88.9167345058893,incendio,incendio,planet, ,151,6/2/2025 12:00:00 AM,2025,jun,06,incendio,entorno,0,88.9167345058893,CERRADO,GR 3 - CENTRO-OESTE,-, ,,,,927367.180664063,5779.29296066612,
360218,0000.00.0076,ESEC Serra Geral do Tocantins,124.955115615838,incendio,incendio,planet, ,166,6/29/2025 12:00:00 AM,2025,jun,06,incendio,entorno,0,124.955115615838,CERRADO,GR 3 - CENTRO-OESTE,-, ,,,,1303245.15136719,10718.7527886734,
360219,0000.00.0076,ESEC Serra Geral do Tocantins,0.0293509705454006,queima prescrita,manejo,planet,Queima do dia 04/06,155,6/29/2025 12:00:00 AM,2025,jun,06,manejo,entorno,0,0.0293509705454006,CERRADO,GR 3 - CENTRO-OESTE,-, ,,,,305.7431640625,112.891296624125,
360220,0000.00.0076,ESEC Serra Geral do Tocantins,0.144628882759256,queima prescrita,manejo,planet,Queima do dia 04/06,155,6/29/2025 12:00:00 AM,2025,jun,06,manejo,entorno,0,0.144628882759256,CERRADO,GR 3 - CENTRO-OESTE,-, ,,,,1506.5166015625,345.631201224905,
360221,0000.00.0076,ESEC Serra Geral do Tocantins,155.136154258363,queima prescrita,manejo,planet,Queima do dia 25/06,176,6/29/2025 12:00:00 AM,2025,jun,06,manejo,entorno,0,155.136154258363,CERRADO,GR 3 - CENTRO-OESTE,-, ,,,,1621578.13330078,6995.78743009346,
360222,0000.00.0076,ESEC Serra Geral do Tocantins,0.0417995113691432,gestao de ignicao antropica,manejo,planet, ,107,5/21/2025 12:00:00 AM,2025,mai,05,manejo,entorno,0,0.0417995113691432,CERRADO,GR 3 - CENTRO-OESTE,-, ,,,,435.4619140625,148.403669942779,
360223,0000.00.0284,PARNA dos Campos Amazônicos,594.121439442663,queima prescrita,manejo,planet,Queima do dia 08/06,159,6/21/2025 12:00:00 AM,2025,jun,06,manejo,entorno,0,594.121439442663,AMAZÔNIA,GR 1 - NORTE,Núcleo de Gestão Integrada - ICMBio Humaitá,CR Porto V,,,,6123529.71533203,15945.5930341535,
360224,0000.00.0284,PARNA dos Campos Amazônicos,708.161859802821,queima prescrita,manejo,planet,Queima do dia 19/06,170,6/21/2025 12:00:00 AM,2025,jun,06,manejo,entorno,0,708.161859802821,AMAZÔNIA,GR 1 - NORTE,Núcleo de Gestão Integrada - ICMBio Humaitá,CR Porto V,,,,7299834.72949219,32332.9175016689,
360225,0000.00.0284,PARNA dos Campos Amazônicos,401.49210952283,queima prescrita,manejo,planet,Queima do dia 17/06,168,6/21/2025 12:00:00 AM,2025,jun,06,manejo,entorno,0,401.49210952283,AMAZÔNIA,GR 1 - NORTE,Núcleo de Gestão Integrada - ICMBio Humaitá,CR Porto V,,,,4138612.66210938,16180.5824913612,
360226,0000.00.0284,PARNA dos Campos Amazônicos,243.460766132357,queima prescrita,manejo,planet,Queima do dia 17/06,168,6/21/2025 12:00:00 AM,2025,jun,06,manejo,entorno,0,243.460766132357,AMAZÔNIA,GR 1 - NORTE,Núcleo de Gestão Integrada - ICMBio Humaitá,CR Porto V,,,,2509349.33691406,10016.7694751509,
360227,0000.00.0284,PARNA dos Campos Amazônicos,185.863519803589,queima prescrita,manejo,planet,Queima do dia 16/06,167,6/21/2025 12:00:00 AM,2025,jun,06,manejo,entorno,0,185.863519803589,AMAZÔNIA,GR 1 - NORTE,Núcleo de Gestão Integrada - ICMBio Humaitá,CR Porto V,,,,1915408.65332031,9439.09892875429,
360228,0000.00.0284,PARNA dos Campos Amazônicos,147.083312125973,queima prescrita,manejo,planet,Queima do dia 16/06,167,6/21/2025 12:00:00 AM,2025,jun,06,manejo,entorno,0,147.083312125973,AMAZÔNIA,GR 1 - NORTE,Núcleo de Gestão Integrada - ICMBio Humaitá,CR Porto V,,,,1515778.56494141,8830.85754049306,
360229,0000.00.0168,PARNA do Araguaia,166.800839727601,queima prescrita,manejo,planet,Queima do dia 02/07. Operação conjunta entre ICMBio e IBAMA,183,7/7/2025 12:00:00 AM,2025,jul,07,manejo,entorno,0,166.800839727601,CERRADO,GR 3 - CENTRO-OESTE,-, ,,,,1739848.93164063,9080.1653757354,
360230,0000.00.0168,PARNA do Araguaia,417.94998626767,queima prescrita,manejo,planet,Queima do dia 02/07. Operação conjunta entre ICMBio e IBAMA,183,7/7/2025 12:00:00 AM,2025,jul,07,manejo,entorno,0,417.94998626767,CERRADO,GR 3 - CENTRO-OESTE,-, ,,,,4358829.32617188,19523.9999092701,
360231,0000.00.0168,PARNA do Araguaia,221.967014530544,queima prescrita,manejo,planet,Queima do dia 02/07. Operação conjunta entre ICMBio e IBAMA,183,7/7/2025 12:00:00 AM,2025,jul,07,manejo,entorno,0,221.967014530544,CERRADO,GR 3 - CENTRO-OESTE,-, ,,,,2314541.07958984,11801.2580542903,
360232,0000.00.0139,PARNA da Chapada dos Veadeiros,0.0289307669150865,incendio,incendio,planet, ,187,7/7/2025 12:00:00 AM,2025,jul,07,incendio,entorno,0,0.0289307669150865,CERRADO,GR 3 - CENTRO-OESTE,-, ,,,,308.970703125,246.661948380932,
360233,0000.00.0168,PARNA do Araguaia,0.0838236469560089,queima prescrita,manejo,planet,Queima do dia 10/07,191,7/13/2025 12:00:00 AM,2025,jul,07,manejo,entorno,0,0.0838236469560089,CERRADO,GR 3 - CENTRO-OESTE,-, ,,,,872.873046875,334.989127903715,
360234,0000.00.0069,ESEC do Seridó,1.9985599122959,incendio,incendio,planet, ,328,12/2/2025 12:00:00 AM,2025,dez,12,incendio,entorno,0,1.9985599122959,CAATINGA,GR 2 - NORDESTE,-, ,,,,20383.4702148438,1673.16203442208,
360235,0000.00.0168,PARNA do Araguaia,209.314840130619,queima prescrita,manejo,planet,Queima entre os dias 03/07 e 04/07. Operação conjunta entre ICMBio e IBAMA,184,7/13/2025 12:00:00 AM,2025,jul,07,manejo,entorno,0,209.314840130619,CERRADO,GR 3 - CENTRO-OESTE,-, ,,,,2184432.41210938,13476.0780719281,
360236,0000.00.0168,PARNA do Araguaia,2.84416337248916,queima prescrita,manejo,planet,Queima do dia 10/07. Operação conjunta entre ICMBio e IBAMA,191,7/13/2025 12:00:00 AM,2025,jul,07,manejo,entorno,0,2.84416337248916,CERRADO,GR 3 - CENTRO-OESTE,-, ,,,,29621.17578125,839.015234249243,
360237,0000.00.0168,PARNA do Araguaia,206.664706464081,queima prescrita,manejo,planet,Queima do dia 12/07. Operação conjunta entre ICMBio e IBAMA,193,7/13/2025 12:00:00 AM,2025,jul,07,manejo,entorno,0,206.664706464081,CERRADO,GR 3 - CENTRO-OESTE,-, ,,,,2155052.62353516,14143.3581934588,
360238,0000.00.0168,PARNA do Araguaia,53.9298299864658,queima prescrita,manejo,planet,Queima do dia 12/07. Operação conjunta entre ICMBio e IBAMA,193,7/13/2025 12:00:00 AM,2025,jul,07,manejo,entorno,0,53.9298299864658,CERRADO,GR 3 - CENTRO-OESTE,-, ,,,,562449.417480469,4024.19996639498,
360239,0000.00.0168,PARNA do Araguaia,5.26922341802382,queima prescrita,manejo,planet,Queima entre os dias 03/07 e 04/07. Operação conjunta entre ICMBio e IBAMA,184,7/13/2025 12:00:00 AM,2025,jul,07,manejo,entorno,0,5.26922341802382,CERRADO,GR 3 - CENTRO-OESTE,-, ,,,,54957.44140625,1267.08435262365,
360240,0000.00.0168,PARNA do Araguaia,2.25693634908057,queima prescrita,manejo,planet,Queima entre os dias 03/07 e 04/07. Operação conjunta entre ICMBio e IBAMA,184,7/13/2025 12:00:00 AM,2025,jul,07,manejo,entorno,0,2.25693634908057,CERRADO,GR 3 - CENTRO-OESTE,-, ,,,,23540.4575195313,702.278862295893,
360241,0000.00.0168,PARNA do Araguaia,11.2254451217894,queima prescrita,manejo,planet,Queima entre os dias 03/07 e 04/07. Operação conjunta entre ICMBio e IBAMA,184,7/13/2025 12:00:00 AM,2025,jul,07,manejo,entorno,0,11.2254451217894,CERRADO,GR 3 - CENTRO-OESTE,-, ,,,,117087.098632813,2630.93152976899,
360242,0000.00.0168,PARNA do Araguaia,3.26001487555749,queima prescrita,manejo,planet,Queima entre os dias 03/07 e 04/07. Operação conjunta entre ICMBio e IBAMA,184,7/13/2025 12:00:00 AM,2025,jul,07,manejo,entorno,0,3.26001487555749,CERRADO,GR 3 - CENTRO-OESTE,-, ,,,,34004.4291992188,867.829037526223,
360243,0000.00.0168,PARNA do Araguaia,194.060271285519,queima prescrita,manejo,planet,Queima entre os dias 03/07 e 04/07. Operação conjunta entre ICMBio e IBAMA,184,7/13/2025 12:00:00 AM,2025,jul,07,manejo,entorno,0,194.060271285519,CERRADO,GR 3 - CENTRO-OESTE,-, ,,,,2025240.07910156,14703.5123817021,
360244,0000.00.0168,PARNA do Araguaia,2.03819209084968,queima prescrita,manejo,planet,Queima do dia 07/07. Operação conjunta entre ICMBio e IBAMA,188,7/13/2025 12:00:00 AM,2025,jul,07,manejo,entorno,0,2.03819209084968,CERRADO,GR 3 - CENTRO-OESTE,-, ,,,,21252.841796875,1020.52617874514,
360245,0000.00.0146,PARNA da Serra das Confusões,20.9731900748407,incendio,incendio,planet, ,191,7/14/2025 12:00:00 AM,2025,jul,07,incendio,entorno,0,20.9731900748407,CERRADO,GR 2 - NORDESTE,-, ,,,,216571.043945313,2958.24452983648,
360246,0000.00.0216,REBIO Nascentes da Serra do Cachimbo,14.6408351064662,queima prescrita,manejo,planet,Queima do dia 13/07,191,7/14/2025 12:00:00 AM,2025,jul,07,manejo,entorno,0,14.6408351064662,AMAZÔNIA,GR 1 - NORTE,Núcleo de Gestão Integrada - ICMBio Serra do Cachimbo,CR Oeste d,,,,150809.438964844,2447.42049951285,
360247,0000.00.0076,ESEC Serra Geral do Tocantins,1.09047340900469,incendio,incendio,planet, ,195,7/15/2025 12:00:00 AM,2025,jul,07,incendio,entorno,0,1.09047340900469,CERRADO,GR 3 - CENTRO-OESTE,-, ,,,,11389.9638671875,569.831037439922,
360248,0000.00.0010,APA da Região Serrana de Petrópolis,0.0543821281625451,incendio,incendio,planet, ,261,12/30/2025 12:00:00 AM,2025,dez,12,incendio,entorno,0,0.0543821281625451,MATA ATLÂNTICA,GR 4 - SUDESTE,-, ,,,,640.2763671875,242.001031257812,
360249,0000.00.0076,ESEC Serra Geral do Tocantins,762.791728024575,incendio,incendio,planet, ,194,7/15/2025 12:00:00 AM,2025,jul,07,incendio,entorno,0,762.791728024575,CERRADO,GR 3 - CENTRO-OESTE,-, ,,,,7965531.07958984,18927.1782602556,
360250,0000.00.0076,ESEC Serra Geral do Tocantins,358.39377900351,incendio,incendio,planet, ,185,7/15/2025 12:00:00 AM,2025,jul,07,incendio,entorno,0,358.39377900351,CERRADO,GR 3 - CENTRO-OESTE,-, ,,,,3745515.41210938,15463.0406611438,
360251,0000.00.0076,ESEC Serra Geral do Tocantins,354.873291991582,incendio,incendio,planet, ,187,7/15/2025 12:00:00 AM,2025,jul,07,incendio,entorno,0,354.873291991582,CERRADO,GR 3 - CENTRO-OESTE,-, ,,,,3696190.91455078,14151.0210885106,
360252,0000.00.0076,ESEC Serra Geral do Tocantins,3.15284105158846,incendio,incendio,planet, ,188,7/15/2025 12:00:00 AM,2025,jul,07,incendio,entorno,0,3.15284105158846,CERRADO,GR 3 - CENTRO-OESTE,-, ,,,,32991.6235351563,1002.13682618087,
360253,0000.00.0272,PARNA da Chapada das Mesas,0.216432149389965,queima prescrita,manejo,planet,Queima do dia 17/06,168,7/15/2025 12:00:00 AM,2025,jul,07,manejo,entorno,0,0.216432149389965,CERRADO,GR 2 - NORDESTE,-, ,,,,2210.5185546875,308.943248110948,
360254,0000.00.0272,PARNA da Chapada das Mesas,0.347386595098403,queima prescrita,manejo,planet,Queima do dia 18/06,169,7/15/2025 12:00:00 AM,2025,jul,07,manejo,entorno,0,0.347386595098403,CERRADO,GR 2 - NORDESTE,-, ,,,,3552.23193359375,312.063447142249,
360255,0000.00.0272,PARNA da Chapada das Mesas,123.608057190353,queima prescrita,manejo,planet,Queima do dia 17/06,168,7/15/2025 12:00:00 AM,2025,jul,07,manejo,entorno,0,123.608057190353,CERRADO,GR 2 - NORDESTE,-, ,,,,1262743.31567383,7433.81251765602,
360256,0000.00.0168,PARNA do Araguaia,523.377443441324,queima prescrita,manejo,planet,Queima do dia 08/07. Operação conjunta entre ICMBio e IBAMA,189,7/16/2025 12:00:00 AM,2025,jul,07,manejo,entorno,0,523.377443441324,CERRADO,GR 3 - CENTRO-OESTE,-, ,,,,5466354.52978516,11870.034453889,
360257,0000.00.0168,PARNA do Araguaia,1.91065013443315,queima prescrita,manejo,planet,Queima do dia 09/07. Operação conjunta entre ICMBio e IBAMA,190,7/16/2025 12:00:00 AM,2025,jul,07,manejo,entorno,0,1.91065013443315,CERRADO,GR 3 - CENTRO-OESTE,-, ,,,,19944.6591796875,734.632101322759,
360258,0000.00.0168,PARNA do Araguaia,181.973445947951,queima prescrita,manejo,planet,Queima do dia 09/07. Operação conjunta entre ICMBio e IBAMA,190,7/16/2025 12:00:00 AM,2025,jul,07,manejo,entorno,0,181.973445947951,CERRADO,GR 3 - CENTRO-OESTE,-, ,,,,1899465.54003906,6870.50064057318,
360259,0000.00.0168,PARNA do Araguaia,16.0961408220681,queima prescrita,manejo,planet,Queima do dia 10/07. Operação conjunta entre ICMBio e IBAMA,191,7/16/2025 12:00:00 AM,2025,jul,07,manejo,entorno,0,16.0961408220681,CERRADO,GR 3 - CENTRO-OESTE,-, ,,,,167966.677734375,2514.28716382993,
360260,0000.00.0168,PARNA do Araguaia,64.0543727297255,queima prescrita,manejo,planet,Queima do dia 10/07. Operação conjunta entre ICMBio e IBAMA,191,7/16/2025 12:00:00 AM,2025,jul,07,manejo,entorno,0,64.0543727297255,CERRADO,GR 3 - CENTRO-OESTE,-, ,,,,668379.306152344,4499.5384854204,
360261,0000.00.0168,PARNA do Araguaia,22.5567311833462,queima prescrita,manejo,planet,Queima do dia 13/07. Operação conjunta entre ICMBio e IBAMA,194,7/16/2025 12:00:00 AM,2025,jul,07,manejo,entorno,0,22.5567311833462,CERRADO,GR 3 - CENTRO-OESTE,-, ,,,,235440.823242188,4615.86434358035,
360262,0000.00.0168,PARNA do Araguaia,65.5483181658493,queima prescrita,manejo,planet,Queima do dia 13/07. Operação conjunta entre ICMBio e IBAMA,194,7/16/2025 12:00:00 AM,2025,jul,07,manejo,entorno,0,65.5483181658493,CERRADO,GR 3 - CENTRO-OESTE,-, ,,,,684250.837402344,6076.66539049735,
360263,0000.00.0168,PARNA do Araguaia,39.2186892691166,queima prescrita,manejo,planet,Queima do dia 13/07. Operação conjunta entre ICMBio e IBAMA,194,7/16/2025 12:00:00 AM,2025,jul,07,manejo,entorno,0,39.2186892691166,CERRADO,GR 3 - CENTRO-OESTE,-, ,,,,409422.266601563,3366.201120105,
360264,0000.00.0168,PARNA do Araguaia,5.7771396358537,queima prescrita,manejo,planet,Queima do dia 15/07. Operação conjunta entre ICMBio e IBAMA,196,7/16/2025 12:00:00 AM,2025,jul,07,manejo,entorno,0,5.7771396358537,CERRADO,GR 3 - CENTRO-OESTE,-, ,,,,60313.1166992188,1705.70144239562,
360265,0000.00.0168,PARNA do Araguaia,5.30485890328945,queima prescrita,manejo,planet,Queima do dia 15/07. Operação conjunta entre ICMBio e IBAMA,196,7/16/2025 12:00:00 AM,2025,jul,07,manejo,entorno,0,5.30485890328945,CERRADO,GR 3 - CENTRO-OESTE,-, ,,,,55383.880859375,1543.17108961885,
360266,0000.00.0168,PARNA do Araguaia,60.8684477732463,queima prescrita,manejo,planet,Queima do dia 15/07. Operação conjunta entre ICMBio e IBAMA,196,7/16/2025 12:00:00 AM,2025,jul,07,manejo,entorno,0,60.8684477732463,CERRADO,GR 3 - CENTRO-OESTE,-, ,,,,635518.795898438,6827.85505048768,
360267,0000.00.0168,PARNA do Araguaia,107.76286582626,queima prescrita,manejo,planet,Queima do dia 15/07. Operação conjunta entre ICMBio e IBAMA,196,7/16/2025 12:00:00 AM,2025,jul,07,manejo,entorno,0,107.76286582626,CERRADO,GR 3 - CENTRO-OESTE,-, ,,,,1125297.83789063,8238.43145318576,
360268,0000.00.0168,PARNA do Araguaia,17.7577413380573,queima prescrita,manejo,planet,Queima do dia 11/07. Operação conjunta entre ICMBio e IBAMA,192,7/17/2025 12:00:00 AM,2025,jul,07,manejo,entorno,0,17.7577413380573,CERRADO,GR 3 - CENTRO-OESTE,-, ,,,,185232.74609375,3057.05230950865,
360269,0000.00.0168,PARNA do Araguaia,1660.67605619876,queima prescrita,manejo,planet,Queima do dia 16/07. Operação conjunta entre ICMBio e IBAMA,197,7/17/2025 12:00:00 AM,2025,jul,07,manejo,entorno,0,1660.67605619876,CERRADO,GR 3 - CENTRO-OESTE,-, ,,,,17364733.0068359,34688.9320032558,
360270,0000.00.0168,PARNA do Araguaia,7.30006705472824,queima prescrita,manejo,planet,Queima do dia 21/07,202,7/23/2025 12:00:00 AM,2025,jul,07,manejo,entorno,0,7.30006705472824,CERRADO,GR 3 - CENTRO-OESTE,-, ,,,,76384.4340820313,1343.64914276838,
360271,0000.00.0168,PARNA do Araguaia,46.9994172726066,queima prescrita,manejo,planet,Queima do dia 16/07,197,7/17/2025 12:00:00 AM,2025,jul,07,manejo,entorno,0,46.9994172726066,CERRADO,GR 3 - CENTRO-OESTE,-, ,,,,490791.008789063,3167.11292374989,
360272,0000.00.0168,PARNA do Araguaia,238.601553657422,queima prescrita,manejo,planet,Queima do dia 16/07,197,7/16/2025 12:00:00 AM,2025,jul,07,manejo,entorno,0,238.601553657422,CERRADO,GR 3 - CENTRO-OESTE,-, ,,,,2490425.40478516,6519.75935764896,
360273,0000.00.0168,PARNA do Araguaia,1.52500243281177,queima prescrita,manejo,planet,Queima do dia 21/07,202,7/23/2025 12:00:00 AM,2025,jul,07,manejo,entorno,0,1.52500243281177,CERRADO,GR 3 - CENTRO-OESTE,-, ,,,,15957.4418945313,700.324757897137,
360274,0000.00.0168,PARNA do Araguaia,623.892615192033,queima prescrita,manejo,planet,Queima do dia 16/07,197,7/17/2025 12:00:00 AM,2025,jul,07,manejo,entorno,0,623.892615192033,CERRADO,GR 3 - CENTRO-OESTE,-, ,,,,6514506.38867188,18870.3787138048,
360275,0000.00.0159,PARNA de Brasília,0.00191455200719344,queima prescrita,manejo,planet,Queima do dia 16/07,197,7/22/2025 12:00:00 AM,2025,jul,07,manejo,entorno,0,0.00191455200719344,CERRADO,GR 3 - CENTRO-OESTE,Núcleo de Gestão Integrada - ICMBio Brasília-Contagem, ,,,,20.76171875,57.9467053137794,
360276,0000.00.0159,PARNA de Brasília,0.790199789276611,queima prescrita,manejo,planet,Queima do dia 16/07,197,7/22/2025 12:00:00 AM,2025,jul,07,manejo,entorno,0,0.790199789276611,CERRADO,GR 3 - CENTRO-OESTE,Núcleo de Gestão Integrada - ICMBio Brasília-Contagem, ,,,,8569.4462890625,1347.02206853286,
360277,0000.00.0168,PARNA do Araguaia,1061.44261573762,queima prescrita,manejo,planet,Queima do dia 18/07. Operação conjunta entre ICMBio e IBAMA,199,7/21/2025 12:00:00 AM,2025,jul,07,manejo,entorno,0,1061.44261573762,CERRADO,GR 3 - CENTRO-OESTE,-, ,,,,11088160.0561523,24116.8395391641,
360278,0000.00.0116,FLONA do Bom Futuro,4.06364466867914,incendio,incendio,planet, ,198,7/22/2025 12:00:00 AM,2025,jul,07,incendio,entorno,0,4.06364466867914,AMAZÔNIA,GR 1 - NORTE,Núcleo de Gestão Integrada - ICMBio Porto Velho,CR Porto V,,,,42037.0703125,1833.63666545634,
360279,0000.00.0168,PARNA do Araguaia,60.9257881742206,queima prescrita,manejo,planet,Queima do dia 17/07. Operação conjunta entre ICMBio e IBAMA,198,7/21/2025 12:00:00 AM,2025,jul,07,manejo,entorno,0,60.9257881742206,CERRADO,GR 3 - CENTRO-OESTE,-, ,,,,635267.812011719,5555.23171978327,
360280,0000.00.0168,PARNA do Araguaia,180.871794838662,queima prescrita,manejo,planet,Queima do dia 17/07. Operação conjunta entre ICMBio e IBAMA,198,7/21/2025 12:00:00 AM,2025,jul,07,manejo,entorno,0,180.871794838662,CERRADO,GR 3 - CENTRO-OESTE,-, ,,,,1885833.29785156,9498.94868872836,
360281,0000.00.0168,PARNA do Araguaia,185.938785563295,queima prescrita,manejo,planet,Queima do dia 23/07. Operação conjunta entre ICMBio e IBAMA,204,7/17/2025 12:00:00 AM,2025,jul,07,manejo,entorno,0,185.938785563295,CERRADO,GR 3 - CENTRO-OESTE,-, ,,,,1944902.91894531,9151.37117424058,
360282,0000.00.0159,PARNA de Brasília,6.3850105942102,aceiro,manejo,planet,Queima do dia 18/07,199,7/22/2025 12:00:00 AM,2025,jul,07,manejo,entorno,0,6.3850105942102,CERRADO,GR 3 - CENTRO-OESTE,Núcleo de Gestão Integrada - ICMBio Brasília-Contagem, ,,,,69296.77734375,13786.922716982,
360283,0000.00.0216,REBIO Nascentes da Serra do Cachimbo,323.638783370541,incendio,incendio,planet, ,199,7/22/2025 12:00:00 AM,2025,jul,07,incendio,entorno,0,323.638783370541,AMAZÔNIA,GR 1 - NORTE,Núcleo de Gestão Integrada - ICMBio Serra do Cachimbo,CR Oeste d,,,,3343965.8125,11230.5180452755,
360284,0000.00.0168,PARNA do Araguaia,500.693127831706,queima prescrita,manejo,planet,Queima do dia 16/07. Operação conjunta entre ICMBio e IBAMA,197,7/23/2025 12:00:00 AM,2025,jul,07,manejo,entorno,0,500.693127831706,CERRADO,GR 3 - CENTRO-OESTE,-, ,,,,5236944.18603516,26016.5854759157,
360285,0000.00.0168,PARNA do Araguaia,32.6425932497652,queima prescrita,manejo,planet,Queima do dia 21/07. Operação conjunta entre ICMBio e IBAMA,202,7/23/2025 12:00:00 AM,2025,jul,07,manejo,entorno,0,32.6425932497652,CERRADO,GR 3 - CENTRO-OESTE,-, ,,,,341269.966796875,4580.05439772903,
360286,0000.00.0168,PARNA do Araguaia,102.187831420586,queima prescrita,manejo,planet,Queima do dia 21/07. Operação conjunta entre ICMBio e IBAMA,202,7/23/2025 12:00:00 AM,2025,jul,07,manejo,entorno,0,102.187831420586,CERRADO,GR 3 - CENTRO-OESTE,-, ,,,,1068588.26806641,6518.54584350843,
360287,0000.00.0168,PARNA do Araguaia,5.72104320543704,queima prescrita,manejo,planet,Queima do dia 21/07. Operação conjunta entre ICMBio e IBAMA,202,7/23/2025 12:00:00 AM,2025,jul,07,manejo,entorno,0,5.72104320543704,CERRADO,GR 3 - CENTRO-OESTE,-, ,,,,59828.8999023438,925.564536245586,
360288,0000.00.0168,PARNA do Araguaia,1.01511465846114,queima prescrita,manejo,planet,Queima do dia 21/07. Operação conjunta entre ICMBio e IBAMA,202,7/23/2025 12:00:00 AM,2025,jul,07,manejo,entorno,0,1.01511465846114,CERRADO,GR 3 - CENTRO-OESTE,-, ,,,,10615.2758789063,385.971414832518,
360289,0000.00.0168,PARNA do Araguaia,18.2161583014329,queima prescrita,manejo,planet,Queima do dia 21/07. Operação conjunta entre ICMBio e IBAMA,202,7/23/2025 12:00:00 AM,2025,jul,07,manejo,entorno,0,18.2161583014329,CERRADO,GR 3 - CENTRO-OESTE,-, ,,,,190498.943359375,2945.02236282673,
360290,0000.00.0168,PARNA do Araguaia,884.081259168349,queima prescrita,manejo,planet,Queima do dia 21/07. Operação conjunta entre ICMBio e IBAMA,202,7/23/2025 12:00:00 AM,2025,jul,07,manejo,entorno,0,884.081259168349,CERRADO,GR 3 - CENTRO-OESTE,-, ,,,,9247398.83935547,26294.129538184,
360291,0000.00.0168,PARNA do Araguaia,4.26034307250307,queima prescrita,manejo,planet,Queima do dia 21/07,202,7/23/2025 12:00:00 AM,2025,jul,07,manejo,entorno,0,4.26034307250307,CERRADO,GR 3 - CENTRO-OESTE,-, ,,,,44576.8842773438,1093.04931529496,
360292,0000.00.0168,PARNA do Araguaia,162.873817837906,queima prescrita,manejo,planet,Queima do dia 21/07,202,7/23/2025 12:00:00 AM,2025,jul,07,manejo,entorno,0,162.873817837906,CERRADO,GR 3 - CENTRO-OESTE,-, ,,,,1704353.80078125,9050.79779140469,
360293,0000.00.0053,ESEC de Cuniã,144.957918730859,queima prescrita,manejo,planet,Queima do dia 22/07,203,7/24/2025 12:00:00 AM,2025,jul,07,manejo,entorno,0,144.957918730859,AMAZÔNIA,GR 1 - NORTE,Núcleo de Gestão Integrada - ICMBio Cuniã-Jacundá,CR Porto V,,,,1489169.24804688,6585.9336694435,
360294,0000.00.0206,REBIO do Guaporé,13.7795558464448,queima prescrita,manejo,planet,Queima entre os dias 21/07 e 23/07,204,7/24/2025 12:00:00 AM,2025,jul,07,manejo,entorno,0,13.7795558464448,AMAZÔNIA,GR 1 - NORTE,Núcleo de Gestão Integrada - ICMBio Cautário-Guaporé, ,,,,145284.411132813,5430.01535532679,
360295,0000.00.0086,FLONA de Brasília,3.97683058178923,queima prescrita,manejo,planet,Queima do dia 09/08,221,8/11/2025 12:00:00 AM,2025,ago,08,manejo,entorno,0,3.97683058178923,CERRADO,GR 3 - CENTRO-OESTE,Núcleo de Gestão Integrada - ICMBio Descoberto-Brasília, ,,,,43184.205078125,2035.61782878296,
360296,0000.00.0168,PARNA do Araguaia,127.758457792062,queima prescrita,manejo,planet,Queima do dia 03/07. Operação conjunta entre ICMBio e IBAMA,184,7/17/2025 12:00:00 AM,2025,jul,07,manejo,entorno,0,127.758457792062,CERRADO,GR 3 - CENTRO-OESTE,-, ,,,,1336383.69238281,8900.91011699362,
360297,0000.00.0168,PARNA do Araguaia,109.259019695915,queima prescrita,manejo,planet,Queima do dia 02/07. Operação conjunta entre ICMBio e IBAMA,183,7/17/2025 12:00:00 AM,2025,jul,07,manejo,entorno,0,109.259019695915,CERRADO,GR 3 - CENTRO-OESTE,-, ,,,,1142997.15039063,8152.95154955399,
360298,0000.00.0168,PARNA do Araguaia,4.90899492968387,queima prescrita,manejo,planet,Queima do dia 22/07. Operação conjunta entre ICMBio e IBAMA,203,7/23/2025 12:00:00 AM,2025,jul,07,manejo,entorno,0,4.90899492968387,CERRADO,GR 3 - CENTRO-OESTE,-, ,,,,51336.2470703125,1178.10060710181,
360299,0000.00.0168,PARNA do Araguaia,922.142271576849,queima prescrita,manejo,planet,Queima do dia 22/07. Operação conjunta entre ICMBio e IBAMA,203,7/23/2025 12:00:00 AM,2025,jul,07,manejo,entorno,0,922.142271576849,CERRADO,GR 3 - CENTRO-OESTE,-, ,,,,9645240.23388672,32199.5035591167,
360300,0000.00.0168,PARNA do Araguaia,450.79480314259,incendio,incendio,planet, ,169,6/26/2025 12:00:00 AM,2025,jun,06,incendio,entorno,0,450.79480314259,CERRADO,GR 3 - CENTRO-OESTE,-, ,,,,4713403.78613281,13576.8276761834,
360301,0000.00.0168,PARNA do Araguaia,101.602693351276,queima prescrita,manejo,planet,Queima do dia 21/07. Operação conjunta entre ICMBio e IBAMA,202,7/23/2025 12:00:00 AM,2025,jul,07,manejo,entorno,0,101.602693351276,CERRADO,GR 3 - CENTRO-OESTE,-, ,,,,1062382.41064453,7599.89379683209,
360302,0000.00.0168,PARNA do Araguaia,2.98347778913311,queima prescrita,manejo,planet,Queima do dia 16/07. Operação conjunta entre ICMBio e IBAMA,197,7/17/2025 12:00:00 AM,2025,jul,07,manejo,entorno,0,2.98347778913311,CERRADO,GR 3 - CENTRO-OESTE,-, ,,,,31200.2260742188,866.81822115999,
360303,0000.00.0183,PARNA Grande Sertão Veredas,2.10320609017753,incendio,incendio,planet, ,217,8/6/2025 12:00:00 AM,2025,ago,08,incendio,entorno,0,2.10320609017753,CERRADO,GR 4 - SUDESTE,-, ,,,,22697.294921875,918.121917122096,
360304,0000.00.0076,ESEC Serra Geral do Tocantins,95.424002729768,incendio,incendio,planet, ,202,7/24/2025 12:00:00 AM,2025,jul,07,incendio,entorno,0,95.424002729768,CERRADO,GR 3 - CENTRO-OESTE,-, ,,,,994182.754394531,12222.5699054657,
360305,0000.00.0206,REBIO do Guaporé,9.0455257441616,queima prescrita,manejo,planet,Queima entre os dias 21/07 e 23/07,201,7/22/2025 12:00:00 AM,2025,jul,07,manejo,entorno,0,9.0455257441616,AMAZÔNIA,GR 1 - NORTE,Núcleo de Gestão Integrada - ICMBio Cautário-Guaporé, ,,,,95357.673828125,1601.0011301666,
360306,0000.00.0138,PARNA da Chapada dos Guimaraes,3.03270977489306,queima prescrita,manejo,planet,Queima do dia 10/07,191,7/14/2025 12:00:00 AM,2025,jul,07,manejo,entorno,0,3.03270977489306,CERRADO,GR 3 - CENTRO-OESTE,-, ,,,,32770.193359375,853.259492563121,
360307,0000.00.0138,PARNA da Chapada dos Guimaraes,12.3412269732387,queima prescrita,manejo,planet,Queima do dia 10/07,191,7/14/2025 12:00:00 AM,2025,jul,07,manejo,entorno,0,12.3412269732387,CERRADO,GR 3 - CENTRO-OESTE,-, ,,,,133350.661132813,1737.58366301272,
360308,0000.00.0272,PARNA da Chapada das Mesas,5.47177516831192,queima prescrita,manejo,planet,Queima do dia 18/06,169,7/29/2025 12:00:00 AM,2025,jul,07,manejo,entorno,0,5.47177516831192,CERRADO,GR 2 - NORDESTE,-, ,,,,55922.9609375,1940.68955657093,
360309,0000.00.0272,PARNA da Chapada das Mesas,98.1587542877497,queima prescrita,manejo,planet,Queima do dia 27/06,178,7/5/2025 12:00:00 AM,2025,jul,07,manejo,entorno,0,98.1587542877497,CERRADO,GR 2 - NORDESTE,-, ,,,,1004394.12744141,9300.59021876889,
360310,0000.00.0027,APA Morro da Pedreira,3.82663358917589,incendio,incendio,planet, ,209,7/30/2025 12:00:00 AM,2025,jul,07,incendio,entorno,0,3.82663358917589,CERRADO,GR 4 - SUDESTE,Núcleo de Gestão Integrada - ICMBio Cipó-Pedreira, ,,,,43070.9052734375,2320.04639232808,
360311,0000.00.0006,APA da Baleia Franca,8.22175578739899,incendio,incendio,planet, ,210,7/31/2025 12:00:00 AM,2025,jul,07,incendio,entorno,0,8.22175578739899,MATA ATLÂNTICA,GR 5 - SUL,-, ,,,,106536.751953125,1857.77414338084,
360312,0000.00.0010,APA da Região Serrana de Petrópolis,2.20139058479707,incendio,incendio,planet, ,195,7/16/2025 12:00:00 AM,2025,jul,07,incendio,entorno,0,2.20139058479707,MATA ATLÂNTICA,GR 4 - SUDESTE,-, ,,,,25960.5361328125,1195.36815843177,
360313,0000.00.0168,PARNA do Araguaia,28.7783788000161,incendio,incendio,planet, ,207,7/27/2025 12:00:00 AM,2025,jul,07,incendio,entorno,0,28.7783788000161,CERRADO,GR 3 - CENTRO-OESTE,-, ,,,,299482.371582031,4027.10091207261,
360314,0000.00.0076,ESEC Serra Geral do Tocantins,2694.5458655128,incendio,incendio,planet, ,214,8/4/2025 12:00:00 AM,2025,ago,08,incendio,entorno,0,2694.5458655128,CERRADO,GR 3 - CENTRO-OESTE,-, ,,,,28037613.0317383,55066.8592958467,
360315,0000.00.0277,PARNA dos Campos Gerais,54.304583044198,incendio,incendio,planet, ,198,7/19/2025 12:00:00 AM,2025,jul,07,incendio,entorno,0,54.304583044198,MATA ATLÂNTICA,GR 5 - SUL,Núcleo de Gestão Integrada - ICMBio Campos Gerais, ,,,,664337.82421875,5378.31689705303,
360316,0000.00.0278,REVIS dos Campos de Palmas,0.814492750236223,incendio,incendio,planet, ,211,7/31/2025 12:00:00 AM,2025,jul,07,incendio,entorno,0,0.814492750236223,MATA ATLÂNTICA,GR 5 - SUL,Núcleo de Gestão Integrada - ICMBio Palmas, ,,,,10211.2470703125,418.950269382122,
360317,0000.00.0278,REVIS dos Campos de Palmas,20.0078725501733,incendio,incendio,planet, ,211,7/31/2025 12:00:00 AM,2025,jul,07,incendio,entorno,0,20.0078725501733,MATA ATLÂNTICA,GR 5 - SUL,Núcleo de Gestão Integrada - ICMBio Palmas, ,,,,251171.00390625,5247.54533563268,
360318,0000.00.0027,APA Morro da Pedreira,33.6608911593986,queima prescrita,manejo,planet,Queima do dia 07/08,219,8/10/2025 12:00:00 AM,2025,ago,08,manejo,entorno,0,33.6608911593986,CERRADO,GR 4 - SUDESTE,Núcleo de Gestão Integrada - ICMBio Cipó-Pedreira, ,,,,379192.9609375,9706.057390365,
360319,0000.00.0086,FLONA de Brasília,2.26450046399122,incendio,incendio,planet, ,219,8/10/2025 12:00:00 AM,2025,ago,08,incendio,entorno,0,2.26450046399122,CERRADO,GR 3 - CENTRO-OESTE,Núcleo de Gestão Integrada - ICMBio Descoberto-Brasília, ,,,,24598.8779296875,1574.86754004473,
360320,0000.00.0168,PARNA do Araguaia,77.2306020589281,queima prescrita,manejo,planet,Queima do dia 06/08,218,8/11/2025 12:00:00 AM,2025,ago,08,manejo,entorno,0,77.2306020589281,CERRADO,GR 3 - CENTRO-OESTE,-, ,,,,803712.405761719,4852.58766073209,
360321,0000.00.0153,PARNA da Serra Geral,290.388476654412,incendio,incendio,planet, ,219,8/11/2025 12:00:00 AM,2025,ago,08,incendio,entorno,0,290.388476654412,MATA ATLÂNTICA,GR 5 - SUL,Núcleo de Gestão Integrada - ICMBio Aparados da Serra, ,,,,3816717.2421875,19020.3915178225,
360322,0000.00.0139,PARNA da Chapada dos Veadeiros,0.952033515459734,aceiro,manejo,planet,"Queima do dia 02/07, realizada pelo PREVFOGO",183,7/21/2025 12:00:00 AM,2025,jul,07,manejo,entorno,0,0.952033515459734,CERRADO,GR 3 - CENTRO-OESTE,-, ,,,,10176.12109375,559.422476364897,
360323,0000.00.0272,PARNA da Chapada das Mesas,1.11663252689057,incendio,incendio,planet, ,157,8/11/2025 12:00:00 AM,2025,ago,08,incendio,entorno,0,1.11663252689057,CERRADO,GR 2 - NORDESTE,-, ,,,,11416.55078125,1252.43790724616,
360324,0000.00.0272,PARNA da Chapada das Mesas,229.390240533066,incendio,incendio,planet, ,129,5/28/2025 12:00:00 AM,2025,mai,05,incendio,entorno,0,229.390240533066,CERRADO,GR 2 - NORDESTE,-, ,,,,2346329.74316406,9299.95005096721,
360325,0000.00.0272,PARNA da Chapada das Mesas,33.8897589332657,incendio,incendio,planet, ,133,5/15/2025 12:00:00 AM,2025,mai,05,incendio,entorno,0,33.8897589332657,CERRADO,GR 2 - NORDESTE,-, ,,,,346620.989990234,2882.29586181931,
360326,0000.00.0272,PARNA da Chapada das Mesas,0.609923861541894,queima prescrita,manejo,planet,Queima do dia 22/06,173,8/11/2025 12:00:00 AM,2025,ago,08,manejo,entorno,0,0.609923861541894,CERRADO,GR 2 - NORDESTE,-, ,,,,6238.4521484375,581.686332041418,
360327,0000.00.0139,PARNA da Chapada dos Veadeiros,12.6811283853889,incendio,incendio,planet, ,273,10/2/2025 12:00:00 AM,2025,out,10,incendio,entorno,0,12.6811283853889,CERRADO,GR 3 - CENTRO-OESTE,-, ,,,,135533.923339844,1962.98740339824,
360328,0000.00.0156,PARNA das Nascentes do Rio Parnaíba,264.124942143085,queima prescrita,manejo,planet,Queima do dia 06/06,157,8/9/2025 12:00:00 AM,2025,ago,08,manejo,entorno,0,264.124942143085,CERRADO,GR 2 - NORDESTE,-, ,,,,2744316.57275391,8220.40117988688,
360329,0000.00.1633,PARNA Mapinguari,0.586211054005469,incendio,incendio,planet, ,227,8/16/2025 12:00:00 AM,2025,ago,08,incendio,entorno,0,0.586211054005469,AMAZÔNIA,GR 1 - NORTE,Núcleo de Gestão Integrada - ICMBio Porto Velho,CR Porto V,,,,6039.82568359375,418.633747016601,
360330,0000.00.0168,PARNA do Araguaia,2.32650354835945,incendio,incendio,planet, ,224,8/18/2025 12:00:00 AM,2025,ago,08,incendio,entorno,0,2.32650354835945,CERRADO,GR 3 - CENTRO-OESTE,-, ,,,,24153.5014648438,2570.74715826545,
360331,0000.00.0144,PARNA da Serra da Canastra,17.6280050103866,incendio,incendio,planet, ,238,8/27/2025 12:00:00 AM,2025,ago,08,incendio,entorno,0,17.6280050103866,CERRADO,GR 4 - SUDESTE,-, ,,,,201602.85546875,2745.3793195611,
360332,0000.00.0139,PARNA da Chapada dos Veadeiros,159.259407371621,incendio,incendio,planet, ,229,8/19/2025 12:00:00 AM,2025,ago,08,incendio,entorno,0,159.259407371621,CERRADO,GR 3 - CENTRO-OESTE,-, ,,,,1702903.25439453,7599.32826952258,
360333,0000.00.0168,PARNA do Araguaia,8.18049350068321,incendio,incendio,planet, ,236,8/26/2025 12:00:00 AM,2025,ago,08,incendio,entorno,0,8.18049350068321,CERRADO,GR 3 - CENTRO-OESTE,-, ,,,,85111.328125,2720.68746774452,
360334,0000.00.0272,PARNA da Chapada das Mesas,6.05554595646862,incendio,incendio,planet, ,239,8/27/2025 12:00:00 AM,2025,ago,08,incendio,entorno,0,6.05554595646862,CERRADO,GR 2 - NORDESTE,-, ,,,,61949.0600585938,1271.06422012071,
360335,0000.00.0146,PARNA da Serra das Confusões,2087.65826949264,incendio,incendio,planet, ,238,8/28/2025 12:00:00 AM,2025,ago,08,incendio,entorno,0,2087.65826949264,CERRADO,GR 2 - NORDESTE,-, ,,,,21476264.222168,38562.8136359834,
360336,0000.00.0168,PARNA do Araguaia,2.37879255856918,incendio,incendio,planet, ,280,10/10/2025 12:00:00 AM,2025,out,10,incendio,entorno,0,2.37879255856918,CERRADO,GR 3 - CENTRO-OESTE,-, ,,,,24768.3061523438,2144.80937595732,
360337,0000.00.0168,PARNA do Araguaia,12.9720244679612,incendio,incendio,planet, ,280,10/10/2025 12:00:00 AM,2025,out,10,incendio,entorno,0,12.9720244679612,CERRADO,GR 3 - CENTRO-OESTE,-, ,,,,135083.291015625,1830.25643451856,
360338,0000.00.0053,ESEC de Cuniã,3903.12656073082,incendio,incendio,planet, ,235,8/28/2025 12:00:00 AM,2025,ago,08,incendio,entorno,0,3903.12656073082,AMAZÔNIA,GR 1 - NORTE,Núcleo de Gestão Integrada - ICMBio Cuniã-Jacundá,CR Porto V,,,,40047705.590332,86013.866891364,
360339,0000.00.0146,PARNA da Serra das Confusões,123.935171169782,incendio,incendio,planet, ,244,9/4/2025 12:00:00 AM,2025,set,09,incendio,entorno,0,123.935171169782,CERRADO,GR 2 - NORDESTE,-, ,,,,1274982.51757813,7885.37086263012,
360340,0000.00.0168,PARNA do Araguaia,0.858771351198855,incendio,incendio,planet, ,217,8/25/2025 12:00:00 AM,2025,ago,08,incendio,entorno,0,0.858771351198855,CERRADO,GR 3 - CENTRO-OESTE,-, ,,,,8974.33837890625,1003.84537350982,
360341,0000.00.0168,PARNA do Araguaia,58.0037921047637,incendio,incendio,planet, ,228,8/25/2025 12:00:00 AM,2025,ago,08,incendio,entorno,0,58.0037921047637,CERRADO,GR 3 - CENTRO-OESTE,-, ,,,,606099.167480469,4155.71341143806,
360342,0000.00.0168,PARNA do Araguaia,0.0311125091015322,incendio,incendio,planet, ,236,8/25/2025 12:00:00 AM,2025,ago,08,incendio,entorno,0,0.0311125091015322,CERRADO,GR 3 - CENTRO-OESTE,-, ,,,,325.1357421875,121.190122783505,
360343,0000.00.0168,PARNA do Araguaia,0.476111444156402,incendio,incendio,planet, ,236,8/25/2025 12:00:00 AM,2025,ago,08,incendio,entorno,0,0.476111444156402,CERRADO,GR 3 - CENTRO-OESTE,-, ,,,,4976.14208984375,273.160175769623,
360344,0000.00.0219,REVIS das Veredas do Oeste Baiano,107.07564876241,incendio,incendio,planet, ,262,9/21/2025 12:00:00 AM,2025,set,09,incendio,entorno,0,107.07564876241,CERRADO,GR 3 - CENTRO-OESTE,Núcleo de Gestão Integrada - ICMBio Mambaí, ,,,,1144004.81689453,6153.73812178565,
360345,0000.00.0144,PARNA da Serra da Canastra,0.125139284790146,queima controlada,manejo,planet,Queima do dia 01/08,213,8/3/2025 12:00:00 AM,2025,ago,08,manejo,entorno,0,0.125139284790146,CERRADO,GR 4 - SUDESTE,-, ,,,,1432.85546875,203.708920037873,
360346,0000.00.0144,PARNA da Serra da Canastra,77.8004120212692,incendio,incendio,planet, ,237,8/25/2025 12:00:00 AM,2025,ago,08,incendio,entorno,0,77.8004120212692,CERRADO,GR 4 - SUDESTE,-, ,,,,889918.614257813,12946.3255636982,
360347,0000.00.0144,PARNA da Serra da Canastra,52.7839509649855,incendio,incendio,planet, ,238,8/27/2025 12:00:00 AM,2025,ago,08,incendio,entorno,0,52.7839509649855,CERRADO,GR 4 - SUDESTE,-, ,,,,603903.2109375,8800.73162831639,
360348,0000.00.0076,ESEC Serra Geral do Tocantins,291.210244335832,incendio,incendio,planet, ,196,7/15/2025 12:00:00 AM,2025,jul,07,incendio,entorno,0,291.210244335832,CERRADO,GR 3 - CENTRO-OESTE,-, ,,,,3033908.72949219,10788.2260206697,
360349,0000.00.0076,ESEC Serra Geral do Tocantins,18.2092389456443,incendio,incendio,planet, ,201,7/24/2025 12:00:00 AM,2025,jul,07,incendio,entorno,0,18.2092389456443,CERRADO,GR 3 - CENTRO-OESTE,-, ,,,,189906.973632813,2032.88883475399,
360350,0000.00.0076,ESEC Serra Geral do Tocantins,2.19196701106359,incendio,incendio,planet, ,207,7/28/2025 12:00:00 AM,2025,jul,07,incendio,entorno,0,2.19196701106359,CERRADO,GR 3 - CENTRO-OESTE,-, ,,,,22837.7421875,1449.45444384446,
360351,0000.00.0076,ESEC Serra Geral do Tocantins,3097.6879312062,incendio,incendio,planet, ,207,7/28/2025 12:00:00 AM,2025,jul,07,incendio,entorno,0,3097.6879312062,CERRADO,GR 3 - CENTRO-OESTE,-, ,,,,32269324.5239258,58745.7909557794,
360352,0000.00.0076,ESEC Serra Geral do Tocantins,10.277056098407,incendio,incendio,planet, ,235,8/28/2025 12:00:00 AM,2025,ago,08,incendio,entorno,0,10.277056098407,CERRADO,GR 3 - CENTRO-OESTE,-, ,,,,106991.931640625,3106.22800046965,
360353,0000.00.0076,ESEC Serra Geral do Tocantins,55.7554138216023,incendio,incendio,planet, ,236,8/28/2025 12:00:00 AM,2025,ago,08,incendio,entorno,0,55.7554138216023,CERRADO,GR 3 - CENTRO-OESTE,-, ,,,,581499.336914063,5395.57095974844,
360354,0000.00.0076,ESEC Serra Geral do Tocantins,3294.6617374949,incendio,incendio,planet, ,236,8/28/2025 12:00:00 AM,2025,ago,08,incendio,entorno,0,3294.6617374949,CERRADO,GR 3 - CENTRO-OESTE,-, ,,,,34288641.8564453,37914.9491831362,
360355,0000.00.0266,FLONA do Jamanxim,4.81513080030199,incendio,incendio,planet, ,238,8/27/2025 12:00:00 AM,2025,ago,08,incendio,entorno,0,4.81513080030199,AMAZÔNIA,GR 1 - NORTE,Núcleo de Gestão Integrada - ICMBio Serra do Cachimbo,CR Oeste d,,,,49562.1069335938,1710.31775615094,
360356,0000.00.0157,PARNA das Sempre-Vivas,48.6730810114462,incendio,incendio,planet, ,240,8/28/2025 12:00:00 AM,2025,ago,08,incendio,entorno,0,48.6730810114462,CERRADO,GR 4 - SUDESTE,-, ,,,,540840.038085938,4277.15291478366,
360357,0000.00.0157,PARNA das Sempre-Vivas,25.623449192486,incendio,incendio,planet, ,221,8/28/2025 12:00:00 AM,2025,ago,08,incendio,entorno,0,25.623449192486,CERRADO,GR 4 - SUDESTE,-, ,,,,284793.873046875,3306.36316595093,
360358,0000.00.3136,PARNA da Serra do Gandarela,4.67602035869003,incendio,incendio,planet, ,237,8/27/2025 12:00:00 AM,2025,ago,08,incendio,entorno,0,4.67602035869003,MATA ATLÂNTICA,GR 4 - SUDESTE,-, ,,,,53293.6513671875,1532.58512870167,
360359,0000.00.0146,PARNA da Serra das Confusões,97.1735220329366,incendio,incendio,planet, ,241,8/31/2025 12:00:00 AM,2025,ago,08,incendio,entorno,0,97.1735220329366,CERRADO,GR 2 - NORDESTE,-, ,,,,999756.069335938,8376.24495716927,
360360,0000.00.0146,PARNA da Serra das Confusões,122.990753346727,incendio,incendio,planet, ,240,8/31/2025 12:00:00 AM,2025,ago,08,incendio,entorno,0,122.990753346727,CERRADO,GR 2 - NORDESTE,-, ,,,,1265135.30810547,8037.45252314499,
360361,0000.00.0146,PARNA da Serra das Confusões,400.924104710607,incendio,incendio,planet, ,240,8/31/2025 12:00:00 AM,2025,ago,08,incendio,entorno,0,400.924104710607,CERRADO,GR 2 - NORDESTE,-, ,,,,4124352.47412109,16190.3479890088,
360362,0000.00.0146,PARNA da Serra das Confusões,1071.17481069132,incendio,incendio,planet, ,241,8/31/2025 12:00:00 AM,2025,ago,08,incendio,entorno,0,1071.17481069132,CERRADO,GR 2 - NORDESTE,-, ,,,,11018958.2875977,28307.9879320105,
360363,0000.00.0284,PARNA dos Campos Amazônicos,634.677835358816,incendio,incendio,planet, ,241,8/31/2025 12:00:00 AM,2025,ago,08,incendio,entorno,0,634.677835358816,AMAZÔNIA,GR 1 - NORTE,Núcleo de Gestão Integrada - ICMBio Humaitá,CR Porto V,,,,6523356.23681641,13387.726493961,
360364,0000.00.0076,ESEC Serra Geral do Tocantins,982.483696004649,incendio,incendio,planet, ,238,8/31/2025 12:00:00 AM,2025,ago,08,incendio,entorno,0,982.483696004649,CERRADO,GR 3 - CENTRO-OESTE,-, ,,,,10236590.8217773,29541.6909755559,
360365,0000.00.0024,APA Meandros do Rio Araguaia,328.113383199073,incendio,incendio,planet, ,239,9/1/2025 12:00:00 AM,2025,set,09,incendio,entorno,0,328.113383199073,CERRADO,GR 3 - CENTRO-OESTE,Núcleo de Gestão Integrada - ICMBio Meandros do Rio Araguaia, ,,,,3482227.63964844,10808.2398553009,
360366,0000.00.0053,ESEC de Cuniã,5001.37286484244,incendio,incendio,planet, ,228,8/25/2025 12:00:00 AM,2025,ago,08,incendio,entorno,0,5001.37286484244,AMAZÔNIA,GR 1 - NORTE,Núcleo de Gestão Integrada - ICMBio Cuniã-Jacundá,CR Porto V,,,,51317113.9057617,67696.2887016723,
360367,0000.00.0076,ESEC Serra Geral do Tocantins,4.14268266718834,incendio,incendio,planet, ,221,8/31/2025 12:00:00 AM,2025,ago,08,incendio,entorno,0,4.14268266718834,CERRADO,GR 3 - CENTRO-OESTE,-, ,,,,43159.9990234375,2551.19754011398,
360368,0000.00.0094,FLONA de Ipanema,0.0554562836490765,incendio,incendio,planet, ,228,9/1/2025 12:00:00 AM,2025,set,09,incendio,entorno,0,0.0554562836490765,MATA ATLÂNTICA,GR 4 - SUDESTE,Núcleo de Gestão Integrada - ICMBio Iperó, ,,,,661.9228515625,123.920316309436,
360369,0000.00.0094,FLONA de Ipanema,8.73699842848047,incendio,incendio,planet, ,228,9/1/2025 12:00:00 AM,2025,set,09,incendio,entorno,0,8.73699842848047,MATA ATLÂNTICA,GR 4 - SUDESTE,Núcleo de Gestão Integrada - ICMBio Iperó, ,,,,104268.006835938,1736.85396718254,
360370,0000.00.0094,FLONA de Ipanema,6.70935604004424,incendio,incendio,planet, ,228,9/1/2025 12:00:00 AM,2025,set,09,incendio,entorno,0,6.70935604004424,MATA ATLÂNTICA,GR 4 - SUDESTE,Núcleo de Gestão Integrada - ICMBio Iperó, ,,,,80070.3564453125,1892.1725180838,
360371,0000.00.0107,FLONA de Santa Rosa do Purus,0.520369175395085,incendio,incendio,planet, ,240,8/31/2025 12:00:00 AM,2025,ago,08,incendio,entorno,0,0.520369175395085,AMAZÔNIA,GR 1 - NORTE,Núcleo de Gestão Integrada - ICMBio Alto Tarauacá-Santa Rosa, ,,,,5377.8564453125,718.810048436222,
360372,0000.00.0107,FLONA de Santa Rosa do Purus,3.3153584260429,incendio,incendio,planet, ,231,8/31/2025 12:00:00 AM,2025,ago,08,incendio,entorno,0,3.3153584260429,AMAZÔNIA,GR 1 - NORTE,Núcleo de Gestão Integrada - ICMBio Alto Tarauacá-Santa Rosa, ,,,,34262.1640625,989.104012528202,
360373,0000.00.0265,FLONA do Trairão,33.3764658471278,incendio,incendio,planet, ,233,9/3/2025 12:00:00 AM,2025,set,09,incendio,entorno,0,33.3764658471278,AMAZÔNIA,GR 1 - NORTE,Núcleo de Gestão Integrada - ICMBio Jamanxim,CR Oeste d,,,,338381.237304688,6111.31946943535,
360374,0000.00.0142,PARNA da Serra da Bocaina,0.0797667248330883,incendio,incendio,planet, ,234,9/4/2025 12:00:00 AM,2025,set,09,incendio,entorno,0,0.0797667248330883,MATA ATLÂNTICA,GR 4 - SUDESTE,Núcleo de Gestão Integrada - ICMBio Paraty, ,,,,948.671875,127.974932844605,
360375,0000.00.0139,PARNA da Chapada dos Veadeiros,59.6972289483764,gestao de ignicao natural,manejo,planet,Fogo de raio do dia 18/11,322,11/20/2025 12:00:00 AM,2025,nov,11,manejo,entorno,0,59.6972289483764,CERRADO,GR 3 - CENTRO-OESTE,-, ,,,,637259.516113281,4695.05585911313,
360376,0000.00.0146,PARNA da Serra das Confusões,123.935171169782,incendio,incendio,planet, ,244,9/4/2025 12:00:00 AM,2025,set,09,incendio,entorno,0,123.935171169782,CERRADO,GR 2 - NORDESTE,-, ,,,,1274982.51757813,7885.37086263012,
360377,0000.00.0265,FLONA do Trairão,33.3764658471278,incendio,incendio,planet, ,233,9/3/2025 12:00:00 AM,2025,set,09,incendio,entorno,0,33.3764658471278,AMAZÔNIA,GR 1 - NORTE,Núcleo de Gestão Integrada - ICMBio Jamanxim,CR Oeste d,,,,338381.237304688,6111.31946943535,
360378,0000.00.0135,PARNA Cavernas do Peruaçu,199.27518705331,incendio,incendio,planet, ,221,8/16/2025 12:00:00 AM,2025,ago,08,incendio,entorno,0,199.27518705331,CERRADO,GR 4 - SUDESTE,Núcleo de Gestão Integrada - ICMBio Peruaçu, ,,,,2150945.43212891,9498.38463942203,
360379,0000.00.0142,PARNA da Serra da Bocaina,0.0797667248330883,incendio,incendio,planet, ,234,9/4/2025 12:00:00 AM,2025,set,09,incendio,entorno,0,0.0797667248330883,MATA ATLÂNTICA,GR 4 - SUDESTE,Núcleo de Gestão Integrada - ICMBio Paraty, ,,,,948.671875,127.974932844605,
360380,0000.00.0168,PARNA do Araguaia,841.588451911041,queima prescrita,manejo,planet,Queima do dia 04/09,247,9/9/2025 12:00:00 AM,2025,set,09,manejo,entorno,0,841.588451911041,CERRADO,GR 3 - CENTRO-OESTE,-, ,,,,8798813.35888672,29887.170050507,
360381,0000.00.0065,ESEC de Uruçuí-Una,34.9633885527709,incendio,incendio,planet, ,245,9/8/2025 12:00:00 AM,2025,set,09,incendio,entorno,0,34.9633885527709,CERRADO,GR 2 - NORDESTE,-, ,,,,360592.892089844,2833.64567244889,
360382,0000.00.0146,PARNA da Serra das Confusões,43.8125408984552,incendio,incendio,planet, ,246,9/10/2025 12:00:00 AM,2025,set,09,incendio,entorno,0,43.8125408984552,CERRADO,GR 2 - NORDESTE,-, ,,,,450736.092285156,3932.92841938493,
360383,0000.00.0144,PARNA da Serra da Canastra,48.0227543163877,incendio,incendio,planet, ,248,9/10/2025 12:00:00 AM,2025,set,09,incendio,entorno,0,48.0227543163877,CERRADO,GR 4 - SUDESTE,-, ,,,,550482.625976563,10017.4241789726,
360384,0000.00.3136,PARNA da Serra do Gandarela,0.276296994172379,incendio,incendio,planet, ,252,9/11/2025 12:00:00 AM,2025,set,09,incendio,entorno,0,0.276296994172379,MATA ATLÂNTICA,GR 4 - SUDESTE,-, ,,,,3151.6064453125,505.292857127061,
360385,0000.00.0139,PARNA da Chapada dos Veadeiros,0.194442907551353,incendio,incendio,planet, ,244,9/4/2025 12:00:00 AM,2025,set,09,incendio,entorno,0,0.194442907551353,CERRADO,GR 3 - CENTRO-OESTE,-, ,,,,2073.212890625,222.733475528757,
360386,0000.00.0157,PARNA das Sempre-Vivas,70.9296800491986,incendio,incendio,planet, ,244,9/10/2025 12:00:00 AM,2025,set,09,incendio,entorno,0,70.9296800491986,CERRADO,GR 4 - SUDESTE,-, ,,,,784861.703125,8683.30861582868,
360387,0000.00.0023,APA do Planalto Central,3101.27568506205,incendio,incendio,planet, ,248,9/11/2025 12:00:00 AM,2025,set,09,incendio,entorno,0,3101.27568506205,CERRADO,GR 3 - CENTRO-OESTE,-, ,,,,33489185.1738281,63458.1014525012,
360388,0000.00.0206,REBIO do Guaporé,0.91796030440782,gestao de ignicao natural,manejo,planet,Fogo de raio do dia 22/10,295,10/23/2025 12:00:00 AM,2025,out,10,manejo,interior,0.91796030440782,0,AMAZÔNIA,GR 1 - NORTE,Núcleo de Gestão Integrada - ICMBio Cautário-Guaporé, ,,,,9696.3486328125,474.618819131708,CT Porto Velho
360389,0000.00.0144,PARNA da Serra da Canastra,25.182264546479,incendio,incendio,planet, ,295,10/26/2025 12:00:00 AM,2025,out,10,incendio,interior,25.182264546479,0,CERRADO,GR 4 - SUDESTE,-, ,,,,287658.762695313,3649.05344607992, 
360390,0000.00.0168,PARNA do Araguaia,402.770204874625,incendio,incendio,planet, ,297,8/4/2025 12:00:00 AM,2025,ago,08,incendio,interior,402.770204874625,0,CERRADO,GR 3 - CENTRO-OESTE,-, ,,,,4193900.671875,16513.4296744534, 
360391,0000.00.0168,PARNA do Araguaia,4.69784985284505,queima prescrita,manejo,planet, ,301,11/2/2025 12:00:00 AM,2025,nov,11,manejo,interior,4.69784985284505,0,CERRADO,GR 3 - CENTRO-OESTE,-, ,,,,49046.8510742188,1015.88228258418, 
360392,0000.00.0168,PARNA do Araguaia,12.2110179588354,queima prescrita,manejo,planet, ,301,11/2/2025 12:00:00 AM,2025,nov,11,manejo,interior,12.2110179588354,0,CERRADO,GR 3 - CENTRO-OESTE,-, ,,,,127430.9609375,2348.74180785891, 
360393,0000.00.0206,REBIO do Guaporé,9.84963078051831,gestao de ignicao natural,manejo,planet,Fogo de raio do dia 22/10,295,10/23/2025 12:00:00 AM,2025,out,10,manejo,interior,9.84963078051831,0,AMAZÔNIA,GR 1 - NORTE,Núcleo de Gestão Integrada - ICMBio Cautário-Guaporé, ,,,,104049.0703125,1852.60921670033,CT Porto Velho
360394,0000.00.0206,REBIO do Guaporé,43.3497299023256,gestao de ignicao natural,manejo,planet,Fogo de raio do dia 22/10,295,10/23/2025 12:00:00 AM,2025,out,10,manejo,interior,43.3497299023256,0,AMAZÔNIA,GR 1 - NORTE,Núcleo de Gestão Integrada - ICMBio Cautário-Guaporé, ,,,,457922.29296875,8686.97264923905,CT Porto Velho
360395,0000.00.0155,PARNA das Emas,65.063673495105,gestao de ignicao natural,manejo,planet, ,296,10/23/2025 12:00:00 AM,2025,out,10,manejo,interior,65.063673495105,0,CERRADO,GR 3 - CENTRO-OESTE,-, ,,,,724419.08203125,5243.87876167876, 
360396,0000.00.0168,PARNA do Araguaia,273.598793842917,incendio,incendio,planet, ,298,10/26/2025 12:00:00 AM,2025,out,10,incendio,interior,273.598793842917,0,CERRADO,GR 3 - CENTRO-OESTE,-, ,,,,2848876.94873047,9760.40984270739, 
360397,0000.00.0065,ESEC de Uruçuí-Una,881.778084680243,incendio,incendio,planet, ,289,10/27/2025 12:00:00 AM,2025,out,10,incendio,interior,881.778084680243,0,CERRADO,GR 2 - NORDESTE,-, ,,,,9093093.93896484,22219.4077738721,CT Fortaleza
360398,0000.00.0206,REBIO do Guaporé,0.354454075239002,gestao de ignicao natural,manejo,planet,Fogo de raio do dia 22/10,295,10/23/2025 12:00:00 AM,2025,out,10,manejo,interior,0.354454075239002,0,AMAZÔNIA,GR 1 - NORTE,Núcleo de Gestão Integrada - ICMBio Cautário-Guaporé, ,,,,3744.037109375,353.440139202498,CT Porto Velho
360399,0000.00.0139,PARNA da Chapada dos Veadeiros,1166.66538296734,incendio,incendio,planet, ,304,11/2/2025 12:00:00 AM,2025,nov,11,incendio,interior,1166.66538296734,0,CERRADO,GR 3 - CENTRO-OESTE,-, ,,,,12453318.4111328,21486.588905965, 
360400,0000.00.0155,PARNA das Emas,44.8342558075284,gestao de ignicao natural,manejo,planet, ,296,10/23/2025 12:00:00 AM,2025,out,10,manejo,interior,44.8342558075284,0,CERRADO,GR 3 - CENTRO-OESTE,-, ,,,,499294.9453125,5638.65248006123, 
360401,0000.00.0168,PARNA do Araguaia,972.976980009707,incendio,incendio,planet, ,293,10/26/2025 12:00:00 AM,2025,out,10,incendio,interior,972.976980009707,0,CERRADO,GR 3 - CENTRO-OESTE,-, ,,,,10128115.0576172,24938.969283561, 
360402,0000.00.0168,PARNA do Araguaia,36.2695794699057,queima prescrita,manejo,planet, ,299,11/2/2025 12:00:00 AM,2025,nov,11,manejo,interior,36.2695794699057,0,CERRADO,GR 3 - CENTRO-OESTE,-, ,,,,378806.597167969,3656.75620174154, 
360403,0000.00.0065,ESEC de Uruçuí-Una,1400.21253380461,incendio,incendio,planet, ,289,10/27/2025 12:00:00 AM,2025,out,10,incendio,interior,1400.21253380461,0,CERRADO,GR 2 - NORDESTE,-, ,,,,14433960.5952148,24073.5994610192,CT Fortaleza
360404,0000.00.0155,PARNA das Emas,53.5134236244664,gestao de ignicao natural,manejo,planet, ,296,10/23/2025 12:00:00 AM,2025,out,10,manejo,interior,53.5134236244664,0,CERRADO,GR 3 - CENTRO-OESTE,-, ,,,,596215.56640625,6364.09731183257, 
360405,0000.00.0206,REBIO do Guaporé,18.2696329640791,gestao de ignicao natural,manejo,planet,Fogo de raio do dia 22/10,295,10/23/2025 12:00:00 AM,2025,out,10,manejo,interior,18.2696329640791,0,AMAZÔNIA,GR 1 - NORTE,Núcleo de Gestão Integrada - ICMBio Cautário-Guaporé, ,,,,192972.514648438,2794.21650476356,CT Porto Velho
360406,0000.00.0065,ESEC de Uruçuí-Una,72.0917594234023,incendio,incendio,planet, ,307,11/5/2025 12:00:00 AM,2025,nov,11,incendio,interior,72.0917594234023,0,CERRADO,GR 2 - NORDESTE,-, ,,,,743438.686523438,5416.6867021866,CT Fortaleza
360407,0000.00.0168,PARNA do Araguaia,7829.58146601665,incendio,incendio,planet, ,296,10/26/2025 12:00:00 AM,2025,out,10,incendio,interior,7829.58146601665,0,CERRADO,GR 3 - CENTRO-OESTE,-, ,,,,81505646.5610352,65309.494522564, 
360408,0000.00.0206,REBIO do Guaporé,1.4356912015806,gestao de ignicao natural,manejo,planet,Fogo de raio do dia 22/10,295,10/23/2025 12:00:00 AM,2025,out,10,manejo,interior,1.4356912015806,0,AMAZÔNIA,GR 1 - NORTE,Núcleo de Gestão Integrada - ICMBio Cautário-Guaporé, ,,,,15165.0947265625,567.024933275199,CT Porto Velho
360409,0000.00.0065,ESEC de Uruçuí-Una,402.286275594328,incendio,incendio,planet, ,286,10/27/2025 12:00:00 AM,2025,out,10,incendio,interior,402.286275594328,0,CERRADO,GR 2 - NORDESTE,-, ,,,,4150672.88134766,14954.5881289427,CT Fortaleza
360410,0000.00.0168,PARNA do Araguaia,861.204723637835,queima prescrita,manejo,planet,Queima entre os dias 17/10 e 26/10,296,10/26/2025 12:00:00 AM,2025,out,10,manejo,interior,861.204723637835,0,CERRADO,GR 3 - CENTRO-OESTE,-, ,,,,8994015.22705078,23236.734022416, 
360411,0000.00.0206,REBIO do Guaporé,4.23561102190712,gestao de ignicao natural,manejo,planet,Fogo de raio do dia 22/10,295,10/23/2025 12:00:00 AM,2025,out,10,manejo,interior,4.23561102190712,0,AMAZÔNIA,GR 1 - NORTE,Núcleo de Gestão Integrada - ICMBio Cautário-Guaporé, ,,,,44742.474609375,1385.32209226709,CT Porto Velho
360412,0000.00.0168,PARNA do Araguaia,47.2832547130953,queima prescrita,manejo,planet, ,301,11/2/2025 12:00:00 AM,2025,nov,11,manejo,interior,47.2832547130953,0,CERRADO,GR 3 - CENTRO-OESTE,-, ,,,,493389.692382813,3668.72809883622, 
360413,0000.00.0206,REBIO do Guaporé,7.49714088263322,gestao de ignicao natural,manejo,planet,Fogo de raio do dia 22/10,295,10/23/2025 12:00:00 AM,2025,out,10,manejo,interior,7.49714088263322,0,AMAZÔNIA,GR 1 - NORTE,Núcleo de Gestão Integrada - ICMBio Cautário-Guaporé, ,,,,79196.880859375,2455.23974648309,CT Porto Velho
360414,0000.00.0168,PARNA do Araguaia,9229.58459825184,incendio,incendio,planet, ,276,10/5/2025 12:00:00 AM,2025,out,10,incendio,interior,9229.58459825184,0,CERRADO,GR 3 - CENTRO-OESTE,-, ,,,,95751289.3608398,72653.1835342691, 
360415,0000.00.0168,PARNA do Araguaia,1056.16232175419,incendio,incendio,planet, ,283,10/26/2025 12:00:00 AM,2025,out,10,incendio,interior,1056.16232175419,0,CERRADO,GR 3 - CENTRO-OESTE,-, ,,,,10977607.4438477,20731.3258839832, 
360416,0000.00.0206,REBIO do Guaporé,1.21445185626114,gestao de ignicao natural,manejo,planet,Fogo de raio do dia 22/10,295,10/23/2025 12:00:00 AM,2025,out,10,manejo,interior,1.21445185626114,0,AMAZÔNIA,GR 1 - NORTE,Núcleo de Gestão Integrada - ICMBio Cautário-Guaporé, ,,,,12827.5791015625,597.341036764977,CT Porto Velho
360417,0000.00.0027,APA Morro da Pedreira,270.007921958902,incendio,incendio,planet, ,282,10/29/2025 12:00:00 AM,2025,out,10,incendio,interior,270.007921958902,0,CERRADO,GR 4 - SUDESTE,Núcleo de Gestão Integrada - ICMBio Cipó-Pedreira, ,,,,3042718.15527344,13238.3960220333, 
360418,0000.00.0168,PARNA do Araguaia,7051.32981345029,queima prescrita,manejo,planet, ,299,11/2/2025 12:00:00 AM,2025,nov,11,manejo,interior,7051.32981345029,0,CERRADO,GR 3 - CENTRO-OESTE,-, ,,,,73600167.0615234,129639.902995964, 
360419,0000.00.0168,PARNA do Araguaia,10.8066895810669,incendio,incendio,planet, ,229,8/25/2025 12:00:00 AM,2025,ago,08,incendio,interior,10.8066895810669,0,CERRADO,GR 3 - CENTRO-OESTE,-, ,,,,112498.886230469,1581.81212895562, 
360420,0000.00.0206,REBIO do Guaporé,14.4434384922606,incendio,incendio,planet, ,261,10/12/2025 12:00:00 AM,2025,out,10,incendio,interior,14.4434384922606,0,AMAZÔNIA,GR 1 - NORTE,Núcleo de Gestão Integrada - ICMBio Cautário-Guaporé, ,,,,152571.106445313,2276.82532832999,CT Porto Velho
360421,0000.00.3136,PARNA da Serra do Gandarela,9.80584862383829,incendio,incendio,planet, ,299,10/27/2025 12:00:00 AM,2025,out,10,incendio,interior,9.80584862383829,0,MATA ATLÂNTICA,GR 4 - SUDESTE,-, ,,,,111602.916015625,1399.99536062081, 
360422,0000.00.0027,APA Morro da Pedreira,197.796500184212,incendio,incendio,planet, ,302,10/29/2025 12:00:00 AM,2025,out,10,incendio,interior,197.796500184212,0,CERRADO,GR 4 - SUDESTE,Núcleo de Gestão Integrada - ICMBio Cipó-Pedreira, ,,,,2236558.68457031,9854.8484392242, 
360423,0000.00.3136,PARNA da Serra do Gandarela,104.479817545405,incendio,incendio,planet, ,299,10/27/2025 12:00:00 AM,2025,out,10,incendio,interior,104.479817545405,0,MATA ATLÂNTICA,GR 4 - SUDESTE,-, ,,,,1189120.515625,8166.92722786755, 
360424,0000.00.0168,PARNA do Araguaia,55.9184886799259,incendio,incendio,planet, ,229,8/25/2025 12:00:00 AM,2025,ago,08,incendio,interior,55.9184886799259,0,CERRADO,GR 3 - CENTRO-OESTE,-, ,,,,582130.399414063,7936.67350840908, 
360425,0000.00.0027,APA Morro da Pedreira,417.327424938297,incendio,incendio,planet, ,300,10/29/2025 12:00:00 AM,2025,out,10,incendio,interior,417.327424938297,0,CERRADO,GR 4 - SUDESTE,Núcleo de Gestão Integrada - ICMBio Cipó-Pedreira, ,,,,4713778.5859375,17273.9211185882, 
360426,0000.00.4581,PARNA da Serra do Teixeira,10.7867577285543,incendio,incendio,planet, ,300,10/31/2025 12:00:00 AM,2025,out,10,incendio,interior,10.7867577285543,0,CAATINGA,GR 2 - NORDESTE,-, ,,,,110305.672607422,1587.16274618116,CT Salvador
360427,0000.00.3136,PARNA da Serra do Gandarela,26.0830530266807,incendio,incendio,planet, ,299,10/27/2025 12:00:00 AM,2025,out,10,incendio,interior,26.0830530266807,0,MATA ATLÂNTICA,GR 4 - SUDESTE,-, ,,,,296901.798828125,3489.03947387872, 
360428,0000.00.1683,APA Serra da Meruoca,74.102592085494,incendio,incendio,planet, ,304,11/6/2025 12:00:00 AM,2025,nov,11,incendio,interior,74.102592085494,0,CAATINGA,GR 2 - NORDESTE,Núcleo de Gestão Integrada - ICMBio Sobral, ,,,,748953.25769043,4098.66221253273,CT Fortaleza
360429,0000.00.0139,PARNA da Chapada dos Veadeiros,812.952918846162,incendio,incendio,planet, ,301,11/2/2025 12:00:00 AM,2025,nov,11,incendio,interior,812.952918846162,0,CERRADO,GR 3 - CENTRO-OESTE,-, ,,,,8659920.64404297,24331.9099021042, 
360430,0000.00.0168,PARNA do Araguaia,2033.29638178863,incendio,incendio,planet, ,299,10/28/2025 12:00:00 AM,2025,out,10,incendio,interior,2033.29638178863,0,CERRADO,GR 3 - CENTRO-OESTE,-, ,,,,21241506.2324219,38246.9392208982, 
360431,0000.00.0139,PARNA da Chapada dos Veadeiros,27.0853708345639,incendio,incendio,planet, ,200,7/20/2025 12:00:00 AM,2025,jul,07,incendio,interior,27.0853708345639,0,CERRADO,GR 3 - CENTRO-OESTE,-, ,,,,289930.130371094,8130.57265993368, 
360432,0000.00.0065,ESEC de Uruçuí-Una,18.2529333041833,incendio,incendio,planet, ,299,10/30/2025 12:00:00 AM,2025,out,10,incendio,interior,18.2529333041833,0,CERRADO,GR 2 - NORDESTE,-, ,,,,188250.879394531,1996.8525397174,CT Fortaleza
360433,0000.00.0065,ESEC de Uruçuí-Una,15.3971709471529,incendio,incendio,planet, ,299,10/30/2025 12:00:00 AM,2025,out,10,incendio,interior,15.3971709471529,0,CERRADO,GR 2 - NORDESTE,-, ,,,,158790.723144531,1934.69234770545,CT Fortaleza
360434,0000.00.0168,PARNA do Araguaia,12.2465633486814,queima prescrita,manejo,planet, ,299,11/2/2025 12:00:00 AM,2025,nov,11,manejo,interior,12.2465633486814,0,CERRADO,GR 3 - CENTRO-OESTE,-, ,,,,127861.720214844,2292.13744202243, 
360435,0000.00.0216,REBIO Nascentes da Serra do Cachimbo,381.148328650198,incendio,incendio,planet, ,278,10/25/2025 12:00:00 AM,2025,out,10,incendio,interior,381.148328650198,0,AMAZÔNIA,GR 1 - NORTE,Núcleo de Gestão Integrada - ICMBio Serra do Cachimbo,CR Oeste d,,,,3933638.9921875,14557.1623365559,CT Itaituba
360436,0000.00.0065,ESEC de Uruçuí-Una,222.17270327739,incendio,incendio,planet, ,302,10/30/2025 12:00:00 AM,2025,out,10,incendio,interior,222.17270327739,0,CERRADO,GR 2 - NORDESTE,-, ,,,,2290962.87353516,11970.3835266719,CT Fortaleza
360437,0000.00.0216,REBIO Nascentes da Serra do Cachimbo,33.2111719484658,incendio,incendio,planet, ,278,10/25/2025 12:00:00 AM,2025,out,10,incendio,interior,33.2111719484658,0,AMAZÔNIA,GR 1 - NORTE,Núcleo de Gestão Integrada - ICMBio Serra do Cachimbo,CR Oeste d,,,,342651.431152344,3114.91521000747,CT Itaituba
360438,0000.00.0065,ESEC de Uruçuí-Una,524.82522532552,incendio,incendio,planet, ,299,10/30/2025 12:00:00 AM,2025,out,10,incendio,interior,524.82522532552,0,CERRADO,GR 2 - NORDESTE,-, ,,,,5412505.34570313,20624.1078514597,CT Fortaleza
360439,0000.00.0089,FLONA de Caxiuanã,37.7879190105507,queima controlada,manejo,planet,Queima do dia 02/12,336,12/28/2025 12:00:00 AM,2025,dez,12,manejo,interior,37.7879190105507,0,AMAZÔNIA,GR 1 - NORTE,Núcleo de Gestão Integrada - ICMBio Breves,CR Belém,,,,380991.194824219,5193.95805578284,CT Belém
360440,0000.00.0065,ESEC de Uruçuí-Una,37.4357675145032,incendio,incendio,planet, ,299,10/30/2025 12:00:00 AM,2025,out,10,incendio,interior,37.4357675145032,0,CERRADO,GR 2 - NORDESTE,-, ,,,,386122.3125,2655.8809534486,CT Fortaleza
360441,0000.00.0065,ESEC de Uruçuí-Una,433.561741243632,incendio,incendio,planet, ,301,10/30/2025 12:00:00 AM,2025,out,10,incendio,interior,433.561741243632,0,CERRADO,GR 2 - NORDESTE,-, ,,,,4470175.27099609,16078.1695967344,CT Fortaleza
360442,0000.00.0065,ESEC de Uruçuí-Una,44.8275522329392,incendio,incendio,planet, ,301,10/30/2025 12:00:00 AM,2025,out,10,incendio,interior,44.8275522329392,0,CERRADO,GR 2 - NORDESTE,-, ,,,,462200.10546875,5284.33896766176,CT Fortaleza
360443,0000.00.3136,PARNA da Serra do Gandarela,33.7844074468802,incendio,incendio,planet, ,300,10/29/2025 12:00:00 AM,2025,out,10,incendio,interior,33.7844074468802,0,MATA ATLÂNTICA,GR 4 - SUDESTE,-, ,,,,384557.840820313,5327.52259445193, 
360444,0000.00.0024,APA Meandros do Rio Araguaia,44.9768409274582,incendio,incendio,planet, ,274,10/6/2025 12:00:00 AM,2025,out,10,incendio,interior,44.9768409274582,0,CERRADO,GR 3 - CENTRO-OESTE,Núcleo de Gestão Integrada - ICMBio Meandros do Rio Araguaia, ,,,,476239.5078125,3952.81643531345, 
360445,0000.00.0137,PARNA da Chapada Diamantina,78.4705843259664,incendio,incendio,planet, ,292,11/3/2025 12:00:00 AM,2025,nov,11,incendio,interior,78.4705843259664,0,CAATINGA,GR 2 - NORDESTE,-, ,,,,833441.542480469,5948.33793308338,CT Salvador
360446,0000.00.0065,ESEC de Uruçuí-Una,51.2522138902832,incendio,incendio,planet, ,301,10/30/2025 12:00:00 AM,2025,out,10,incendio,interior,51.2522138902832,0,CERRADO,GR 2 - NORDESTE,-, ,,,,528565.449707031,3205.66975748972,CT Fortaleza
360447,0000.00.0065,ESEC de Uruçuí-Una,1.96759119902165,incendio,incendio,planet, ,301,10/30/2025 12:00:00 AM,2025,out,10,incendio,interior,1.96759119902165,0,CERRADO,GR 2 - NORDESTE,-, ,,,,20292.0610351563,677.998664403192,CT Fortaleza
360448,0000.00.0065,ESEC de Uruçuí-Una,29.0285328929338,queima controlada,manejo,planet,Queima do dia 29/10,302,10/30/2025 12:00:00 AM,2025,out,10,manejo,interior,29.0285328929338,0,CERRADO,GR 2 - NORDESTE,-, ,,,,299534.5,3700.34750430309,CT Fortaleza
360449,0000.00.0065,ESEC de Uruçuí-Una,99.1144988831279,queima controlada,manejo,planet,Queima do dia 29/10,302,10/30/2025 12:00:00 AM,2025,out,10,manejo,interior,99.1144988831279,0,CERRADO,GR 2 - NORDESTE,-, ,,,,1022715.51367188,10294.1600309602,CT Fortaleza
360450,0000.00.0065,ESEC de Uruçuí-Una,135.725639457513,incendio,incendio,planet, ,303,11/3/2025 12:00:00 AM,2025,nov,11,incendio,interior,135.725639457513,0,CERRADO,GR 2 - NORDESTE,-, ,,,,1397865.71875,6153.43995499463,CT Fortaleza
360451,0000.00.0168,PARNA do Araguaia,39.4124852939814,incendio,incendio,planet, ,217,7/21/2025 12:00:00 AM,2025,jul,07,incendio,interior,39.4124852939814,0,CERRADO,GR 3 - CENTRO-OESTE,-, ,,,,410125.170410156,3727.85635662818, 
360452,0000.00.0206,REBIO do Guaporé,202.258106332272,gestao de ignicao natural,manejo,planet,Fogo de raio do dia 30/10,303,11/1/2025 12:00:00 AM,2025,nov,11,manejo,interior,202.258106332272,0,AMAZÔNIA,GR 1 - NORTE,Núcleo de Gestão Integrada - ICMBio Cautário-Guaporé, ,,,,2133935.21289063,11017.3099253237,CT Porto Velho
360453,0000.00.0206,REBIO do Guaporé,7.4524697091666,gestao de ignicao natural,manejo,planet,Fogo de raio do dia 30/10,303,11/1/2025 12:00:00 AM,2025,nov,11,manejo,interior,7.4524697091666,0,AMAZÔNIA,GR 1 - NORTE,Núcleo de Gestão Integrada - ICMBio Cautário-Guaporé, ,,,,78633.09375,1249.60120192951,CT Porto Velho
360454,0000.00.0206,REBIO do Guaporé,19.0055076164705,gestao de ignicao natural,manejo,planet,Fogo de raio do dia 30/10,303,11/1/2025 12:00:00 AM,2025,nov,11,manejo,interior,19.0055076164705,0,AMAZÔNIA,GR 1 - NORTE,Núcleo de Gestão Integrada - ICMBio Cautário-Guaporé, ,,,,200508.381835938,1707.95615046846,CT Porto Velho
360455,0000.00.0024,APA Meandros do Rio Araguaia,17.4371915014527,incendio,incendio,planet, ,274,10/6/2025 12:00:00 AM,2025,out,10,incendio,interior,17.4371915014527,0,CERRADO,GR 3 - CENTRO-OESTE,Núcleo de Gestão Integrada - ICMBio Meandros do Rio Araguaia, ,,,,184583.927734375,2383.4990516847, 
360456,0000.00.0168,PARNA do Araguaia,1199.24404096263,queima prescrita,manejo,planet,Queima entre os dias 17/10 e 26/10,296,10/26/2025 12:00:00 AM,2025,out,10,manejo,interior,1199.24404096263,0,CERRADO,GR 3 - CENTRO-OESTE,-, ,,,,12524611.9545898,39614.1835662315, 
360457,0000.00.0168,PARNA do Araguaia,39.5351377737714,queima prescrita,manejo,planet, ,300,11/2/2025 12:00:00 AM,2025,nov,11,manejo,interior,39.5351377737714,0,CERRADO,GR 3 - CENTRO-OESTE,-, ,,,,412474.318359375,6626.32074544707, 
360458,0000.00.0168,PARNA do Araguaia,1.50413469480503,queima prescrita,manejo,planet, ,301,11/2/2025 12:00:00 AM,2025,nov,11,manejo,interior,1.50413469480503,0,CERRADO,GR 3 - CENTRO-OESTE,-, ,,,,15700.3403320313,660.819111508424, 
360459,0000.00.0168,PARNA do Araguaia,626.453680424388,queima prescrita,manejo,planet, ,301,11/2/2025 12:00:00 AM,2025,nov,11,manejo,interior,626.453680424388,0,CERRADO,GR 3 - CENTRO-OESTE,-, ,,,,6536357.46972656,35121.7169360561, 
360460,0000.00.0168,PARNA do Araguaia,18.9486919594031,queima prescrita,manejo,planet, ,301,11/2/2025 12:00:00 AM,2025,nov,11,manejo,interior,18.9486919594031,0,CERRADO,GR 3 - CENTRO-OESTE,-, ,,,,197696.803710938,2547.39695358254, 
360461,0000.00.0168,PARNA do Araguaia,1.0310602655867,queima prescrita,manejo,planet, ,301,11/2/2025 12:00:00 AM,2025,nov,11,manejo,interior,1.0310602655867,0,CERRADO,GR 3 - CENTRO-OESTE,-, ,,,,10757.0805664063,470.63380957212, 
360462,0000.00.0168,PARNA do Araguaia,3.29379343304687,queima prescrita,manejo,planet, ,301,11/2/2025 12:00:00 AM,2025,nov,11,manejo,interior,3.29379343304687,0,CERRADO,GR 3 - CENTRO-OESTE,-, ,,,,34364.0932617188,774.499581584146, 
360463,0000.00.0168,PARNA do Araguaia,10.4434292996289,queima prescrita,manejo,planet, ,301,11/2/2025 12:00:00 AM,2025,nov,11,manejo,interior,10.4434292996289,0,CERRADO,GR 3 - CENTRO-OESTE,-, ,,,,108954.124023438,2825.4717004416, 
360464,0000.00.0168,PARNA do Araguaia,295.389361405416,queima prescrita,manejo,planet, ,301,11/2/2025 12:00:00 AM,2025,nov,11,manejo,interior,295.389361405416,0,CERRADO,GR 3 - CENTRO-OESTE,-, ,,,,3081841.16699219,12688.6780485387, 
360465,0000.00.0168,PARNA do Araguaia,38.7327263948713,queima prescrita,manejo,planet, ,303,11/2/2025 12:00:00 AM,2025,nov,11,manejo,interior,38.7327263948713,0,CERRADO,GR 3 - CENTRO-OESTE,-, ,,,,404450.174316406,3943.32609155705, 
360466,0000.00.0168,PARNA do Araguaia,71.4060966446681,incendio,incendio,planet, ,225,7/21/2025 12:00:00 AM,2025,jul,07,incendio,interior,71.4060966446681,0,CERRADO,GR 3 - CENTRO-OESTE,-, ,,,,742108.774902344,5970.82314296071, 
360467,0000.00.0168,PARNA do Araguaia,70.6544631833165,queima prescrita,manejo,planet, ,301,11/2/2025 12:00:00 AM,2025,nov,11,manejo,interior,70.6544631833165,0,CERRADO,GR 3 - CENTRO-OESTE,-, ,,,,737714.62109375,7598.3933176344, 
360468,0000.00.0168,PARNA do Araguaia,22.8957750693973,queima prescrita,manejo,planet, ,301,11/2/2025 12:00:00 AM,2025,nov,11,manejo,interior,22.8957750693973,0,CERRADO,GR 3 - CENTRO-OESTE,-, ,,,,239025.602539063,3595.70028696119, 
360469,0000.00.0168,PARNA do Araguaia,0.74997513223502,queima prescrita,manejo,planet, ,301,11/2/2025 12:00:00 AM,2025,nov,11,manejo,interior,0.74997513223502,0,CERRADO,GR 3 - CENTRO-OESTE,-, ,,,,7829.447265625,386.971812717658, 
360470,0000.00.0168,PARNA do Araguaia,76.4403480197293,queima prescrita,manejo,planet, ,301,11/2/2025 12:00:00 AM,2025,nov,11,manejo,interior,76.4403480197293,0,CERRADO,GR 3 - CENTRO-OESTE,-, ,,,,798138.172851563,7491.06462694515, 
360471,0000.00.0168,PARNA do Araguaia,9.71517128749323,queima prescrita,manejo,planet, ,301,11/2/2025 12:00:00 AM,2025,nov,11,manejo,interior,9.71517128749323,0,CERRADO,GR 3 - CENTRO-OESTE,-, ,,,,101410.085449219,1581.18999652834, 
360472,0000.00.0168,PARNA do Araguaia,26.9051969842362,queima prescrita,manejo,planet, ,301,11/2/2025 12:00:00 AM,2025,nov,11,manejo,interior,26.9051969842362,0,CERRADO,GR 3 - CENTRO-OESTE,-, ,,,,280768.696777344,2933.0019923191, 
360473,0000.00.0165,PARNA de São Joaquim,25.1904343941702,queima controlada,manejo,planet,Queima entre os dias 12/08 e 13/08,224,8/31/2025 12:00:00 AM,2025,ago,08,manejo,interior,25.1904343941702,0,MATA ATLÂNTICA,GR 5 - SUL,-, ,,,,325487.908203125,3648.31833371513, 
360474,0000.00.0168,PARNA do Araguaia,201.951056415542,queima prescrita,manejo,planet, ,301,11/2/2025 12:00:00 AM,2025,nov,11,manejo,interior,201.951056415542,0,CERRADO,GR 3 - CENTRO-OESTE,-, ,,,,2107842.93847656,13642.8377843385, 
360475,0000.00.0168,PARNA do Araguaia,514.825779265828,queima prescrita,manejo,planet, ,302,11/2/2025 12:00:00 AM,2025,nov,11,manejo,interior,514.825779265828,0,CERRADO,GR 3 - CENTRO-OESTE,-, ,,,,5370726,19281.845006589, 
360476,0000.00.0168,PARNA do Araguaia,2304.17423392324,queima prescrita,manejo,planet, ,303,11/2/2025 12:00:00 AM,2025,nov,11,manejo,interior,2304.17423392324,0,CERRADO,GR 3 - CENTRO-OESTE,-, ,,,,24073480.8164063,50848.5489536144, 
360477,0000.00.0168,PARNA do Araguaia,15.690120375444,queima prescrita,manejo,planet, ,303,11/2/2025 12:00:00 AM,2025,nov,11,manejo,interior,15.690120375444,0,CERRADO,GR 3 - CENTRO-OESTE,-, ,,,,163875.422363281,1944.56891998037, 
360478,0000.00.0266,FLONA do Jamanxim,163.091016750471,queima controlada,manejo,planet,Queima do dia 01/11,305,11/2/2025 12:00:00 AM,2025,nov,11,manejo,interior,163.091016750471,0,AMAZÔNIA,GR 1 - NORTE,Núcleo de Gestão Integrada - ICMBio Serra do Cachimbo,CR Oeste d,,,,1670457.80712891,10132.4681493067,CT Itaituba
360479,0000.00.0165,PARNA de São Joaquim,8.85862058535148,queima controlada,manejo,planet,Queima entre os dias 12/08 e 13/08,224,8/31/2025 12:00:00 AM,2025,ago,08,manejo,interior,8.85862058535148,0,MATA ATLÂNTICA,GR 5 - SUL,-, ,,,,114542.466796875,2139.31422982727, 
360480,0000.00.0165,PARNA de São Joaquim,5.3235788763539,queima controlada,manejo,planet,Queima entre os dias 12/08 e 13/08,224,8/31/2025 12:00:00 AM,2025,ago,08,manejo,interior,5.3235788763539,0,MATA ATLÂNTICA,GR 5 - SUL,-, ,,,,68834.013671875,1706.18327170206, 
360481,0000.00.0165,PARNA de São Joaquim,22.463494120438,queima controlada,manejo,planet,Queima entre os dias 12/08 e 13/08,224,8/31/2025 12:00:00 AM,2025,ago,08,manejo,interior,22.463494120438,0,MATA ATLÂNTICA,GR 5 - SUL,-, ,,,,290165.55859375,4156.2466823087, 
360482,0000.00.0165,PARNA de São Joaquim,2.78351281348856,queima controlada,manejo,planet,Queima entre os dias 12/08 e 13/08,224,8/31/2025 12:00:00 AM,2025,ago,08,manejo,interior,2.78351281348856,0,MATA ATLÂNTICA,GR 5 - SUL,-, ,,,,35962.31640625,1061.43201172876, 
360483,0000.00.0165,PARNA de São Joaquim,5.72786723306493,queima controlada,manejo,planet,Queima entre os dias 12/08 e 13/08,224,8/31/2025 12:00:00 AM,2025,ago,08,manejo,interior,5.72786723306493,0,MATA ATLÂNTICA,GR 5 - SUL,-, ,,,,74022.443359375,1311.57282712388, 
360484,0000.00.0165,PARNA de São Joaquim,31.3861441285128,queima controlada,manejo,planet,Queima entre os dias 12/08 e 13/08,224,8/31/2025 12:00:00 AM,2025,ago,08,manejo,interior,31.3861441285128,0,MATA ATLÂNTICA,GR 5 - SUL,-, ,,,,405570.349609375,4626.26531487893, 
360485,0000.00.0144,PARNA da Serra da Canastra,112.397686498201,incendio,incendio,planet, ,315,11/14/2025 12:00:00 AM,2025,nov,11,incendio,interior,112.397686498201,0,CERRADO,GR 4 - SUDESTE,-, ,,,,1283974.75390625,8157.2363309549, 
360486,0000.00.0144,PARNA da Serra da Canastra,16.6469043789943,queima controlada,manejo,planet,Queima do dia 07/11,311,11/14/2025 12:00:00 AM,2025,nov,11,manejo,interior,16.6469043789943,0,CERRADO,GR 4 - SUDESTE,-, ,,,,190045.243164063,2509.03240059249, 
360487,0000.00.0168,PARNA do Araguaia,217.588851342992,incendio,incendio,planet, ,225,7/21/2025 12:00:00 AM,2025,jul,07,incendio,interior,217.588851342992,0,CERRADO,GR 3 - CENTRO-OESTE,-, ,,,,2261493.66162109,7447.10807649757, 
360488,0000.00.0168,PARNA do Araguaia,30.0329371418002,incendio,incendio,planet, ,225,8/25/2025 12:00:00 AM,2025,ago,08,incendio,interior,30.0329371418002,0,CERRADO,GR 3 - CENTRO-OESTE,-, ,,,,311934.748535156,2535.64825195334, 
360489,0000.00.0168,PARNA do Araguaia,27.8296287539967,incendio,incendio,planet, ,225,7/27/2025 12:00:00 AM,2025,jul,07,incendio,interior,27.8296287539967,0,CERRADO,GR 3 - CENTRO-OESTE,-, ,,,,289146.145507813,2804.1675354477, 
360490,0000.00.0074,ESEC Raso da Catarina,63.5188429206896,incendio,incendio,planet, ,315,11/13/2025 12:00:00 AM,2025,nov,11,incendio,interior,63.5188429206896,0,CAATINGA,GR 2 - NORDESTE,Núcleo de Gestão Integrada - ICMBio Paulo Afonso, ,,,,658631.653808594,8807.41305840121,CT Salvador
360491,0000.00.0139,PARNA da Chapada dos Veadeiros,61.0926527319421,incendio,incendio,planet, ,317,11/18/2025 12:00:00 AM,2025,nov,11,incendio,interior,61.0926527319421,0,CERRADO,GR 3 - CENTRO-OESTE,-, ,,,,652459.501464844,5225.86061225869, 
360492,0000.00.4581,PARNA da Serra do Teixeira,203.43925171551,incendio,incendio,planet, ,309,11/15/2025 12:00:00 AM,2025,nov,11,incendio,interior,203.43925171551,0,CAATINGA,GR 2 - NORDESTE,-, ,,,,2082589.75317383,7197.70686909021,CT Salvador
360493,0000.00.0168,PARNA do Araguaia,276.761911885263,incendio,incendio,planet, ,225,8/25/2025 12:00:00 AM,2025,ago,08,incendio,interior,276.761911885263,0,CERRADO,GR 3 - CENTRO-OESTE,-, ,,,,2874263.89257813,12718.7161424775, 
360494,0000.00.0139,PARNA da Chapada dos Veadeiros,1056.41777629634,incendio,incendio,planet, ,303,11/6/2025 12:00:00 AM,2025,nov,11,incendio,interior,1056.41777629634,0,CERRADO,GR 3 - CENTRO-OESTE,-, ,,,,11270276.9824219,18454.5016389105, 
360495,0000.00.0168,PARNA do Araguaia,1.67848922811881,incendio,incendio,planet, ,225,8/25/2025 12:00:00 AM,2025,ago,08,incendio,interior,1.67848922811881,0,CERRADO,GR 3 - CENTRO-OESTE,-, ,,,,17426.7915039063,665.994021634571, 
360496,0000.00.0065,ESEC de Uruçuí-Una,170.04675334303,queima prescrita,manejo,planet,Queima do dia 10/07,191,7/14/2025 12:00:00 AM,2025,jul,07,manejo,interior,170.04675334303,0,CERRADO,GR 2 - NORDESTE,-, ,,,,1751645.96777344,11547.1924382627,CT Fortaleza
360497,0000.00.0139,PARNA da Chapada dos Veadeiros,122.009350002062,incendio,incendio,planet, ,317,11/18/2025 12:00:00 AM,2025,nov,11,incendio,interior,122.009350002062,0,CERRADO,GR 3 - CENTRO-OESTE,-, ,,,,1303287.10498047,6089.49149317879, 
360498,0000.00.0168,PARNA do Araguaia,64.8010644017249,incendio,incendio,planet, ,217,8/4/2025 12:00:00 AM,2025,ago,08,incendio,interior,64.8010644017249,0,CERRADO,GR 3 - CENTRO-OESTE,-, ,,,,674324.265625,4876.03531981698, 
360499,0000.00.0168,PARNA do Araguaia,316.745495282261,incendio,incendio,planet, ,222,8/25/2025 12:00:00 AM,2025,ago,08,incendio,interior,316.745495282261,0,CERRADO,GR 3 - CENTRO-OESTE,-, ,,,,3294958.16601563,13797.0461800512, 
360500,0000.00.0168,PARNA do Araguaia,17.6845371092257,incendio,incendio,planet, ,274,8/4/2025 12:00:00 AM,2025,ago,08,incendio,interior,17.6845371092257,0,CERRADO,GR 3 - CENTRO-OESTE,-, ,,,,184023.103515625,2340.06873887038, 
360501,0000.00.0168,PARNA do Araguaia,16.4395828896343,incendio,incendio,planet, ,217,8/4/2025 12:00:00 AM,2025,ago,08,incendio,interior,16.4395828896343,0,CERRADO,GR 3 - CENTRO-OESTE,-, ,,,,171074.157714844,1961.34467096179, 
360502,0000.00.0168,PARNA do Araguaia,8.7143575676026,incendio,incendio,planet, ,274,8/25/2025 12:00:00 AM,2025,ago,08,incendio,interior,8.7143575676026,0,CERRADO,GR 3 - CENTRO-OESTE,-, ,,,,90674.1528320313,1418.45294375496, 
360503,0000.00.0168,PARNA do Araguaia,12.7708485217416,incendio,incendio,planet, ,274,8/4/2025 12:00:00 AM,2025,ago,08,incendio,interior,12.7708485217416,0,CERRADO,GR 3 - CENTRO-OESTE,-, ,,,,132883.032226563,1572.69219754385, 
360504,0000.00.0168,PARNA do Araguaia,341.056228466114,incendio,incendio,planet, ,225,10/26/2025 12:00:00 AM,2025,out,10,incendio,interior,341.056228466114,0,CERRADO,GR 3 - CENTRO-OESTE,-, ,,,,3536897.12939453,13537.0974080703, 
360505,0000.00.0168,PARNA do Araguaia,74.1660550578839,incendio,incendio,planet, ,217,8/4/2025 12:00:00 AM,2025,ago,08,incendio,interior,74.1660550578839,0,CERRADO,GR 3 - CENTRO-OESTE,-, ,,,,771426.445800781,4175.84691356674, 
360506,0000.00.0168,PARNA do Araguaia,153.30259002716,incendio,incendio,planet, ,225,10/26/2025 12:00:00 AM,2025,out,10,incendio,interior,153.30259002716,0,CERRADO,GR 3 - CENTRO-OESTE,-, ,,,,1589853.78808594,8483.5983719657, 
360507,0000.00.0168,PARNA do Araguaia,18.5760670311373,incendio,incendio,planet, ,217,8/4/2025 12:00:00 AM,2025,ago,08,incendio,interior,18.5760670311373,0,CERRADO,GR 3 - CENTRO-OESTE,-, ,,,,193308.497070313,1847.39140389225, 
360508,0000.00.0168,PARNA do Araguaia,204.285724896322,incendio,incendio,planet, ,225,10/26/2025 12:00:00 AM,2025,out,10,incendio,interior,204.285724896322,0,CERRADO,GR 3 - CENTRO-OESTE,-, ,,,,2118565.25341797,9334.42654679467, 
360509,0000.00.0168,PARNA do Araguaia,100.880727975283,incendio,incendio,planet, ,225,8/5/2025 12:00:00 AM,2025,ago,08,incendio,interior,100.880727975283,0,CERRADO,GR 3 - CENTRO-OESTE,-, ,,,,1048918.32519531,6252.00604393971, 
360510,0000.00.0168,PARNA do Araguaia,15360.8272938559,incendio,incendio,planet, ,279,10/26/2025 12:00:00 AM,2025,out,10,incendio,interior,15360.8272938559,0,CERRADO,GR 3 - CENTRO-OESTE,-, ,,,,159782423.027344,139041.992276804, 
360511,0000.00.0168,PARNA do Araguaia,33.8617035233965,incendio,incendio,planet, ,216,8/5/2025 12:00:00 AM,2025,ago,08,incendio,interior,33.8617035233965,0,CERRADO,GR 3 - CENTRO-OESTE,-, ,,,,352149.286621094,2665.4165930312, 
360512,0000.00.0168,PARNA do Araguaia,23.8981455550829,incendio,incendio,planet, ,225,8/5/2025 12:00:00 AM,2025,ago,08,incendio,interior,23.8981455550829,0,CERRADO,GR 3 - CENTRO-OESTE,-, ,,,,248205.052246094,2756.29208498996, 
360513,0000.00.0168,PARNA do Araguaia,137.706891125577,incendio,incendio,planet, ,274,8/25/2025 12:00:00 AM,2025,ago,08,incendio,interior,137.706891125577,0,CERRADO,GR 3 - CENTRO-OESTE,-, ,,,,1432902.49609375,7133.90798797295, 
360514,0000.00.0168,PARNA do Araguaia,274.785278112539,incendio,incendio,planet, ,217,8/6/2025 12:00:00 AM,2025,ago,08,incendio,interior,274.785278112539,0,CERRADO,GR 3 - CENTRO-OESTE,-, ,,,,2856940.15380859,11527.6102032193, 
360515,0000.00.0168,PARNA do Araguaia,134.740819332068,incendio,incendio,planet, ,217,8/6/2025 12:00:00 AM,2025,ago,08,incendio,interior,134.740819332068,0,CERRADO,GR 3 - CENTRO-OESTE,-, ,,,,1402131.14453125,6809.54639346341, 
360516,0000.00.0139,PARNA da Chapada dos Veadeiros,1062.98684435433,incendio,incendio,planet, ,312,11/13/2025 12:00:00 AM,2025,nov,11,incendio,interior,1062.98684435433,0,CERRADO,GR 3 - CENTRO-OESTE,-, ,,,,11353160.1962891,21191.0188297494, 
360517,0000.00.0168,PARNA do Araguaia,4.34910951267039,incendio,incendio,planet, ,217,8/6/2025 12:00:00 AM,2025,ago,08,incendio,interior,4.34910951267039,0,CERRADO,GR 3 - CENTRO-OESTE,-, ,,,,45258.5141601563,1208.62648472228, 
360518,0000.00.0168,PARNA do Araguaia,86.4607841676493,incendio,incendio,planet, ,217,10/26/2025 12:00:00 AM,2025,out,10,incendio,interior,86.4607841676493,0,CERRADO,GR 3 - CENTRO-OESTE,-, ,,,,899427.895996094,8981.49367424603, 
360519,0000.00.0139,PARNA da Chapada dos Veadeiros,27.191689581409,incendio,incendio,planet, ,317,11/18/2025 12:00:00 AM,2025,nov,11,incendio,interior,27.191689581409,0,CERRADO,GR 3 - CENTRO-OESTE,-, ,,,,290387.270996094,3081.576417301, 
360520,0000.00.0139,PARNA da Chapada dos Veadeiros,85.7174487338157,incendio,incendio,planet, ,317,11/18/2025 12:00:00 AM,2025,nov,11,incendio,interior,85.7174487338157,0,CERRADO,GR 3 - CENTRO-OESTE,-, ,,,,915330.080078125,7403.90003166985, 
360521,0000.00.0139,PARNA da Chapada dos Veadeiros,31.0280247530708,incendio,incendio,planet, ,317,11/18/2025 12:00:00 AM,2025,nov,11,incendio,interior,31.0280247530708,0,CERRADO,GR 3 - CENTRO-OESTE,-, ,,,,331350.418457031,3885.32983737916, 
360522,0000.00.0139,PARNA da Chapada dos Veadeiros,36.3213681379631,incendio,incendio,planet, ,317,11/18/2025 12:00:00 AM,2025,nov,11,incendio,interior,36.3213681379631,0,CERRADO,GR 3 - CENTRO-OESTE,-, ,,,,387990.9921875,4118.64779783066, 
360523,0000.00.0139,PARNA da Chapada dos Veadeiros,490.210612737816,incendio,incendio,planet, ,317,11/18/2025 12:00:00 AM,2025,nov,11,incendio,interior,490.210612737816,0,CERRADO,GR 3 - CENTRO-OESTE,-, ,,,,5236448.875,16755.6228085566, 
360524,0000.00.0139,PARNA da Chapada dos Veadeiros,50.4999493036406,incendio,incendio,planet, ,317,11/18/2025 12:00:00 AM,2025,nov,11,incendio,interior,50.4999493036406,0,CERRADO,GR 3 - CENTRO-OESTE,-, ,,,,539310.610839844,3405.72244228387, 
360525,0000.00.0137,PARNA da Chapada Diamantina,102.665537470983,incendio,incendio,planet, ,320,11/18/2025 12:00:00 AM,2025,nov,11,incendio,interior,102.665537470983,0,CAATINGA,GR 2 - NORDESTE,-, ,,,,1087321.98388672,5377.28677091057,CT Salvador
360526,0000.00.0139,PARNA da Chapada dos Veadeiros,702.891499529573,gestao de ignicao natural,manejo,planet,Fogo de raio do dia 18/11,322,11/18/2025 12:00:00 AM,2025,nov,11,manejo,interior,702.891499529573,0,CERRADO,GR 3 - CENTRO-OESTE,-, ,,,,7504316.3671875,27277.9487750808, 
360527,0000.00.0137,PARNA da Chapada Diamantina,575.437085798975,gestao de ignicao natural,manejo,planet,Fogo de raio do dia 07/11,311,11/18/2025 12:00:00 AM,2025,nov,11,manejo,interior,575.437085798975,0,CAATINGA,GR 2 - NORDESTE,-, ,,,,6107729.76074219,14265.1332497635,CT Salvador
360528,0000.00.0137,PARNA da Chapada Diamantina,539.012750882937,incendio,incendio,planet, ,321,11/18/2025 12:00:00 AM,2025,nov,11,incendio,interior,539.012750882937,0,CAATINGA,GR 2 - NORDESTE,-, ,,,,5705070.42773438,16127.9022288668,CT Salvador
360529,0000.00.0024,APA Meandros do Rio Araguaia,324.106880832746,incendio,incendio,planet, ,321,11/20/2025 12:00:00 AM,2025,nov,11,incendio,interior,324.106880832746,0,CERRADO,GR 3 - CENTRO-OESTE,Núcleo de Gestão Integrada - ICMBio Meandros do Rio Araguaia, ,,,,3435973.44824219,10603.1920517718, 
360530,0000.00.0024,APA Meandros do Rio Araguaia,441.052212400619,incendio,incendio,planet, ,321,11/20/2025 12:00:00 AM,2025,nov,11,incendio,interior,441.052212400619,0,CERRADO,GR 3 - CENTRO-OESTE,Núcleo de Gestão Integrada - ICMBio Meandros do Rio Araguaia, ,,,,4674290.35693359,16039.3995652324, 
360531,0000.00.0024,APA Meandros do Rio Araguaia,4.10993280828109,incendio,incendio,planet, ,319,11/20/2025 12:00:00 AM,2025,nov,11,incendio,interior,4.10993280828109,0,CERRADO,GR 3 - CENTRO-OESTE,Núcleo de Gestão Integrada - ICMBio Meandros do Rio Araguaia, ,,,,43601.0541992188,821.230825080358, 
360532,0000.00.0024,APA Meandros do Rio Araguaia,7.65312043463973,incendio,incendio,planet, ,319,11/20/2025 12:00:00 AM,2025,nov,11,incendio,interior,7.65312043463973,0,CERRADO,GR 3 - CENTRO-OESTE,Núcleo de Gestão Integrada - ICMBio Meandros do Rio Araguaia, ,,,,81191.0122070313,1545.79030745436, 
360533,0000.00.0024,APA Meandros do Rio Araguaia,633.565455576248,incendio,incendio,planet, ,321,11/20/2025 12:00:00 AM,2025,nov,11,incendio,interior,633.565455576248,0,CERRADO,GR 3 - CENTRO-OESTE,Núcleo de Gestão Integrada - ICMBio Meandros do Rio Araguaia, ,,,,6718771.92480469,20334.7257282588, 
360534,0000.00.0065,ESEC de Uruçuí-Una,37.415171306065,queima controlada,manejo,planet,Queima do dia 05/11,309,11/17/2025 12:00:00 AM,2025,nov,11,manejo,interior,37.415171306065,0,CERRADO,GR 2 - NORDESTE,-, ,,,,385482.219726563,3475.70671408327,CT Fortaleza
360535,0000.00.0065,ESEC de Uruçuí-Una,114.637527964261,incendio,incendio,planet, ,318,11/17/2025 12:00:00 AM,2025,nov,11,incendio,interior,114.637527964261,0,CERRADO,GR 2 - NORDESTE,-, ,,,,1182443.92724609,5390.54983148507,CT Fortaleza
360536,0000.00.0024,APA Meandros do Rio Araguaia,803.078979532468,incendio,incendio,planet, ,319,11/20/2025 12:00:00 AM,2025,nov,11,incendio,interior,803.078979532468,0,CERRADO,GR 3 - CENTRO-OESTE,Núcleo de Gestão Integrada - ICMBio Meandros do Rio Araguaia, ,,,,8518462.890625,15716.0555155339, 
360537,0000.00.0024,APA Meandros do Rio Araguaia,165.180657996636,incendio,incendio,planet, ,319,11/20/2025 12:00:00 AM,2025,nov,11,incendio,interior,165.180657996636,0,CERRADO,GR 3 - CENTRO-OESTE,Núcleo de Gestão Integrada - ICMBio Meandros do Rio Araguaia, ,,,,1752210.35498047,7235.86460636753, 
360538,0000.00.0024,APA Meandros do Rio Araguaia,25.3872463895685,incendio,incendio,planet, ,319,11/20/2025 12:00:00 AM,2025,nov,11,incendio,interior,25.3872463895685,0,CERRADO,GR 3 - CENTRO-OESTE,Núcleo de Gestão Integrada - ICMBio Meandros do Rio Araguaia, ,,,,269331.985351563,2991.81437557368, 
360539,0000.00.0024,APA Meandros do Rio Araguaia,23.7260288898692,incendio,incendio,planet, ,319,11/20/2025 12:00:00 AM,2025,nov,11,incendio,interior,23.7260288898692,0,CERRADO,GR 3 - CENTRO-OESTE,Núcleo de Gestão Integrada - ICMBio Meandros do Rio Araguaia, ,,,,251706.269042969,2498.61148827004, 
360540,0000.00.0024,APA Meandros do Rio Araguaia,53.889248885051,incendio,incendio,planet, ,319,11/20/2025 12:00:00 AM,2025,nov,11,incendio,interior,53.889248885051,0,CERRADO,GR 3 - CENTRO-OESTE,Núcleo de Gestão Integrada - ICMBio Meandros do Rio Araguaia, ,,,,571704.939941406,5905.28742212148, 
360541,0000.00.0024,APA Meandros do Rio Araguaia,194.760778279176,incendio,incendio,planet, ,321,11/20/2025 12:00:00 AM,2025,nov,11,incendio,interior,194.760778279176,0,CERRADO,GR 3 - CENTRO-OESTE,Núcleo de Gestão Integrada - ICMBio Meandros do Rio Araguaia, ,,,,2066404.83105469,10106.9906541611, 
360542,0000.00.0024,APA Meandros do Rio Araguaia,7.56370815197166,incendio,incendio,planet, ,321,11/20/2025 12:00:00 AM,2025,nov,11,incendio,interior,7.56370815197166,0,CERRADO,GR 3 - CENTRO-OESTE,Núcleo de Gestão Integrada - ICMBio Meandros do Rio Araguaia, ,,,,80255.6479492188,1289.7425199174, 
360543,0000.00.0024,APA Meandros do Rio Araguaia,1.62094269708835,incendio,incendio,planet, ,321,11/20/2025 12:00:00 AM,2025,nov,11,incendio,interior,1.62094269708835,0,CERRADO,GR 3 - CENTRO-OESTE,Núcleo de Gestão Integrada - ICMBio Meandros do Rio Araguaia, ,,,,17198.9868164063,501.274212527881, 
360544,0000.00.0024,APA Meandros do Rio Araguaia,5.47681630244731,incendio,incendio,planet, ,321,11/20/2025 12:00:00 AM,2025,nov,11,incendio,interior,5.47681630244731,0,CERRADO,GR 3 - CENTRO-OESTE,Núcleo de Gestão Integrada - ICMBio Meandros do Rio Araguaia, ,,,,58113.0629882813,1476.03547632594, 
360545,0000.00.0065,ESEC de Uruçuí-Una,97.0018360536573,incendio,incendio,planet, ,317,11/17/2025 12:00:00 AM,2025,nov,11,incendio,interior,97.0018360536573,0,CERRADO,GR 2 - NORDESTE,-, ,,,,1000555.18994141,5764.89030175025,CT Fortaleza
360546,0000.00.0065,ESEC de Uruçuí-Una,138.545715232691,incendio,incendio,planet, ,316,11/17/2025 12:00:00 AM,2025,nov,11,incendio,interior,138.545715232691,0,CERRADO,GR 2 - NORDESTE,-, ,,,,1427897.25634766,6539.56841910805,CT Fortaleza
360547,0000.00.0065,ESEC de Uruçuí-Una,20.1906419116289,incendio,incendio,planet, ,318,11/17/2025 12:00:00 AM,2025,nov,11,incendio,interior,20.1906419116289,0,CERRADO,GR 2 - NORDESTE,-, ,,,,208276.37890625,2915.17333627125,CT Fortaleza
360548,0000.00.0065,ESEC de Uruçuí-Una,98.4747666355583,queima controlada,manejo,planet,Queima do dia 13/11,317,11/17/2025 12:00:00 AM,2025,nov,11,manejo,interior,98.4747666355583,0,CERRADO,GR 2 - NORDESTE,-, ,,,,1014538.17480469,6748.68147879668,CT Fortaleza
360549,0000.00.0065,ESEC de Uruçuí-Una,0.839824676797589,incendio,incendio,planet, ,317,11/17/2025 12:00:00 AM,2025,nov,11,incendio,interior,0.839824676797589,0,CERRADO,GR 2 - NORDESTE,-, ,,,,8650.70556640625,471.733926411794,CT Fortaleza
360550,0000.00.0065,ESEC de Uruçuí-Una,14.0243813095578,incendio,incendio,planet, ,317,11/17/2025 12:00:00 AM,2025,nov,11,incendio,interior,14.0243813095578,0,CERRADO,GR 2 - NORDESTE,-, ,,,,144463.004394531,1998.60403477812,CT Fortaleza
360551,0000.00.0065,ESEC de Uruçuí-Una,168.789599593825,incendio,incendio,planet, ,316,11/17/2025 12:00:00 AM,2025,nov,11,incendio,interior,168.789599593825,0,CERRADO,GR 2 - NORDESTE,-, ,,,,1741175.43554688,10282.4659963938,CT Fortaleza
360552,0000.00.0065,ESEC de Uruçuí-Una,81.8438397490374,incendio,incendio,planet, ,320,11/17/2025 12:00:00 AM,2025,nov,11,incendio,interior,81.8438397490374,0,CERRADO,GR 2 - NORDESTE,-, ,,,,844121.211914063,6735.30696303159,CT Fortaleza
360553,0000.00.0065,ESEC de Uruçuí-Una,139.226523627481,queima controlada,manejo,planet,Queima do dia 13/11,315,11/17/2025 12:00:00 AM,2025,nov,11,manejo,interior,139.226523627481,0,CERRADO,GR 2 - NORDESTE,-, ,,,,1435567.4140625,6087.41581850468,CT Fortaleza
360554,0000.00.0065,ESEC de Uruçuí-Una,9.14920193106241,incendio,incendio,planet, ,315,11/17/2025 12:00:00 AM,2025,nov,11,incendio,interior,9.14920193106241,0,CERRADO,GR 2 - NORDESTE,-, ,,,,94341.0517578125,1247.60453273711,CT Fortaleza
360555,0000.00.0065,ESEC de Uruçuí-Una,19.7818404884152,incendio,incendio,planet, ,315,11/17/2025 12:00:00 AM,2025,nov,11,incendio,interior,19.7818404884152,0,CERRADO,GR 2 - NORDESTE,-, ,,,,204004.603515625,2614.28436561355,CT Fortaleza
360556,0000.00.0139,PARNA da Chapada dos Veadeiros,47.6214588778952,incendio,incendio,planet, ,317,11/20/2025 12:00:00 AM,2025,nov,11,incendio,interior,47.6214588778952,0,CERRADO,GR 3 - CENTRO-OESTE,-, ,,,,508506.677246094,4704.42998222125, 
360557,0000.00.0139,PARNA da Chapada dos Veadeiros,260.616315169854,incendio,incendio,planet, ,322,11/20/2025 12:00:00 AM,2025,nov,11,incendio,interior,260.616315169854,0,CERRADO,GR 3 - CENTRO-OESTE,-, ,,,,2787078.16308594,7529.6152947556, 
360558,0000.00.0139,PARNA da Chapada dos Veadeiros,106.227248918889,incendio,incendio,planet, ,318,11/20/2025 12:00:00 AM,2025,nov,11,incendio,interior,106.227248918889,0,CERRADO,GR 3 - CENTRO-OESTE,-, ,,,,1134055.44580078,7384.12789902849, 
360559,0000.00.0139,PARNA da Chapada dos Veadeiros,22.8933524766353,incendio,incendio,planet, ,320,11/20/2025 12:00:00 AM,2025,nov,11,incendio,interior,22.8933524766353,0,CERRADO,GR 3 - CENTRO-OESTE,-, ,,,,244327.405761719,2048.63902156488, 
360560,0000.00.0165,PARNA de São Joaquim,148.843753207085,incendio,incendio,planet, ,315,11/15/2025 12:00:00 AM,2025,nov,11,incendio,interior,148.843753207085,0,MATA ATLÂNTICA,GR 5 - SUL,-, ,,,,1921560.45117188,7470.60457148318, 
360561,0000.00.0206,REBIO do Guaporé,1938.83104673253,gestao de ignicao natural,manejo,planet,Fogo de raio do dia 05/11,309,11/16/2025 12:00:00 AM,2025,nov,11,manejo,interior,1938.83104673253,0,AMAZÔNIA,GR 1 - NORTE,Núcleo de Gestão Integrada - ICMBio Cautário-Guaporé, ,,,,20453634.2070313,42881.0108528157,CT Porto Velho
360562,0000.00.0206,REBIO do Guaporé,10.2364650675109,gestao de ignicao natural,manejo,planet,Fogo de raio do dia 08/11,312,11/16/2025 12:00:00 AM,2025,nov,11,manejo,interior,10.2364650675109,0,AMAZÔNIA,GR 1 - NORTE,Núcleo de Gestão Integrada - ICMBio Cautário-Guaporé, ,,,,108134.345703125,2158.80961272579,CT Porto Velho
360563,0000.00.0206,REBIO do Guaporé,112.477789060031,gestao de ignicao natural,manejo,planet,Fogo de raio do dia 08/11,312,11/16/2025 12:00:00 AM,2025,nov,11,manejo,interior,112.477789060031,0,AMAZÔNIA,GR 1 - NORTE,Núcleo de Gestão Integrada - ICMBio Cautário-Guaporé, ,,,,1188026.28417969,13424.4811593523,CT Porto Velho
360564,0000.00.0206,REBIO do Guaporé,0.786928838376669,gestao de ignicao natural,manejo,planet,Fogo de raio do dia 08/11,312,11/16/2025 12:00:00 AM,2025,nov,11,manejo,interior,0.786928838376669,0,AMAZÔNIA,GR 1 - NORTE,Núcleo de Gestão Integrada - ICMBio Cautário-Guaporé, ,,,,8311.8251953125,410.304550989791,CT Porto Velho
360565,0000.00.0206,REBIO do Guaporé,234.531740315384,gestao de ignicao natural,manejo,planet,Fogo de raio do dia 08/11,312,11/16/2025 12:00:00 AM,2025,nov,11,manejo,interior,234.531740315384,0,AMAZÔNIA,GR 1 - NORTE,Núcleo de Gestão Integrada - ICMBio Cautário-Guaporé, ,,,,2477252.93066406,15822.5320194917,CT Porto Velho
360566,0000.00.0206,REBIO do Guaporé,5.8875714042126,gestao de ignicao natural,manejo,planet,Fogo de raio do dia 05/11,309,11/16/2025 12:00:00 AM,2025,nov,11,manejo,interior,5.8875714042126,0,AMAZÔNIA,GR 1 - NORTE,Núcleo de Gestão Integrada - ICMBio Cautário-Guaporé, ,,,,62117.623046875,1599.34992474983,CT Porto Velho
360567,0000.00.0065,ESEC de Uruçuí-Una,116.700047058493,incendio,incendio,planet, ,323,11/23/2025 12:00:00 AM,2025,nov,11,incendio,interior,116.700047058493,0,CERRADO,GR 2 - NORDESTE,-, ,,,,1203891.69726563,5253.45046074977,CT Fortaleza
360568,0000.00.0089,FLONA de Caxiuanã,48.0968447085606,queima controlada,manejo,planet,Queima do dia 02/12,336,12/28/2025 12:00:00 AM,2025,dez,12,manejo,interior,48.0968447085606,0,AMAZÔNIA,GR 1 - NORTE,Núcleo de Gestão Integrada - ICMBio Breves,CR Belém,,,,484923.453369141,4341.47329972012,CT Belém
360569,0000.00.0168,PARNA do Araguaia,671.793399187323,queima controlada,manejo,planet,Queima do dia 16/11,320,11/23/2025 12:00:00 AM,2025,nov,11,manejo,interior,671.793399187323,0,CERRADO,GR 3 - CENTRO-OESTE,-, ,,,,6983968.44873047,19671.4264384042, 
360570,0000.00.0089,FLONA de Caxiuanã,40.55063808234,queima controlada,manejo,planet,Queima do dia 24/11,324,12/28/2025 12:00:00 AM,2025,dez,12,manejo,interior,40.55063808234,0,AMAZÔNIA,GR 1 - NORTE,Núcleo de Gestão Integrada - ICMBio Breves,CR Belém,,,,408860.667480469,5277.96229090087,CT Belém
360571,0000.00.0065,ESEC de Uruçuí-Una,575.45159662475,incendio,incendio,planet, ,321,11/23/2025 12:00:00 AM,2025,nov,11,incendio,interior,575.45159662475,0,CERRADO,GR 2 - NORDESTE,-, ,,,,5938208.86474609,21076.8212144052,CT Fortaleza
360572,0000.00.0027,APA Morro da Pedreira,215.552269529201,incendio,incendio,planet, ,359,12/26/2025 12:00:00 AM,2025,dez,12,incendio,interior,215.552269529201,0,CERRADO,GR 4 - SUDESTE,Núcleo de Gestão Integrada - ICMBio Cipó-Pedreira, ,,,,2439510.69628906,10680.1223815817, 
360573,0000.00.0137,PARNA da Chapada Diamantina,58.9433660499436,incendio,incendio,planet, ,350,12/28/2025 12:00:00 AM,2025,dez,12,incendio,interior,58.9433660499436,0,CAATINGA,GR 2 - NORDESTE,-, ,,,,625927.597167969,4078.60496170311,CT Salvador
360574,0000.00.0139,PARNA da Chapada dos Veadeiros,129.578060515683,incendio,incendio,planet, ,346,12/25/2025 12:00:00 AM,2025,dez,12,incendio,interior,129.578060515683,0,CERRADO,GR 3 - CENTRO-OESTE,-, ,,,,1382260.60205078,9216.01574819882, 
360575,0000.00.0139,PARNA da Chapada dos Veadeiros,659.193862844657,incendio,incendio,planet, ,361,12/27/2025 12:00:00 AM,2025,dez,12,incendio,interior,659.193862844657,0,CERRADO,GR 3 - CENTRO-OESTE,-, ,,,,7043505.87158203,24195.0047411104, 
360576,0000.00.0169,PARNA do Cabo Orange,282.255862078686,incendio,incendio,planet, ,342,12/23/2025 12:00:00 AM,2025,dez,12,incendio,interior,282.255862078686,0,AMAZÔNIA,GR 1 - NORTE,-,CR Belém,,,,2851468.7401123,9955.95514976851,CT Belém
360577,0000.00.0286,RESEX de Recanto das Araras de Terra Ronca,68.8066272788971,incendio,incendio,planet, ,337,12/25/2025 12:00:00 AM,2025,dez,12,incendio,interior,68.8066272788971,0,CERRADO,GR 3 - CENTRO-OESTE,Núcleo de Gestão Integrada - ICMBio Mata Grande/Terra Ronca, ,,,,733173.482421875,6009.67468533331, 
360578,0000.00.3136,PARNA da Serra do Gandarela,182.85543941467,incendio,incendio,planet, ,360,12/30/2025 12:00:00 AM,2025,dez,12,incendio,interior,182.85543941467,0,MATA ATLÂNTICA,GR 4 - SUDESTE,-, ,,,,2086467.10058594,13173.8998019253, 
360579,0000.00.0076,ESEC Serra Geral do Tocantins,468.172352900517,queima prescrita,manejo,planet,Queima do dia 20/06,171,6/29/2025 12:00:00 AM,2025,jun,06,manejo,interior,468.172352900517,0,CERRADO,GR 3 - CENTRO-OESTE,-, ,,,,4875714.85839844,20428.6048032129, 
360580,0000.00.0089,FLONA de Caxiuanã,10.3527543685139,queima controlada,manejo,planet,Queima do dia 17/11,351,12/28/2025 12:00:00 AM,2025,dez,12,manejo,interior,10.3527543685139,0,AMAZÔNIA,GR 1 - NORTE,Núcleo de Gestão Integrada - ICMBio Breves,CR Belém,,,,104381.57043457,2312.86630306014,CT Belém
360581,0000.00.0076,ESEC Serra Geral do Tocantins,1057.4117482341,incendio,incendio,planet, ,305,10/28/2025 12:00:00 AM,2025,out,10,incendio,interior,1057.4117482341,0,CERRADO,GR 3 - CENTRO-OESTE,-, ,,,,11012794.0620117,21565.6530094682, 
360582,0000.00.0148,PARNA da Serra do Cipó,1127.64422397868,incendio,incendio,planet,Imagem planet de 02/01/2026,361,12/31/2025 12:00:00 AM,2025,dez,12,incendio,interior,1127.64422397868,0,CERRADO,GR 4 - SUDESTE,Núcleo de Gestão Integrada - ICMBio Cipó-Pedreira, ,,,,12727494.9414063,22180.3188010167, 
360583,0000.00.0027,APA Morro da Pedreira,74.342149921104,incendio,incendio,planet,Imagem planet de 02/01/2026,361,12/31/2025 12:00:00 AM,2025,dez,12,incendio,interior,74.342149921104,0,CERRADO,GR 4 - SUDESTE,Núcleo de Gestão Integrada - ICMBio Cipó-Pedreira, ,,,,838946.479492188,7381.22340542561, 
360584,0000.00.0023,APA do Planalto Central,31.1827687766094,incendio,incendio,planet, ,357,12/31/2025 12:00:00 AM,2025,dez,12,incendio,interior,31.1827687766094,0,CERRADO,GR 3 - CENTRO-OESTE,-, ,,,,337226.189453125,4495.78274142873, 
360585,0000.00.0028,APA das Nascentes do Rio Vermelho,263.590870349753,incendio,incendio,planet, ,225,8/18/2025 12:00:00 AM,2025,ago,08,incendio,interior,263.590870349753,0,CERRADO,GR 3 - CENTRO-OESTE,Núcleo de Gestão Integrada - ICMBio Mambaí, ,,,,2828330.34716797,18134.2751114413, 
360586,0000.00.0272,PARNA da Chapada das Mesas,223.310454680508,queima controlada,manejo,planet,Queima do dia 27/12 / Imagem do dia 12/01/2026,360,12/31/2025 12:00:00 AM,2025,dez,12,manejo,interior,223.310454680508,0,CERRADO,GR 2 - NORDESTE,-, ,,,,2283897.99243164,8121.05343199361,CT Fortaleza
360587,0000.00.0076,ESEC Serra Geral do Tocantins,142.131898235826,incendio,incendio,planet, ,363,12/31/2025 12:00:00 AM,2025,dez,12,incendio,interior,142.131898235826,0,CERRADO,GR 3 - CENTRO-OESTE,-, ,,,,1484796.52587891,12656.0980342719, 
360588,0000.00.0219,REVIS das Veredas do Oeste Baiano,234.492140188072,incendio,incendio,planet, ,262,9/21/2025 12:00:00 AM,2025,set,09,incendio,interior,234.492140188072,0,CERRADO,GR 3 - CENTRO-OESTE,Núcleo de Gestão Integrada - ICMBio Mambaí, ,,,,2504781.38037109,13761.8699596319, 
360589,0000.00.0028,APA das Nascentes do Rio Vermelho,13.0520790284819,incendio,incendio,planet, ,318,11/15/2025 12:00:00 AM,2025,nov,11,incendio,interior,13.0520790284819,0,CERRADO,GR 3 - CENTRO-OESTE,Núcleo de Gestão Integrada - ICMBio Mambaí, ,,,,140055.83203125,2628.42074076322, 
360590,0000.00.0219,REVIS das Veredas do Oeste Baiano,95.9241530397768,incendio,incendio,planet, ,294,11/15/2025 12:00:00 AM,2025,nov,11,incendio,interior,95.9241530397768,0,CERRADO,GR 3 - CENTRO-OESTE,Núcleo de Gestão Integrada - ICMBio Mambaí, ,,,,1026765.30664063,4703.13672386727, 
360591,0000.00.0139,PARNA da Chapada dos Veadeiros,95.8424187355117,incendio,incendio,planet,Imagem do dia 11/01/2026,362,12/31/2025 12:00:00 AM,2025,dez,12,incendio,interior,95.8424187355117,0,CERRADO,GR 3 - CENTRO-OESTE,-, ,,,,1023984.93798828,7892.36410388944, 
360592,0000.00.0272,PARNA da Chapada das Mesas,56.1564451777243,queima controlada,manejo,planet,Queima do dia 26/12 / Imagem do dia 12/01/2026,361,12/31/2025 12:00:00 AM,2025,dez,12,manejo,interior,56.1564451777243,0,CERRADO,GR 2 - NORDESTE,-, ,,,,574247.718994141,3944.30163163454,CT Fortaleza
360593,0000.00.0076,ESEC Serra Geral do Tocantins,350.778858956155,incendio,incendio,planet, ,284,10/28/2025 12:00:00 AM,2025,out,10,incendio,interior,350.778858956155,0,CERRADO,GR 3 - CENTRO-OESTE,-, ,,,,3655505.20996094,18217.6820158553, 
360594,0000.00.0076,ESEC Serra Geral do Tocantins,247.6674301152,incendio,incendio,planet, ,291,10/28/2025 12:00:00 AM,2025,out,10,incendio,interior,247.6674301152,0,CERRADO,GR 3 - CENTRO-OESTE,-, ,,,,2582068.53173828,11126.0824208137, 
360595,0000.00.0076,ESEC Serra Geral do Tocantins,56.7485189124123,incendio,incendio,planet, ,291,10/28/2025 12:00:00 AM,2025,out,10,incendio,interior,56.7485189124123,0,CERRADO,GR 3 - CENTRO-OESTE,-, ,,,,591792.011230469,4292.64860755019, 
360596,0000.00.0076,ESEC Serra Geral do Tocantins,5.12991840696553,incendio,incendio,planet, ,291,10/28/2025 12:00:00 AM,2025,out,10,incendio,interior,5.12991840696553,0,CERRADO,GR 3 - CENTRO-OESTE,-, ,,,,53498.6713867188,1030.18544989825, 
360597,0000.00.0076,ESEC Serra Geral do Tocantins,10.8173768635165,incendio,incendio,planet, ,291,10/28/2025 12:00:00 AM,2025,out,10,incendio,interior,10.8173768635165,0,CERRADO,GR 3 - CENTRO-OESTE,-, ,,,,112810.860839844,1703.85161637656, 
360598,0000.00.0076,ESEC Serra Geral do Tocantins,7.99922771438684,incendio,incendio,planet, ,291,10/28/2025 12:00:00 AM,2025,out,10,incendio,interior,7.99922771438684,0,CERRADO,GR 3 - CENTRO-OESTE,-, ,,,,83424.6743164063,1301.66772312075, 
360599,0000.00.0076,ESEC Serra Geral do Tocantins,4.12704106136997,incendio,incendio,planet, ,291,10/28/2025 12:00:00 AM,2025,out,10,incendio,interior,4.12704106136997,0,CERRADO,GR 3 - CENTRO-OESTE,-, ,,,,43042.9541015625,1264.05144433087, 
360600,0000.00.0163,PARNA de Pacaás Novos,242.971231943079,queima por indigenas isolados,manejo,planet,Queima por indígenas isolados no dia 30/08,242,8/30/2025 12:00:00 AM,2025,ago,08,manejo,interior,242.971231943079,0,AMAZÔNIA,GR 1 - NORTE,-, ,,,,2543121.80957031,11198.273287206,CT Porto Velho
360601,0000.00.0163,PARNA de Pacaás Novos,1335.59559617235,queima por indigenas isolados,manejo,planet,Queima por indígenas isolados no dia 29/08,241,8/30/2025 12:00:00 AM,2025,ago,08,manejo,interior,1335.59559617235,0,AMAZÔNIA,GR 1 - NORTE,-, ,,,,13976323.1474609,37530.1644647142,CT Porto Velho
360602,0000.00.0137,PARNA da Chapada Diamantina,392.090190879859,incendio,incendio,planet, ,310,11/18/2025 12:00:00 AM,2025,nov,11,incendio,interior,392.090190879859,0,CAATINGA,GR 2 - NORDESTE,-, ,,,,4147462.109375,12632.1284875542,CT Salvador
360603,0000.00.0159,PARNA de Brasília,116.728610480602,queima prescrita,manejo,planet,Queima do dia 11/03,71,3/12/2025 12:00:00 AM,2025,mar,03,manejo,interior,116.728610480602,0,CERRADO,GR 3 - CENTRO-OESTE,Núcleo de Gestão Integrada - ICMBio Brasília-Contagem, ,,,,1266621.25390625,8953.910774753, 
360604,0000.00.0139,PARNA da Chapada dos Veadeiros,1238.91502398216,queima prescrita,manejo,planet,Queima entre os dias 18/03 e 20/03,78,4/1/2025 12:00:00 AM,2025,abr,04,manejo,interior,1238.91502398216,0,CERRADO,GR 3 - CENTRO-OESTE,-, ,,,,13249371.472168,48673.9382040561, 
360605,0000.00.0144,PARNA da Serra da Canastra,282.006585605596,incendio,incendio,planet, ,56,3/9/2025 12:00:00 AM,2025,mar,03,incendio,interior,282.006585605596,0,CERRADO,GR 4 - SUDESTE,-, ,,,,3223312.70996094,20413.1886847806, 
360606,0000.00.0076,ESEC Serra Geral do Tocantins,1798.22722076991,queima prescrita,manejo,planet,Queima do dia 13/05,134,5/21/2025 12:00:00 AM,2025,mai,05,manejo,interior,1798.22722076991,0,CERRADO,GR 3 - CENTRO-OESTE,-, ,,,,18800359.8686523,39066.5068539983, 
360607,0000.00.0023,APA do Planalto Central,1.67392999246804,incendio,incendio,planet, ,162,6/15/2025 12:00:00 AM,2025,jun,06,incendio,interior,1.67392999246804,0,CERRADO,GR 3 - CENTRO-OESTE,-, ,,,,18109.3310546875,683.670554379957, 
360608,0000.00.0023,APA do Planalto Central,1043.67124336932,incendio,incendio,planet, ,162,6/15/2025 12:00:00 AM,2025,jun,06,incendio,interior,1043.67124336932,0,CERRADO,GR 3 - CENTRO-OESTE,-, ,,,,11293327.0107422,66187.7652038712, 
360609,0000.00.0219,REVIS das Veredas do Oeste Baiano,28.6085931625741,queima controlada,manejo,planet,Queima do dia 23/06,175,6/24/2025 12:00:00 AM,2025,jun,06,manejo,interior,28.6085931625741,0,CERRADO,GR 3 - CENTRO-OESTE,Núcleo de Gestão Integrada - ICMBio Mambaí, ,,,,305550.334472656,3248.78731582682, 
360610,0000.00.0076,ESEC Serra Geral do Tocantins,239.457407550779,queima prescrita,manejo,planet,Queima do dia 13/06,165,6/24/2025 12:00:00 AM,2025,jun,06,manejo,interior,239.457407550779,0,CERRADO,GR 3 - CENTRO-OESTE,-, ,,,,2498182.14648438,13799.7747816698, 
360611,0000.00.0284,PARNA dos Campos Amazônicos,190.880026736148,queima prescrita,manejo,planet,Queima do dia 17/06,169,6/20/2025 12:00:00 AM,2025,jun,06,manejo,interior,190.880026736148,0,AMAZÔNIA,GR 1 - NORTE,Núcleo de Gestão Integrada - ICMBio Humaitá,CR Porto V,,,,1963493.64941406,10574.8603468773,CT Porto Velho
360612,0000.00.0168,PARNA do Araguaia,11.3932227957557,queima prescrita,manejo,planet,Queima do dia 27/06. Operação conjunta entre ICMBio e IBAMA.,179,6/29/2025 12:00:00 AM,2025,jun,06,manejo,interior,11.3932227957557,0,CERRADO,GR 3 - CENTRO-OESTE,-, ,,,,118862.763183594,1839.9275221538, 
360613,0000.00.0065,ESEC de Uruçuí-Una,11.2090163543415,queima prescrita,manejo,planet,Queima do dia 09/07,191,7/14/2025 12:00:00 AM,2025,jul,07,manejo,interior,11.2090163543415,0,CERRADO,GR 2 - NORDESTE,-, ,,,,115455.862792969,2181.29924486912,CT Fortaleza
360614,0000.00.0074,ESEC Raso da Catarina,75.0672628871394,incendio,incendio,planet, ,316,11/25/2025 12:00:00 AM,2025,nov,11,incendio,interior,75.0672628871394,0,CAATINGA,GR 2 - NORDESTE,Núcleo de Gestão Integrada - ICMBio Paulo Afonso, ,,,,778055.209472656,7168.53305125373,CT Salvador
360615,0000.00.0284,PARNA dos Campos Amazônicos,30.9698089861297,queima prescrita,manejo,planet,Queima do dia 19/06,170,6/21/2025 12:00:00 AM,2025,jun,06,manejo,interior,30.9698089861297,0,AMAZÔNIA,GR 1 - NORTE,Núcleo de Gestão Integrada - ICMBio Humaitá,CR Porto V,,,,319291.758300781,3944.98435482568,CT Porto Velho
360616,0000.00.0168,PARNA do Araguaia,2.73657617809374,queima prescrita,manejo,planet,Queima do dia 03/07. Operação conjunta entre ICMBio e IBAMA.,184,7/7/2025 12:00:00 AM,2025,jul,07,manejo,interior,2.73657617809374,0,CERRADO,GR 3 - CENTRO-OESTE,-, ,,,,28524.41015625,656.45695259173, 
360617,0000.00.0074,ESEC Raso da Catarina,304.292434237195,incendio,incendio,planet, ,318,11/25/2025 12:00:00 AM,2025,nov,11,incendio,interior,304.292434237195,0,CAATINGA,GR 2 - NORDESTE,Núcleo de Gestão Integrada - ICMBio Paulo Afonso, ,,,,3154544.80029297,15673.9740755916,CT Salvador
360618,0000.00.0138,PARNA da Chapada dos Guimaraes,14.7799046849118,queima prescrita,manejo,planet,Queima do dia 11/07,191,7/14/2025 12:00:00 AM,2025,jul,07,manejo,interior,14.7799046849118,0,CERRADO,GR 3 - CENTRO-OESTE,-, ,,,,159738.345703125,2734.79076337446,CT - GR3
360619,0000.00.0076,ESEC Serra Geral do Tocantins,597.211315032007,incendio,incendio,planet, ,185,7/15/2025 12:00:00 AM,2025,jul,07,incendio,interior,597.211315032007,0,CERRADO,GR 3 - CENTRO-OESTE,-, ,,,,6221421.48583984,22797.681009928, 
360620,0000.00.0168,PARNA do Araguaia,91.0472190526399,queima prescrita,manejo,planet,Queima do dia 16/07. Operação conjunta entre ICMBio e IBAMA,197,7/17/2025 12:00:00 AM,2025,jul,07,manejo,interior,91.0472190526399,0,CERRADO,GR 3 - CENTRO-OESTE,-, ,,,,951531.017578125,8306.32126929927, 
360621,0000.00.0168,PARNA do Araguaia,111.01256352743,queima prescrita,manejo,planet,Queima do dia 19/07. Operação conjunta entre ICMBio e IBAMA,200,7/20/2025 12:00:00 AM,2025,jul,07,manejo,interior,111.01256352743,0,CERRADO,GR 3 - CENTRO-OESTE,-, ,,,,1159279.85351563,6540.83579691472, 
360622,0000.00.0168,PARNA do Araguaia,57.726361462782,queima prescrita,manejo,planet,Queima do dia 19/07. Operação conjunta entre ICMBio e IBAMA,200,7/20/2025 12:00:00 AM,2025,jul,07,manejo,interior,57.726361462782,0,CERRADO,GR 3 - CENTRO-OESTE,-, ,,,,602872.732910156,4934.93825714188, 
360623,0000.00.0168,PARNA do Araguaia,23.9855293442657,queima prescrita,manejo,planet,Queima do dia 14/07,195,7/17/2025 12:00:00 AM,2025,jul,07,manejo,interior,23.9855293442657,0,CERRADO,GR 3 - CENTRO-OESTE,-, ,,,,250627.576171875,2749.5413977836, 
360624,0000.00.0168,PARNA do Araguaia,38.6929133315874,queima prescrita,manejo,planet,Queima do dia 17/07,198,7/21/2025 12:00:00 AM,2025,jul,07,manejo,interior,38.6929133315874,0,CERRADO,GR 3 - CENTRO-OESTE,-, ,,,,403621.075195313,3004.91111482976, 
360625,0000.00.0065,ESEC de Uruçuí-Una,105.319358830147,incendio,incendio,planet, ,202,7/22/2025 12:00:00 AM,2025,jul,07,incendio,interior,105.319358830147,0,CERRADO,GR 2 - NORDESTE,-, ,,,,1085324.66455078,7063.61032163557,CT Fortaleza
360626,0000.00.0168,PARNA do Araguaia,19.761284679594,queima prescrita,manejo,planet,Queima do dia 20/07. Operação conjunta entre ICMBio e IBAMA,201,7/21/2025 12:00:00 AM,2025,jul,07,manejo,interior,19.761284679594,0,CERRADO,GR 3 - CENTRO-OESTE,-, ,,,,206383.237304688,2492.34168595467, 
360627,0000.00.0023,APA do Planalto Central,4.94726416441406,queima prescrita,manejo,planet,Queima do dia 16/07,197,7/22/2025 12:00:00 AM,2025,jul,07,manejo,interior,4.94726416441406,0,CERRADO,GR 3 - CENTRO-OESTE,-, ,,,,53643.3720703125,1658.7988979079, 
360628,0000.00.0159,PARNA de Brasília,18.2093991568806,queima prescrita,manejo,planet,Queima do dia 16/07,197,7/22/2025 12:00:00 AM,2025,jul,07,manejo,interior,18.2093991568806,0,CERRADO,GR 3 - CENTRO-OESTE,Núcleo de Gestão Integrada - ICMBio Brasília-Contagem, ,,,,197432.137695313,3827.48358378287, 
360629,0000.00.0144,PARNA da Serra da Canastra,141.833781697283,incendio,incendio,planet, ,197,7/21/2025 12:00:00 AM,2025,jul,07,incendio,interior,141.833781697283,0,CERRADO,GR 4 - SUDESTE,-, ,,,,1621820.60839844,7311.17960295798, 
360630,0000.00.0065,ESEC de Uruçuí-Una,3.48897717351338,queima prescrita,manejo,planet,Queima do dia 01/08,213,8/5/2025 12:00:00 AM,2025,ago,08,manejo,interior,3.48897717351338,0,CERRADO,GR 2 - NORDESTE,-, ,,,,35969.5068359375,878.996937738651,CT Fortaleza
360631,0000.00.0144,PARNA da Serra da Canastra,801.888847650477,incendio,incendio,planet, ,227,8/19/2025 12:00:00 AM,2025,ago,08,incendio,interior,801.888847650477,0,CERRADO,GR 4 - SUDESTE,-, ,,,,9175200.97460938,26149.1287618386, 
360632,0000.00.0065,ESEC de Uruçuí-Una,120.71877206098,incendio,incendio,planet, ,231,8/20/2025 12:00:00 AM,2025,ago,08,incendio,interior,120.71877206098,0,CERRADO,GR 2 - NORDESTE,-, ,,,,1243891.70361328,8625.34816371705,CT Fortaleza
360633,0000.00.0076,ESEC Serra Geral do Tocantins,1553.19776353854,incendio,incendio,planet, ,231,8/28/2025 12:00:00 AM,2025,ago,08,incendio,interior,1553.19776353854,0,CERRADO,GR 3 - CENTRO-OESTE,-, ,,,,16234529.4428711,27965.770919915, 
360634,0000.00.0163,PARNA de Pacaás Novos,1918.99852763936,queima por indigenas isolados,manejo,planet,Queima por indígenas isolados no dia 31/08,243,9/3/2025 12:00:00 AM,2025,set,09,manejo,interior,1918.99852763936,0,AMAZÔNIA,GR 1 - NORTE,-, ,,,,20080117.5908203,50104.1241781653,CT Porto Velho
360635,0000.00.0065,ESEC de Uruçuí-Una,136.444206611733,incendio,incendio,planet, ,254,9/11/2025 12:00:00 AM,2025,set,09,incendio,interior,136.444206611733,0,CERRADO,GR 2 - NORDESTE,-, ,,,,1405719.74755859,6228.56626171989,CT Fortaleza
360636,0000.00.0027,APA Morro da Pedreira,431.578206560438,incendio,incendio,planet, ,276,10/8/2025 12:00:00 AM,2025,out,10,incendio,interior,431.578206560438,0,CERRADO,GR 4 - SUDESTE,Núcleo de Gestão Integrada - ICMBio Cipó-Pedreira, ,,,,4882982.42773438,18823.8995733644, 
360637,0000.00.0184,PARNA de Itatiaia,30.1061782612273,incendio,incendio,planet,"Poligonal enviada pela UC, vetorizada com base em imagem de drone e conferida na imagem Planet.",274,10/5/2025 12:00:00 AM,2025,out,10,incendio,interior,30.1061782612273,0,MATA ATLÂNTICA,GR 4 - SUDESTE,-, ,,,,353714.16015625,3909.88347185408, 
360638,0000.00.0023,APA do Planalto Central,649.276496604517,incendio,incendio,planet, ,285,10/13/2025 12:00:00 AM,2025,out,10,incendio,interior,649.276496604517,0,CERRADO,GR 3 - CENTRO-OESTE,-, ,,,,7032405.37304688,21775.4657053383, 
360639,0000.00.0139,PARNA da Chapada dos Veadeiros,984.533091833453,incendio,incendio,planet, ,285,10/16/2025 12:00:00 AM,2025,out,10,incendio,interior,984.533091833453,0,CERRADO,GR 3 - CENTRO-OESTE,-, ,,,,10524809.4287109,19071.6905462967, 
360640,0000.00.0168,PARNA do Araguaia,93.214324541069,incendio,incendio,planet, ,217,8/6/2025 12:00:00 AM,2025,ago,08,incendio,interior,93.214324541069,0,CERRADO,GR 3 - CENTRO-OESTE,-, ,,,,969638.285644531,6145.62685491829, 
360641,0000.00.0286,RESEX de Recanto das Araras de Terra Ronca,256.000153838144,incendio,incendio,planet, ,360,12/28/2025 12:00:00 AM,2025,dez,12,incendio,interior,256.000153838144,0,CERRADO,GR 3 - CENTRO-OESTE,Núcleo de Gestão Integrada - ICMBio Mata Grande/Terra Ronca, ,,,,2727638.57226563,16899.1863540132, 
360642,0000.00.0076,ESEC Serra Geral do Tocantins,24177.2172238759,incendio,incendio,planet, ,274,10/28/2025 12:00:00 AM,2025,out,10,incendio,interior,24177.2172238759,0,CERRADO,GR 3 - CENTRO-OESTE,-, ,,,,252303614.172363,331840.78588649, 
360643,0000.00.0076,ESEC Serra Geral do Tocantins,12.2196376641403,incendio,incendio,planet, ,299,11/14/2025 12:00:00 AM,2025,nov,11,incendio,interior,12.2196376641403,0,CERRADO,GR 3 - CENTRO-OESTE,-, ,,,,127542.674804688,2141.98535648572, 
360644,0000.00.0076,ESEC Serra Geral do Tocantins,12.2196376641403,incendio,incendio,planet, ,120,5/21/2025 12:00:00 AM,2025,mai,05,incendio,interior,12.2196376641403,0,CERRADO,GR 3 - CENTRO-OESTE,-, ,,,,127542.674804688,2141.98535648572, 
360645,0000.00.0076,ESEC Serra Geral do Tocantins,20.5292523254867,incendio,incendio,planet, ,299,11/14/2025 12:00:00 AM,2025,nov,11,incendio,interior,20.5292523254867,0,CERRADO,GR 3 - CENTRO-OESTE,-, ,,,,214251.518554688,3534.28100134732, 
360646,0000.00.0076,ESEC Serra Geral do Tocantins,20.5292523254867,gestao de ignicao antropica,manejo,planet, ,120,5/21/2025 12:00:00 AM,2025,mai,05,manejo,interior,20.5292523254867,0,CERRADO,GR 3 - CENTRO-OESTE,-, ,,,,214251.518554688,3534.28100134732, 
360647,0000.00.0076,ESEC Serra Geral do Tocantins,53.4604590305791,incendio,incendio,planet, ,299,11/14/2025 12:00:00 AM,2025,nov,11,incendio,interior,53.4604590305791,0,CERRADO,GR 3 - CENTRO-OESTE,-, ,,,,557999.2421875,6954.7277401578, 
360648,0000.00.0076,ESEC Serra Geral do Tocantins,53.4604590305791,incendio,incendio,planet, ,120,5/21/2025 12:00:00 AM,2025,mai,05,incendio,interior,53.4604590305791,0,CERRADO,GR 3 - CENTRO-OESTE,-, ,,,,557999.2421875,6954.7277401578, 
360649,0000.00.0023,APA do Planalto Central,1.77971431882081,incendio,incendio,planet, ,67,3/12/2025 12:00:00 AM,2025,mar,03,incendio,interior,1.77971431882081,0,CERRADO,GR 3 - CENTRO-OESTE,-, ,,,,19242.76171875,832.19057768318, 
360650,0000.00.0023,APA do Planalto Central,1.77971431882081,incendio,incendio,planet, ,302,11/29/2025 12:00:00 AM,2025,nov,11,incendio,interior,1.77971431882081,0,CERRADO,GR 3 - CENTRO-OESTE,-, ,,,,19242.76171875,832.19057768318, 
360651,0000.00.0023,APA do Planalto Central,0.000994290750353636,incendio,incendio,planet, ,127,5/13/2025 12:00:00 AM,2025,mai,05,incendio,interior,0.000994290750353636,0,CERRADO,GR 3 - CENTRO-OESTE,-, ,,,,10.759765625,78.2913477820776, 
360652,0000.00.0023,APA do Planalto Central,0.000994290750353636,incendio,incendio,planet, ,277,10/9/2025 12:00:00 AM,2025,out,10,incendio,interior,0.000994290750353636,0,CERRADO,GR 3 - CENTRO-OESTE,-, ,,,,10.759765625,78.2913477820776, 
360653,0000.00.0076,ESEC Serra Geral do Tocantins,43.956323406595,queima prescrita,manejo,planet,Queima do dia 06/05,127,5/21/2025 12:00:00 AM,2025,mai,05,manejo,interior,43.956323406595,0,CERRADO,GR 3 - CENTRO-OESTE,-, ,,,,457413.272949219,7477.38766039882, 
360654,0000.00.0076,ESEC Serra Geral do Tocantins,43.956323406595,incendio,incendio,planet, ,214,8/4/2025 12:00:00 AM,2025,ago,08,incendio,interior,43.956323406595,0,CERRADO,GR 3 - CENTRO-OESTE,-, ,,,,457413.272949219,7477.38766039882, 
360655,0000.00.0076,ESEC Serra Geral do Tocantins,1.52628269236293,queima prescrita,manejo,planet,Queima do dia 06/05,127,5/21/2025 12:00:00 AM,2025,mai,05,manejo,interior,1.52628269236293,0,CERRADO,GR 3 - CENTRO-OESTE,-, ,,,,15891.3696289063,555.661553673957, 
360656,0000.00.0076,ESEC Serra Geral do Tocantins,1.52628269236293,queima prescrita,manejo,planet,Queima do dia 20/06,171,6/29/2025 12:00:00 AM,2025,jun,06,manejo,interior,1.52628269236293,0,CERRADO,GR 3 - CENTRO-OESTE,-, ,,,,15891.3696289063,555.661553673957, 
360657,0000.00.0076,ESEC Serra Geral do Tocantins,16.82535110515,queima prescrita,manejo,planet,Queima do dia 06/05,127,5/21/2025 12:00:00 AM,2025,mai,05,manejo,interior,16.82535110515,0,CERRADO,GR 3 - CENTRO-OESTE,-, ,,,,175188.432128906,2824.90248417646, 
360658,0000.00.0076,ESEC Serra Geral do Tocantins,16.82535110515,queima prescrita,manejo,planet,Queima do dia 20/06,171,6/29/2025 12:00:00 AM,2025,jun,06,manejo,interior,16.82535110515,0,CERRADO,GR 3 - CENTRO-OESTE,-, ,,,,175188.432128906,2824.90248417646, 
360659,0000.00.0023,APA do Planalto Central,4.13757068096981,incendio,incendio,planet, ,141,5/25/2025 12:00:00 AM,2025,mai,05,incendio,interior,4.13757068096981,0,CERRADO,GR 3 - CENTRO-OESTE,-, ,,,,44767.0107421875,962.594514112049, 
360660,0000.00.0023,APA do Planalto Central,4.13757068096981,incendio,incendio,planet, ,277,10/9/2025 12:00:00 AM,2025,out,10,incendio,interior,4.13757068096981,0,CERRADO,GR 3 - CENTRO-OESTE,-, ,,,,44767.0107421875,962.594514112049, 
360661,0000.00.0076,ESEC Serra Geral do Tocantins,67.1703041866956,incendio,incendio,planet, ,256,10/1/2025 12:00:00 AM,2025,out,10,incendio,interior,67.1703041866956,0,CERRADO,GR 3 - CENTRO-OESTE,-, ,,,,701673.547851563,5550.43397573802, 
360662,0000.00.0076,ESEC Serra Geral do Tocantins,67.1703041866956,queima prescrita,manejo,planet,Queima do dia 25/06,176,6/29/2025 12:00:00 AM,2025,jun,06,manejo,interior,67.1703041866956,0,CERRADO,GR 3 - CENTRO-OESTE,-, ,,,,701673.547851563,5550.43397573802, 
360663,0000.00.0076,ESEC Serra Geral do Tocantins,2.42155670527835,incendio,incendio,planet, ,256,10/1/2025 12:00:00 AM,2025,out,10,incendio,interior,2.42155670527835,0,CERRADO,GR 3 - CENTRO-OESTE,-, ,,,,25295.1791992188,754.744877034103, 
360664,0000.00.0076,ESEC Serra Geral do Tocantins,2.42155670527835,queima prescrita,manejo,planet,Queima do dia 25/06,176,6/29/2025 12:00:00 AM,2025,jun,06,manejo,interior,2.42155670527835,0,CERRADO,GR 3 - CENTRO-OESTE,-, ,,,,25295.1791992188,754.744877034103, 
360665,0000.00.0076,ESEC Serra Geral do Tocantins,33.492339760071,incendio,incendio,planet, ,256,10/1/2025 12:00:00 AM,2025,out,10,incendio,interior,33.492339760071,0,CERRADO,GR 3 - CENTRO-OESTE,-, ,,,,349896.763183594,4763.90817969698, 
360666,0000.00.0076,ESEC Serra Geral do Tocantins,33.492339760071,queima prescrita,manejo,planet,Queima do dia 25/06,176,6/29/2025 12:00:00 AM,2025,jun,06,manejo,interior,33.492339760071,0,CERRADO,GR 3 - CENTRO-OESTE,-, ,,,,349896.763183594,4763.90817969698, 
360667,0000.00.0076,ESEC Serra Geral do Tocantins,16.5557461246708,incendio,incendio,planet, ,256,10/1/2025 12:00:00 AM,2025,out,10,incendio,interior,16.5557461246708,0,CERRADO,GR 3 - CENTRO-OESTE,-, ,,,,172909.651855469,3711.10699560125, 
360668,0000.00.0076,ESEC Serra Geral do Tocantins,16.5557461246708,queima prescrita,manejo,planet,Queima do dia 28/04,119,5/21/2025 12:00:00 AM,2025,mai,05,manejo,interior,16.5557461246708,0,CERRADO,GR 3 - CENTRO-OESTE,-, ,,,,172909.651855469,3711.10699560125, 
360669,0000.00.0144,PARNA da Serra da Canastra,0.00234112389911462,queima prescrita,manejo,planet,Queima do dia 11/06,163,6/12/2025 12:00:00 AM,2025,jun,06,manejo,interior,0.00234112389911462,0,CERRADO,GR 4 - SUDESTE,-, ,,,,26.736328125,92.7974127190828, 
360670,0000.00.0144,PARNA da Serra da Canastra,0.00234112389911462,incendio,incendio,planet, ,233,8/24/2025 12:00:00 AM,2025,ago,08,incendio,interior,0.00234112389911462,0,CERRADO,GR 4 - SUDESTE,-, ,,,,26.736328125,92.7974127190828, 
360671,0000.00.0023,APA do Planalto Central,7.88557469131193,incendio,incendio,planet, ,157,6/15/2025 12:00:00 AM,2025,jun,06,incendio,interior,7.88557469131193,0,CERRADO,GR 3 - CENTRO-OESTE,-, ,,,,85222.353515625,1728.03446451978, 
360672,0000.00.0023,APA do Planalto Central,7.88557469131193,incendio,incendio,planet, ,275,10/9/2025 12:00:00 AM,2025,out,10,incendio,interior,7.88557469131193,0,CERRADO,GR 3 - CENTRO-OESTE,-, ,,,,85222.353515625,1728.03446451978, 
360673,0000.00.0023,APA do Planalto Central,11.9244749873073,incendio,incendio,planet, ,157,6/15/2025 12:00:00 AM,2025,jun,06,incendio,interior,11.9244749873073,0,CERRADO,GR 3 - CENTRO-OESTE,-, ,,,,128873.609375,2456.28366752529, 
360674,0000.00.0023,APA do Planalto Central,11.9244749873073,incendio,incendio,planet, ,275,10/9/2025 12:00:00 AM,2025,out,10,incendio,interior,11.9244749873073,0,CERRADO,GR 3 - CENTRO-OESTE,-, ,,,,128873.609375,2456.28366752529, 
360675,0000.00.0142,PARNA da Serra da Bocaina,3.6039030731134,incendio,incendio,planet, ,234,9/4/2025 12:00:00 AM,2025,set,09,incendio,interior,3.6039030731134,0,MATA ATLÂNTICA,GR 4 - SUDESTE,Núcleo de Gestão Integrada - ICMBio Paraty, ,,,,42658.3525390625,1072.22109577994, 
360676,0000.00.0142,PARNA da Serra da Bocaina,3.6039030731134,incendio,incendio,planet, ,234,9/4/2025 12:00:00 AM,2025,set,09,incendio,interior,3.6039030731134,0,MATA ATLÂNTICA,GR 4 - SUDESTE,Núcleo de Gestão Integrada - ICMBio Paraty, ,,,,42658.3525390625,1072.22109577994, 
360677,0000.00.0076,ESEC Serra Geral do Tocantins,85.1905559849419,queima controlada,manejo,planet,Queima do dia 08/04,98,5/21/2025 12:00:00 AM,2025,mai,05,manejo,interior,85.1905559849419,0,CERRADO,GR 3 - CENTRO-OESTE,-, ,,,,888462.534179688,4806.41966009116, 
360678,0000.00.0076,ESEC Serra Geral do Tocantins,85.1905559849419,queima controlada,manejo,planet,Queima do dia 08/04,98,5/21/2025 12:00:00 AM,2025,mai,05,manejo,interior,85.1905559849419,0,CERRADO,GR 3 - CENTRO-OESTE,-, ,,,,888462.534179688,4806.41966009116, 
360679,0000.00.0144,PARNA da Serra da Canastra,0.134902389355364,queima controlada,manejo,planet,Queima do dia 29/06,180,7/2/2025 12:00:00 AM,2025,jul,07,manejo,interior,0.134902389355364,0,CERRADO,GR 4 - SUDESTE,-, ,,,,1540.4638671875,505.339229140385, 
360680,0000.00.0144,PARNA da Serra da Canastra,0.134902389355364,queima controlada,manejo,planet,Queima do dia 28/06,179,7/2/2025 12:00:00 AM,2025,jul,07,manejo,interior,0.134902389355364,0,CERRADO,GR 4 - SUDESTE,-, ,,,,1540.4638671875,505.339229140385, 
360681,0000.00.0168,PARNA do Araguaia,0.0210740095874964,queima prescrita,manejo,planet,Queima do dia 14/07. Operação conjunta entre ICMBio e IBAMA,195,7/16/2025 12:00:00 AM,2025,jul,07,manejo,interior,0.0210740095874964,0,CERRADO,GR 3 - CENTRO-OESTE,-, ,,,,220.24365234375,568.931046724661, 
360682,0000.00.0168,PARNA do Araguaia,0.0210740095874964,queima prescrita,manejo,planet,Queima do dia 16/07. Operação conjunta entre ICMBio e IBAMA,197,7/17/2025 12:00:00 AM,2025,jul,07,manejo,interior,0.0210740095874964,0,CERRADO,GR 3 - CENTRO-OESTE,-, ,,,,220.24365234375,568.931046724661, 
360683,0000.00.0144,PARNA da Serra da Canastra,0.0273572937873137,queima controlada,manejo,planet,Queima do dia 20/07,201,7/21/2025 12:00:00 AM,2025,jul,07,manejo,interior,0.0273572937873137,0,CERRADO,GR 4 - SUDESTE,-, ,,,,312.7421875,168.552200897675, 
360684,0000.00.0144,PARNA da Serra da Canastra,0.0273572937873137,incendio,incendio,planet, ,233,7/26/2025 12:00:00 AM,2025,jul,07,incendio,interior,0.0273572937873137,0,CERRADO,GR 4 - SUDESTE,-, ,,,,312.7421875,168.552200897675, 
360685,0000.00.0168,PARNA do Araguaia,79.471273781127,queima prescrita,manejo,planet,Queima do dia 14/07,195,7/21/2025 12:00:00 AM,2025,jul,07,manejo,interior,79.471273781127,0,CERRADO,GR 3 - CENTRO-OESTE,-, ,,,,826265.459472656,4344.97016037437, 
360686,0000.00.0168,PARNA do Araguaia,79.471273781127,incendio,incendio,planet, ,274,10/5/2025 12:00:00 AM,2025,out,10,incendio,interior,79.471273781127,0,CERRADO,GR 3 - CENTRO-OESTE,-, ,,,,826265.459472656,4344.97016037437, 
360687,0000.00.0168,PARNA do Araguaia,41.4121238323907,queima prescrita,manejo,planet,Queima do dia 12/07,193,7/13/2025 12:00:00 AM,2025,jul,07,manejo,interior,41.4121238323907,0,CERRADO,GR 3 - CENTRO-OESTE,-, ,,,,430683.102050781,5738.93587133432, 
360688,0000.00.0168,PARNA do Araguaia,41.4121238323907,incendio,incendio,planet, ,279,10/26/2025 12:00:00 AM,2025,out,10,incendio,interior,41.4121238323907,0,CERRADO,GR 3 - CENTRO-OESTE,-, ,,,,430683.102050781,5738.93587133432, 
360689,0000.00.0168,PARNA do Araguaia,123.607161924946,queima prescrita,manejo,planet,Queima do dia 12/07,193,7/13/2025 12:00:00 AM,2025,jul,07,manejo,interior,123.607161924946,0,CERRADO,GR 3 - CENTRO-OESTE,-, ,,,,1285662.74755859,7798.97029674286, 
360690,0000.00.0168,PARNA do Araguaia,123.607161924946,incendio,incendio,planet, ,279,10/26/2025 12:00:00 AM,2025,out,10,incendio,interior,123.607161924946,0,CERRADO,GR 3 - CENTRO-OESTE,-, ,,,,1285662.74755859,7798.97029674286, 
360691,0000.00.0168,PARNA do Araguaia,21.4252520380595,queima prescrita,manejo,planet,Queima do dia 12/07,193,7/21/2025 12:00:00 AM,2025,jul,07,manejo,interior,21.4252520380595,0,CERRADO,GR 3 - CENTRO-OESTE,-, ,,,,222835.866699219,3484.58031379183, 
360692,0000.00.0168,PARNA do Araguaia,21.4252520380595,incendio,incendio,planet, ,279,10/26/2025 12:00:00 AM,2025,out,10,incendio,interior,21.4252520380595,0,CERRADO,GR 3 - CENTRO-OESTE,-, ,,,,222835.866699219,3484.58031379183, 
360693,0000.00.0168,PARNA do Araguaia,3.06704423016203,queima prescrita,manejo,planet,Queima do dia 12/07,193,7/21/2025 12:00:00 AM,2025,jul,07,manejo,interior,3.06704423016203,0,CERRADO,GR 3 - CENTRO-OESTE,-, ,,,,31900.037109375,1046.43655747173, 
360694,0000.00.0168,PARNA do Araguaia,3.06704423016203,incendio,incendio,planet, ,279,10/26/2025 12:00:00 AM,2025,out,10,incendio,interior,3.06704423016203,0,CERRADO,GR 3 - CENTRO-OESTE,-, ,,,,31900.037109375,1046.43655747173, 
360695,0000.00.0168,PARNA do Araguaia,4.81160881790835,queima prescrita,manejo,planet,Queima do dia 12/07,193,7/21/2025 12:00:00 AM,2025,jul,07,manejo,interior,4.81160881790835,0,CERRADO,GR 3 - CENTRO-OESTE,-, ,,,,50047.65234375,885.432658175305, 
360696,0000.00.0168,PARNA do Araguaia,4.81160881790835,incendio,incendio,planet, ,279,10/26/2025 12:00:00 AM,2025,out,10,incendio,interior,4.81160881790835,0,CERRADO,GR 3 - CENTRO-OESTE,-, ,,,,50047.65234375,885.432658175305, 
360697,0000.00.0168,PARNA do Araguaia,8.59024875442575,queima prescrita,manejo,planet,Queima do dia 12/07,193,7/21/2025 12:00:00 AM,2025,jul,07,manejo,interior,8.59024875442575,0,CERRADO,GR 3 - CENTRO-OESTE,-, ,,,,89353.5229492188,1376.80929007837, 
360698,0000.00.0168,PARNA do Araguaia,8.59024875442575,incendio,incendio,planet, ,279,10/26/2025 12:00:00 AM,2025,out,10,incendio,interior,8.59024875442575,0,CERRADO,GR 3 - CENTRO-OESTE,-, ,,,,89353.5229492188,1376.80929007837, 
360699,0000.00.0168,PARNA do Araguaia,7.01342732909671,queima prescrita,manejo,planet,Queima do dia 12/07,193,7/21/2025 12:00:00 AM,2025,jul,07,manejo,interior,7.01342732909671,0,CERRADO,GR 3 - CENTRO-OESTE,-, ,,,,72957.8403320313,1134.94915095458, 
360700,0000.00.0168,PARNA do Araguaia,7.01342732909671,incendio,incendio,planet, ,279,10/26/2025 12:00:00 AM,2025,out,10,incendio,interior,7.01342732909671,0,CERRADO,GR 3 - CENTRO-OESTE,-, ,,,,72957.8403320313,1134.94915095458, 
360701,0000.00.0168,PARNA do Araguaia,23.2656096669254,queima prescrita,manejo,planet,Queima do dia 12/07,193,7/21/2025 12:00:00 AM,2025,jul,07,manejo,interior,23.2656096669254,0,CERRADO,GR 3 - CENTRO-OESTE,-, ,,,,241971.72265625,2616.57971164687, 
360702,0000.00.0168,PARNA do Araguaia,23.2656096669254,incendio,incendio,planet, ,279,10/26/2025 12:00:00 AM,2025,out,10,incendio,interior,23.2656096669254,0,CERRADO,GR 3 - CENTRO-OESTE,-, ,,,,241971.72265625,2616.57971164687, 
360703,0000.00.0168,PARNA do Araguaia,4.45862338182434,queima prescrita,manejo,planet,Queima do dia 12/07,193,7/21/2025 12:00:00 AM,2025,jul,07,manejo,interior,4.45862338182434,0,CERRADO,GR 3 - CENTRO-OESTE,-, ,,,,46368.9448242188,1317.38604788759, 
360704,0000.00.0168,PARNA do Araguaia,4.45862338182434,incendio,incendio,planet, ,279,10/26/2025 12:00:00 AM,2025,out,10,incendio,interior,4.45862338182434,0,CERRADO,GR 3 - CENTRO-OESTE,-, ,,,,46368.9448242188,1317.38604788759, 
360705,0000.00.0168,PARNA do Araguaia,0.00156230165183865,incendio,incendio,planet, ,205,7/27/2025 12:00:00 AM,2025,jul,07,incendio,interior,0.00156230165183865,0,CERRADO,GR 3 - CENTRO-OESTE,-, ,,,,16.22509765625,81.5682074156866, 
360706,0000.00.0168,PARNA do Araguaia,0.00156230165183865,gestao de ignicao antropica,manejo,planet, ,136,5/18/2025 12:00:00 AM,2025,mai,05,manejo,interior,0.00156230165183865,0,CERRADO,GR 3 - CENTRO-OESTE,-, ,,,,16.22509765625,81.5682074156866, 
360707,0000.00.0168,PARNA do Araguaia,45.6900074099743,incendio,incendio,planet, ,212,7/27/2025 12:00:00 AM,2025,jul,07,incendio,interior,45.6900074099743,0,CERRADO,GR 3 - CENTRO-OESTE,-, ,,,,475360.930175781,3886.89634663405, 
360708,0000.00.0168,PARNA do Araguaia,45.6900074099743,incendio,incendio,planet, ,279,10/26/2025 12:00:00 AM,2025,out,10,incendio,interior,45.6900074099743,0,CERRADO,GR 3 - CENTRO-OESTE,-, ,,,,475360.930175781,3886.89634663405, 
360709,0000.00.0168,PARNA do Araguaia,21.3924875402968,incendio,incendio,planet, ,212,8/4/2025 12:00:00 AM,2025,ago,08,incendio,interior,21.3924875402968,0,CERRADO,GR 3 - CENTRO-OESTE,-, ,,,,222570.807128906,2054.50462170005, 
360710,0000.00.0168,PARNA do Araguaia,21.3924875402968,incendio,incendio,planet, ,279,10/26/2025 12:00:00 AM,2025,out,10,incendio,interior,21.3924875402968,0,CERRADO,GR 3 - CENTRO-OESTE,-, ,,,,222570.807128906,2054.50462170005, 
360711,0000.00.0024,APA Meandros do Rio Araguaia,33.1665273014983,incendio,incendio,planet, ,230,8/18/2025 12:00:00 AM,2025,ago,08,incendio,interior,33.1665273014983,0,CERRADO,GR 3 - CENTRO-OESTE,Núcleo de Gestão Integrada - ICMBio Meandros do Rio Araguaia, ,,,,352013.8046875,2583.71240574239, 
360712,0000.00.0024,APA Meandros do Rio Araguaia,33.1665273014983,incendio,incendio,planet, ,231,8/21/2025 12:00:00 AM,2025,ago,08,incendio,interior,33.1665273014983,0,CERRADO,GR 3 - CENTRO-OESTE,Núcleo de Gestão Integrada - ICMBio Meandros do Rio Araguaia, ,,,,352013.8046875,2583.71240574239, 
360713,0000.00.0144,PARNA da Serra da Canastra,0.0109974733775448,queima controlada,manejo,planet,Queima do dia 18/08,230,8/19/2025 12:00:00 AM,2025,ago,08,manejo,interior,0.0109974733775448,0,CERRADO,GR 4 - SUDESTE,-, ,,,,125.9521484375,214.306299367261, 
360714,0000.00.0144,PARNA da Serra da Canastra,0.0109974733775448,queima controlada,manejo,planet,Queima do dia 15/08,227,8/19/2025 12:00:00 AM,2025,ago,08,manejo,interior,0.0109974733775448,0,CERRADO,GR 4 - SUDESTE,-, ,,,,125.9521484375,214.306299367261, 
360715,0000.00.0168,PARNA do Araguaia,0.00871838798645104,incendio,incendio,planet, ,236,8/25/2025 12:00:00 AM,2025,ago,08,incendio,interior,0.00871838798645104,0,CERRADO,GR 3 - CENTRO-OESTE,-, ,,,,90.80126953125,151.864808454026, 
360716,0000.00.0168,PARNA do Araguaia,0.00871838798645104,incendio,incendio,planet, ,234,8/24/2025 12:00:00 AM,2025,ago,08,incendio,interior,0.00871838798645104,0,CERRADO,GR 3 - CENTRO-OESTE,-, ,,,,90.80126953125,151.864808454026, 
360717,0000.00.0142,PARNA da Serra da Bocaina,6.59249598604396,incendio,incendio,planet, ,213,9/4/2025 12:00:00 AM,2025,set,09,incendio,interior,6.59249598604396,0,MATA ATLÂNTICA,GR 4 - SUDESTE,Núcleo de Gestão Integrada - ICMBio Paraty, ,,,,78048.923828125,2043.63499197062, 
360718,0000.00.0142,PARNA da Serra da Bocaina,6.59249598604396,incendio,incendio,planet, ,213,9/4/2025 12:00:00 AM,2025,set,09,incendio,interior,6.59249598604396,0,MATA ATLÂNTICA,GR 4 - SUDESTE,Núcleo de Gestão Integrada - ICMBio Paraty, ,,,,78048.923828125,2043.63499197062, 
360719,0000.00.0142,PARNA da Serra da Bocaina,5.18936839302684,incendio,incendio,planet, ,213,9/4/2025 12:00:00 AM,2025,set,09,incendio,interior,5.18936839302684,0,MATA ATLÂNTICA,GR 4 - SUDESTE,Núcleo de Gestão Integrada - ICMBio Paraty, ,,,,61437.759765625,1426.35382631995, 
360720,0000.00.0142,PARNA da Serra da Bocaina,5.18936839302684,incendio,incendio,planet, ,213,9/4/2025 12:00:00 AM,2025,set,09,incendio,interior,5.18936839302684,0,MATA ATLÂNTICA,GR 4 - SUDESTE,Núcleo de Gestão Integrada - ICMBio Paraty, ,,,,61437.759765625,1426.35382631995, 
360721,0000.00.0146,PARNA da Serra das Confusões,115.166213831416,incendio,incendio,planet, ,244,9/4/2025 12:00:00 AM,2025,set,09,incendio,interior,115.166213831416,0,CERRADO,GR 2 - NORDESTE,-, ,,,,1184753.72949219,14126.980977704,CT Fortaleza
360722,0000.00.0146,PARNA da Serra das Confusões,115.166213831416,incendio,incendio,planet, ,244,9/4/2025 12:00:00 AM,2025,set,09,incendio,interior,115.166213831416,0,CERRADO,GR 2 - NORDESTE,-, ,,,,1184753.72949219,14126.980977704,CT Fortaleza
360723,0000.00.0144,PARNA da Serra da Canastra,0.00727116681107312,incendio,incendio,planet, ,234,8/27/2025 12:00:00 AM,2025,ago,08,incendio,interior,0.00727116681107312,0,CERRADO,GR 4 - SUDESTE,-, ,,,,83.2158203125,215.60673478072, 
360724,0000.00.0144,PARNA da Serra da Canastra,0.00727116681107312,incendio,incendio,planet, ,256,9/15/2025 12:00:00 AM,2025,set,09,incendio,interior,0.00727116681107312,0,CERRADO,GR 4 - SUDESTE,-, ,,,,83.2158203125,215.60673478072, 
360725,0000.00.0076,ESEC Serra Geral do Tocantins,0.000122079727081967,incendio,incendio,planet, ,236,8/28/2025 12:00:00 AM,2025,ago,08,incendio,interior,0.000122079727081967,0,CERRADO,GR 3 - CENTRO-OESTE,-, ,,,,1.26416015625,288.654398113795, 
360726,0000.00.0076,ESEC Serra Geral do Tocantins,0.000122079727081967,incendio,incendio,planet, ,241,8/31/2025 12:00:00 AM,2025,ago,08,incendio,interior,0.000122079727081967,0,CERRADO,GR 3 - CENTRO-OESTE,-, ,,,,1.26416015625,288.654398113795, 
360727,0000.00.0265,FLONA do Trairão,61.5991419852524,incendio,incendio,planet, ,233,9/3/2025 12:00:00 AM,2025,set,09,incendio,interior,61.5991419852524,0,AMAZÔNIA,GR 1 - NORTE,Núcleo de Gestão Integrada - ICMBio Jamanxim,CR Oeste d,,,,624523.206298828,4299.18207044702,CT Itaituba
360728,0000.00.0265,FLONA do Trairão,61.5991419852524,incendio,incendio,planet, ,233,9/3/2025 12:00:00 AM,2025,set,09,incendio,interior,61.5991419852524,0,AMAZÔNIA,GR 1 - NORTE,Núcleo de Gestão Integrada - ICMBio Jamanxim,CR Oeste d,,,,624523.206298828,4299.18207044702,CT Itaituba
360729,0000.00.0265,FLONA do Trairão,21.5536717109691,incendio,incendio,planet, ,239,9/3/2025 12:00:00 AM,2025,set,09,incendio,interior,21.5536717109691,0,AMAZÔNIA,GR 1 - NORTE,Núcleo de Gestão Integrada - ICMBio Jamanxim,CR Oeste d,,,,218598.937744141,2851.84565749677,CT Itaituba
360730,0000.00.0265,FLONA do Trairão,21.5536717109691,incendio,incendio,planet, ,239,9/3/2025 12:00:00 AM,2025,set,09,incendio,interior,21.5536717109691,0,AMAZÔNIA,GR 1 - NORTE,Núcleo de Gestão Integrada - ICMBio Jamanxim,CR Oeste d,,,,218598.937744141,2851.84565749677,CT Itaituba
360731,0000.00.0142,PARNA da Serra da Bocaina,37.4194852443242,incendio,incendio,planet, ,234,9/4/2025 12:00:00 AM,2025,set,09,incendio,interior,37.4194852443242,0,MATA ATLÂNTICA,GR 4 - SUDESTE,Núcleo de Gestão Integrada - ICMBio Paraty, ,,,,445059.956054688,5641.99306277012, 
360732,0000.00.0142,PARNA da Serra da Bocaina,37.4194852443242,incendio,incendio,planet, ,234,9/4/2025 12:00:00 AM,2025,set,09,incendio,interior,37.4194852443242,0,MATA ATLÂNTICA,GR 4 - SUDESTE,Núcleo de Gestão Integrada - ICMBio Paraty, ,,,,445059.956054688,5641.99306277012, 
360733,0000.00.0142,PARNA da Serra da Bocaina,13.9518099976506,incendio,incendio,planet, ,235,9/4/2025 12:00:00 AM,2025,set,09,incendio,interior,13.9518099976506,0,MATA ATLÂNTICA,GR 4 - SUDESTE,Núcleo de Gestão Integrada - ICMBio Paraty, ,,,,165080.786132813,1954.91537396845, 
360734,0000.00.0142,PARNA da Serra da Bocaina,13.9518099976506,incendio,incendio,planet, ,235,9/4/2025 12:00:00 AM,2025,set,09,incendio,interior,13.9518099976506,0,MATA ATLÂNTICA,GR 4 - SUDESTE,Núcleo de Gestão Integrada - ICMBio Paraty, ,,,,165080.786132813,1954.91537396845, 
360735,0000.00.0142,PARNA da Serra da Bocaina,5.03470294288762,incendio,incendio,planet, ,235,9/4/2025 12:00:00 AM,2025,set,09,incendio,interior,5.03470294288762,0,MATA ATLÂNTICA,GR 4 - SUDESTE,Núcleo de Gestão Integrada - ICMBio Paraty, ,,,,59572.1435546875,1227.92320148804, 
360736,0000.00.0142,PARNA da Serra da Bocaina,5.03470294288762,incendio,incendio,planet, ,235,9/4/2025 12:00:00 AM,2025,set,09,incendio,interior,5.03470294288762,0,MATA ATLÂNTICA,GR 4 - SUDESTE,Núcleo de Gestão Integrada - ICMBio Paraty, ,,,,59572.1435546875,1227.92320148804, 
360737,0000.00.0168,PARNA do Araguaia,24.5481219678747,incendio,incendio,planet, ,225,8/25/2025 12:00:00 AM,2025,ago,08,incendio,interior,24.5481219678747,0,CERRADO,GR 3 - CENTRO-OESTE,-, ,,,,255393.39453125,3050.67118409163, 
360738,0000.00.0168,PARNA do Araguaia,24.5481219678747,incendio,incendio,planet, ,279,10/26/2025 12:00:00 AM,2025,out,10,incendio,interior,24.5481219678747,0,CERRADO,GR 3 - CENTRO-OESTE,-, ,,,,255393.39453125,3050.67118409163, 
360739,0000.00.0142,PARNA da Serra da Bocaina,13.9370074888931,incendio,incendio,planet, ,234,9/4/2025 12:00:00 AM,2025,set,09,incendio,interior,13.9370074888931,0,MATA ATLÂNTICA,GR 4 - SUDESTE,Núcleo de Gestão Integrada - ICMBio Paraty, ,,,,164957.572265625,3764.72729370577, 
360740,0000.00.0142,PARNA da Serra da Bocaina,13.9370074888931,incendio,incendio,planet, ,234,9/4/2025 12:00:00 AM,2025,set,09,incendio,interior,13.9370074888931,0,MATA ATLÂNTICA,GR 4 - SUDESTE,Núcleo de Gestão Integrada - ICMBio Paraty, ,,,,164957.572265625,3764.72729370577, 
360741,0000.00.0219,REVIS das Veredas do Oeste Baiano,22.5484231522035,incendio,incendio,planet, ,322,11/29/2025 12:00:00 AM,2025,nov,11,incendio,entorno,0,22.5484231522035,CERRADO,GR 3 - CENTRO-OESTE,Núcleo de Gestão Integrada - ICMBio Mambaí, ,,,,241461.467285156,4901.9814100261,
360742,0000.00.0175,PARNA do Pantanal Matogrossense,75.9421250844394,gestao de ignicao natural,manejo,planet,Fogo de raio do dia 28/11,330,11/29/2025 12:00:00 AM,2025,nov,11,manejo,entorno,0,75.9421250844394,PANTANAL,GR 3 - CENTRO-OESTE,-, ,,,,839448.623046875,6534.87830382126,
360743,0000.00.0175,PARNA do Pantanal Matogrossense,1151.9357216556,gestao de ignicao natural,manejo,planet,Fogo de raio do dia 28/11,331,11/30/2025 12:00:00 AM,2025,nov,11,manejo,entorno,0,1151.9357216556,PANTANAL,GR 3 - CENTRO-OESTE,-, ,,,,12734209.2314453,41717.3342287869,
360744,0000.00.0174,PARNA do Monte Roraima,111.048019627486,queima controlada,manejo,planet,Queima do dia 09/01,9,1/10/2025 12:00:00 AM,2025,jan,01,manejo,entorno,0,111.048019627486,AMAZÔNIA,GR 1 - NORTE,Núcleo de Gestão Integrada - ICMBio Roraima,CR Manaus,,,,1125848.06933594,7388.68063618052,
360745,0000.00.0174,PARNA do Monte Roraima,0.928408877250514,queima controlada,manejo,planet,Queima do dia 09/01,9,1/10/2025 12:00:00 AM,2025,jan,01,manejo,entorno,0,0.928408877250514,AMAZÔNIA,GR 1 - NORTE,Núcleo de Gestão Integrada - ICMBio Roraima,CR Manaus,,,,9413.48828125,413.600947171272,
360746,0000.00.0174,PARNA do Monte Roraima,37.1944000090219,queima controlada,manejo,planet,Queima do dia 08/01,8,1/10/2025 12:00:00 AM,2025,jan,01,manejo,entorno,0,37.1944000090219,AMAZÔNIA,GR 1 - NORTE,Núcleo de Gestão Integrada - ICMBio Roraima,CR Manaus,,,,377119.518554688,2590.03387455708,
360747,0000.00.0144,PARNA da Serra da Canastra,0.734021475462406,queima prescrita,manejo,planet,Quema entre os dias 16/02 e 17/02,47,2/18/2025 12:00:00 AM,2025,fev,02,manejo,entorno,0,0.734021475462406,CERRADO,GR 4 - SUDESTE,-, ,,,,8391.7099609375,400.606474300595,
360748,0000.00.0002,APA Cavernas do Peruaçu,476.707510409786,incendio,incendio,planet, ,255,9/18/2025 12:00:00 AM,2025,set,09,incendio,entorno,0,476.707510409786,CERRADO,GR 4 - SUDESTE,Núcleo de Gestão Integrada - ICMBio Peruaçu, ,,,,5133647.13720703,23037.7286693002,
360749,0000.00.0002,APA Cavernas do Peruaçu,920.296929338237,incendio,incendio,planet, ,279,10/18/2026 12:00:00 AM,2026,out,10,incendio,entorno,0,920.296929338237,CERRADO,GR 4 - SUDESTE,Núcleo de Gestão Integrada - ICMBio Peruaçu, ,,,,9939876.47949219,27172.9175270059,
360750,0000.00.0076,ESEC Serra Geral do Tocantins,2471.83925481095,incendio,incendio,planet, ,299,11/14/2025 12:00:00 AM,2025,nov,11,incendio,entorno,0,2471.83925481095,CERRADO,GR 3 - CENTRO-OESTE,-, ,,,,25802286.3310547,64023.3871912043,
360751,0000.00.0076,ESEC Serra Geral do Tocantins,11.6103955825274,queima prescrita,manejo,planet,Queima do dia 25/03,85,4/9/2025 12:00:00 AM,2025,abr,04,manejo,entorno,0,11.6103955825274,CERRADO,GR 3 - CENTRO-OESTE,-, ,,,,120943.255859375,2121.92944269136,
360752,0000.00.0076,ESEC Serra Geral do Tocantins,0.177467591942855,incendio,incendio,planet, ,50,3/7/2025 12:00:00 AM,2025,mar,03,incendio,entorno,0,0.177467591942855,CERRADO,GR 3 - CENTRO-OESTE,-, ,,,,1847.8896484375,405.993991975126,
360753,0000.00.0155,PARNA das Emas,0.412503770586242,aceiro,manejo,planet,Queima do dia 06/05,127,5/16/2025 12:00:00 AM,2025,mai,05,manejo,entorno,0,0.412503770586242,CERRADO,GR 3 - CENTRO-OESTE,-, ,,,,4600.9228515625,3571.39594031746,
360754,0000.00.0144,PARNA da Serra da Canastra,2.07799281292301,queima controlada,manejo,planet,Queima do dia 05/05,126,5/8/2025 12:00:00 AM,2025,mai,05,manejo,entorno,0,2.07799281292301,CERRADO,GR 4 - SUDESTE,-, ,,,,23747.8486328125,836.83556429665,
360755,0000.00.0219,REVIS das Veredas do Oeste Baiano,91.3619530127948,incendio,incendio,planet, ,69,3/13/2025 12:00:00 AM,2025,mar,03,incendio,entorno,0,91.3619530127948,CERRADO,GR 3 - CENTRO-OESTE,Núcleo de Gestão Integrada - ICMBio Mambaí, ,,,,976850.690917969,4773.49422670541,
360756,0000.00.0137,PARNA da Chapada Diamantina,695.348706464065,incendio,incendio,planet, ,87,3/31/2025 12:00:00 AM,2025,mar,03,incendio,entorno,0,695.348706464065,CAATINGA,GR 2 - NORDESTE,-, ,,,,7337531.69238281,18693.6092248736,
360757,0000.00.0155,PARNA das Emas,122.461197260559,queima prescrita,manejo,planet,Queima entre os dias 26/03 e 29/03,86,4/2/2025 12:00:00 AM,2025,abr,04,manejo,entorno,0,122.461197260559,CERRADO,GR 3 - CENTRO-OESTE,-, ,,,,1360764.23144531,8543.94078217456,
360758,0000.00.0197,REBIO de Pedra Talhada,3.53190803470647,incendio,incendio,planet, ,35,2/24/2025 12:00:00 AM,2025,fev,02,incendio,entorno,0,3.53190803470647,MATA ATLÂNTICA,GR 2 - NORDESTE,-, ,,,,36486.4919433594,878.178558183223,
360759,0000.00.0155,PARNA das Emas,1.01134075537234,queima prescrita,manejo,planet,Queima entre os dias 26/03 e 29/03,86,4/2/2025 12:00:00 AM,2025,abr,04,manejo,entorno,0,1.01134075537234,CERRADO,GR 3 - CENTRO-OESTE,-, ,,,,11245.4755859375,2257.65632550377,
360760,0000.00.0219,REVIS das Veredas do Oeste Baiano,256.202777424945,queima prescrita,manejo,planet,Queima entre os dias 03/04 e 07/04,94,4/6/2025 12:00:00 AM,2025,abr,04,manejo,entorno,0,256.202777424945,CERRADO,GR 3 - CENTRO-OESTE,Núcleo de Gestão Integrada - ICMBio Mambaí, ,,,,2746789.09130859,15246.3044926173,
360761,0000.00.0183,PARNA Grande Sertão Veredas,13.0395884171914,queima prescrita,manejo,planet,Queima do dia 08/04,99,4/12/2025 12:00:00 AM,2025,abr,04,manejo,entorno,0,13.0395884171914,CERRADO,GR 4 - SUDESTE,-, ,,,,140479.973144531,6293.14028074567,
360762,0000.00.0076,ESEC Serra Geral do Tocantins,0.532579898804126,queima prescrita,manejo,planet,Queima do dia 25/03,85,4/9/2025 12:00:00 AM,2025,abr,04,manejo,entorno,0,0.532579898804126,CERRADO,GR 3 - CENTRO-OESTE,-, ,,,,5544.369140625,620.580563213627,
360763,0000.00.0076,ESEC Serra Geral do Tocantins,2.47184459027807,queima prescrita,manejo,planet,Queima do dia 25/03,85,4/9/2025 12:00:00 AM,2025,abr,04,manejo,entorno,0,2.47184459027807,CERRADO,GR 3 - CENTRO-OESTE,-, ,,,,25729.4267578125,1213.98907203692,
360764,0000.00.0076,ESEC Serra Geral do Tocantins,2.57672579082178,queima prescrita,manejo,planet,Queima do dia 25/03,85,4/9/2025 12:00:00 AM,2025,abr,04,manejo,entorno,0,2.57672579082178,CERRADO,GR 3 - CENTRO-OESTE,-, ,,,,26816.6708984375,1791.94845568381,
360765,0000.00.0174,PARNA do Monte Roraima,8.02195486291208,queima controlada,manejo,planet,Queima do dia 26/04,117,4/26/2025 12:00:00 AM,2025,abr,04,manejo,entorno,0,8.02195486291208,AMAZÔNIA,GR 1 - NORTE,Núcleo de Gestão Integrada - ICMBio Roraima,CR Manaus,,,,81343.3481445313,1669.92821642868,
360766,0000.00.0137,PARNA da Chapada Diamantina,15.6244498581209,incendio,incendio,planet, ,87,4/29/2025 12:00:00 AM,2025,abr,04,incendio,entorno,0,15.6244498581209,CAATINGA,GR 2 - NORDESTE,-, ,,,,164879.781738281,2087.48862786593,
360767,0000.00.0155,PARNA das Emas,160.543282994481,queima prescrita,manejo,planet,Queima entre os dias 03/05 e 09/05 - aceiro e queima de expansão,124,5/6/2025 12:00:00 AM,2025,mai,05,manejo,entorno,0,160.543282994481,CERRADO,GR 3 - CENTRO-OESTE,-, ,,,,1790340.70507813,9158.79647823112,
360768,0000.00.0155,PARNA das Emas,0.428171414426219,aceiro,manejo,planet,Queima do dia 06/05,127,5/16/2025 12:00:00 AM,2025,mai,05,manejo,entorno,0,0.428171414426219,CERRADO,GR 3 - CENTRO-OESTE,-, ,,,,4778.365234375,413.690312235656,
360769,0000.00.0155,PARNA das Emas,2.16453897293317,aceiro,manejo,planet,Queima do dia 06/05,127,5/16/2025 12:00:00 AM,2025,mai,05,manejo,entorno,0,2.16453897293317,CERRADO,GR 3 - CENTRO-OESTE,-, ,,,,24146.287109375,9319.83531096571,
360770,0000.00.0076,ESEC Serra Geral do Tocantins,159.085672233526,queima prescrita,manejo,planet,Queima do dia 06/05,127,5/21/2025 12:00:00 AM,2025,mai,05,manejo,entorno,0,159.085672233526,CERRADO,GR 3 - CENTRO-OESTE,-, ,,,,1655528.81005859,8945.93448537745,
360771,0000.00.0076,ESEC Serra Geral do Tocantins,9.58623576851324,incendio,incendio,planet, ,128,5/21/2025 12:00:00 AM,2025,mai,05,incendio,entorno,0,9.58623576851324,CERRADO,GR 3 - CENTRO-OESTE,-, ,,,,99860.3569335938,1801.42710016452,
360772,0000.00.0076,ESEC Serra Geral do Tocantins,0.390211371058211,incendio,incendio,planet, ,259,10/27/2025 12:00:00 AM,2025,out,10,incendio,entorno,0,0.390211371058211,CERRADO,GR 3 - CENTRO-OESTE,-, ,,,,4069.51171875,413.346055881628,
360773,0000.00.0076,ESEC Serra Geral do Tocantins,0.514708162533157,incendio,incendio,planet, ,254,10/27/2025 12:00:00 AM,2025,out,10,incendio,entorno,0,0.514708162533157,CERRADO,GR 3 - CENTRO-OESTE,-, ,,,,5383.7001953125,371.11378754401,
360774,0000.00.0076,ESEC Serra Geral do Tocantins,0.224186354831058,incendio,incendio,planet, ,132,5/21/2025 12:00:00 AM,2025,mai,05,incendio,entorno,0,0.224186354831058,CERRADO,GR 3 - CENTRO-OESTE,-, ,,,,2335.40673828125,799.551492632434,
360775,0000.00.0076,ESEC Serra Geral do Tocantins,0.189251013698531,queima controlada,manejo,planet,Queima do dia 12/05,133,5/21/2025 12:00:00 AM,2025,mai,05,manejo,entorno,0,0.189251013698531,CERRADO,GR 3 - CENTRO-OESTE,-, ,,,,1971.34521484375,518.009863381984,
360776,0000.00.0076,ESEC Serra Geral do Tocantins,6.66723443954787,incendio,incendio,planet, ,136,5/21/2025 12:00:00 AM,2025,mai,05,incendio,entorno,0,6.66723443954787,CERRADO,GR 3 - CENTRO-OESTE,-, ,,,,69458.1513671875,2920.75419464762,
360777,0000.00.0076,ESEC Serra Geral do Tocantins,0.441547968654174,incendio,incendio,planet, ,136,5/21/2025 12:00:00 AM,2025,mai,05,incendio,entorno,0,0.441547968654174,CERRADO,GR 3 - CENTRO-OESTE,-, ,,,,4599.7275390625,493.063882551979,
360778,0000.00.0144,PARNA da Serra da Canastra,0.255479838277252,queima controlada,manejo,planet,Queima do dia 19/05,140,5/19/2025 12:00:00 AM,2025,mai,05,manejo,entorno,0,0.255479838277252,CERRADO,GR 4 - SUDESTE,-, ,,,,2914.6337890625,381.117662303139,
360779,0000.00.3136,PARNA da Serra do Gandarela,1.62271457309943,queima prescrita,manejo,planet,Queima do dia 21/05,142,5/26/2025 12:00:00 AM,2025,mai,05,manejo,entorno,0,1.62271457309943,MATA ATLÂNTICA,GR 4 - SUDESTE,-, ,,,,18505.30859375,810.320296383223,
360780,0000.00.3136,PARNA da Serra do Gandarela,0.522662303519713,queima prescrita,manejo,planet,Queima do dia 21/05,142,5/26/2025 12:00:00 AM,2025,mai,05,manejo,entorno,0,0.522662303519713,MATA ATLÂNTICA,GR 4 - SUDESTE,-, ,,,,5959.9599609375,412.324533403683,
360781,0000.00.0144,PARNA da Serra da Canastra,4.49250634066614,queima controlada,manejo,planet,Queima do dia 07/06,159,6/12/2025 12:00:00 AM,2025,jun,06,manejo,entorno,0,4.49250634066614,CERRADO,GR 4 - SUDESTE,-, ,,,,51235.5458984375,1150.72583461715,
360782,0000.00.1564,RESEX Chapada Limpa,3.68033231780443,incendio,incendio,planet, ,125,5/28/2025 12:00:00 AM,2025,mai,05,incendio,entorno,0,3.68033231780443,CERRADO,GR 2 - NORDESTE,-, ,,,,37227.1342773438,878.580715499192,
360783,0000.00.0144,PARNA da Serra da Canastra,0.399838634718813,queima prescrita,manejo,planet,Queima entre os dias 06/02 e 08/02,38,2/15/2025 12:00:00 AM,2025,fev,02,manejo,entorno,0,0.399838634718813,CERRADO,GR 4 - SUDESTE,-, ,,,,4560.02734375,604.15566094087,
360784,0000.00.0219,REVIS das Veredas do Oeste Baiano,46.9728173163066,queima prescrita,manejo,planet,Queima entre os dias 04/06 e 06/06,156,6/8/2025 12:00:00 AM,2025,jun,06,manejo,entorno,0,46.9728173163066,CERRADO,GR 3 - CENTRO-OESTE,Núcleo de Gestão Integrada - ICMBio Mambaí, ,,,,502232.055175781,3423.4686573375,
360785,0000.00.0219,REVIS das Veredas do Oeste Baiano,2.3167049487935,queima prescrita,manejo,planet,Queima entre os dias 04/06 e 06/06,156,6/8/2025 12:00:00 AM,2025,jun,06,manejo,entorno,0,2.3167049487935,CERRADO,GR 3 - CENTRO-OESTE,Núcleo de Gestão Integrada - ICMBio Mambaí, ,,,,24769.3818359375,689.248902141278,
360786,0000.00.0139,PARNA da Chapada dos Veadeiros,0.0941562643233061,queima prescrita,manejo,planet,Queima entre os dias 04/06 e 06/06,156,6/7/2025 12:00:00 AM,2025,jun,06,manejo,entorno,0,0.0941562643233061,CERRADO,GR 3 - CENTRO-OESTE,-, ,,,,1005.38037109375,270.410323698325,
360787,0000.00.0023,APA do Planalto Central,0.450581618578274,incendio,incendio,planet, ,251,9/11/2025 12:00:00 AM,2025,set,09,incendio,entorno,0,0.450581618578274,CERRADO,GR 3 - CENTRO-OESTE,-, ,,,,4866.861328125,450.814699187506,
360788,0000.00.0175,PARNA do Pantanal Matogrossense,3050.55921416854,gestao de ignicao natural,manejo,planet,Fogo de raio do dia 28/11,332,12/13/2025 12:00:00 AM,2025,dez,12,manejo,entorno,0,3050.55921416854,PANTANAL,GR 3 - CENTRO-OESTE,-, ,,,,33729360.1337891,59068.7958915912,
360789,0000.00.0168,PARNA do Araguaia,21.2026418920651,incendio,incendio,planet, ,252,9/14/2025 12:00:00 AM,2025,set,09,incendio,entorno,0,21.2026418920651,CERRADO,GR 3 - CENTRO-OESTE,-, ,,,,219825.313476563,5746.92151377132,
360790,0000.00.0076,ESEC Serra Geral do Tocantins,13.2815987994724,incendio,incendio,planet, ,249,9/14/2025 12:00:00 AM,2025,set,09,incendio,entorno,0,13.2815987994724,CERRADO,GR 3 - CENTRO-OESTE,-, ,,,,138514.045410156,3955.11718470653,
360791,0000.00.0144,PARNA da Serra da Canastra,0.994750190437568,queima controlada,manejo,planet,Queima do dia 04/09,247,9/10/2025 12:00:00 AM,2025,set,09,manejo,entorno,0,0.994750190437568,CERRADO,GR 4 - SUDESTE,-, ,,,,11345.23046875,455.873746744545,
360792,0000.00.0139,PARNA da Chapada dos Veadeiros,296.967069699399,incendio,incendio,planet, ,253,9/11/2025 12:00:00 AM,2025,set,09,incendio,entorno,0,296.967069699399,CERRADO,GR 3 - CENTRO-OESTE,-, ,,,,3169108.23779297,11795.3791958843,
360793,0000.00.0086,FLONA de Brasília,2.66582169267172,incendio,incendio,planet, ,237,9/9/2025 12:00:00 AM,2025,set,09,incendio,entorno,0,2.66582169267172,CERRADO,GR 3 - CENTRO-OESTE,Núcleo de Gestão Integrada - ICMBio Descoberto-Brasília, ,,,,28957.28515625,2130.20425357919,
360794,0000.00.0140,PARNA da Lagoa do Peixe,0.123550746785936,incendio,incendio,planet, ,345,12/14/2025 12:00:00 AM,2025,dez,12,incendio,entorno,0,0.123550746785936,PAMPA,GR 5 - SUL,-, ,,,,1689.140625,378.152131319967,
360795,0000.00.0024,APA Meandros do Rio Araguaia,5.92711765143185,incendio,incendio,planet, ,256,9/17/2025 12:00:00 AM,2025,set,09,incendio,entorno,0,5.92711765143185,CERRADO,GR 3 - CENTRO-OESTE,Núcleo de Gestão Integrada - ICMBio Meandros do Rio Araguaia, ,,,,63176.6059570313,1022.24931308096,
360796,0000.00.0065,ESEC de Uruçuí-Una,764.785046981105,incendio,incendio,planet, ,250,9/11/2025 12:00:00 AM,2025,set,09,incendio,entorno,0,764.785046981105,CERRADO,GR 2 - NORDESTE,-, ,,,,7876870.23242188,16555.7661532665,
360797,0000.00.0065,ESEC de Uruçuí-Una,615.333218675292,incendio,incendio,planet, ,248,9/11/2025 12:00:00 AM,2025,set,09,incendio,entorno,0,615.333218675292,CERRADO,GR 2 - NORDESTE,-, ,,,,6337877.19042969,16127.6820421414,
360798,0000.00.0028,APA das Nascentes do Rio Vermelho,6078.8359386031,incendio,incendio,planet, ,255,9/15/2025 12:00:00 AM,2025,set,09,incendio,entorno,0,6078.8359386031,CERRADO,GR 3 - CENTRO-OESTE,Núcleo de Gestão Integrada - ICMBio Mambaí, ,,,,65056545.6967773,90524.4178854619,
360799,0000.00.0144,PARNA da Serra da Canastra,716.158787931181,incendio,incendio,planet, ,256,9/15/2025 12:00:00 AM,2025,set,09,incendio,entorno,0,716.158787931181,CERRADO,GR 4 - SUDESTE,-, ,,,,8160142.75585938,26789.0313014142,
360800,0000.00.0076,ESEC Serra Geral do Tocantins,940.535678694873,incendio,incendio,planet, ,253,9/14/2025 12:00:00 AM,2025,set,09,incendio,entorno,0,940.535678694873,CERRADO,GR 3 - CENTRO-OESTE,-, ,,,,9811532.95654297,31105.2554609572,
360801,0000.00.0086,FLONA de Brasília,0.885695096672928,incendio,incendio,planet, ,250,9/9/2025 12:00:00 AM,2025,set,09,incendio,entorno,0,0.885695096672928,CERRADO,GR 3 - CENTRO-OESTE,Núcleo de Gestão Integrada - ICMBio Descoberto-Brasília, ,,,,9621.0087890625,610.493296490687,
360802,0000.00.0159,PARNA de Brasília,4.97582153734311,aceiro,manejo,sentinel_2,Queima do dia 18/07,199,9/13/2025 12:00:00 AM,2025,set,09,manejo,entorno,0,4.97582153734311,CERRADO,GR 3 - CENTRO-OESTE,Núcleo de Gestão Integrada - ICMBio Brasília-Contagem, ,,,,54024.5029296875,6294.85960985692,
360803,0000.00.0272,PARNA da Chapada das Mesas,14.2434366836922,incendio,incendio,planet, ,258,9/17/2025 12:00:00 AM,2025,set,09,incendio,entorno,0,14.2434366836922,CERRADO,GR 2 - NORDESTE,-, ,,,,145669.155273438,4820.09240637281,
360804,0000.00.3136,PARNA da Serra do Gandarela,0.623365127246491,incendio,incendio,planet, ,254,9/18/2025 12:00:00 AM,2025,set,09,incendio,entorno,0,0.623365127246491,MATA ATLÂNTICA,GR 4 - SUDESTE,-, ,,,,7110.4833984375,350.906106272446,
360805,0000.00.3136,PARNA da Serra do Gandarela,0.018341100451423,incendio,incendio,planet, ,254,9/17/2025 12:00:00 AM,2025,set,09,incendio,entorno,0,0.018341100451423,MATA ATLÂNTICA,GR 4 - SUDESTE,-, ,,,,208.7177734375,168.781217718575,
360806,0000.00.0158,PARNA de Aparados da Serra,0.0776776366661083,queima controlada,manejo,planet,Queima do dia 11/09,254,9/18/2025 12:00:00 AM,2025,set,09,manejo,entorno,0,0.0776776366661083,MATA ATLÂNTICA,GR 5 - SUL,Núcleo de Gestão Integrada - ICMBio Aparados da Serra, ,,,,1021.189453125,940.420825670677,
360807,0000.00.0146,PARNA da Serra das Confusões,66.0563237052598,incendio,incendio,planet, ,263,9/22/2025 12:00:00 AM,2025,set,09,incendio,entorno,0,66.0563237052598,CERRADO,GR 2 - NORDESTE,-, ,,,,680767.255371094,5656.24430281509,
360808,0000.00.0144,PARNA da Serra da Canastra,0.157138923085447,incendio,incendio,planet, ,254,9/17/2025 12:00:00 AM,2025,set,09,incendio,entorno,0,0.157138923085447,CERRADO,GR 4 - SUDESTE,-, ,,,,1792.2060546875,174.748232474743,
360809,0000.00.0146,PARNA da Serra das Confusões,4.97089501822005,incendio,incendio,planet, ,263,9/22/2025 12:00:00 AM,2025,set,09,incendio,entorno,0,4.97089501822005,CERRADO,GR 2 - NORDESTE,-, ,,,,51233.3588867188,970.058198787027,
360810,0000.00.0219,REVIS das Veredas do Oeste Baiano,12765.8865656321,incendio,incendio,planet, ,261,9/18/2025 12:00:00 AM,2025,set,09,incendio,entorno,0,12765.8865656321,CERRADO,GR 3 - CENTRO-OESTE,Núcleo de Gestão Integrada - ICMBio Mambaí, ,,,,136337092.591309,189379.826925768,
360811,0000.00.0146,PARNA da Serra das Confusões,8.63377271851511,incendio,incendio,planet, ,263,9/22/2025 12:00:00 AM,2025,set,09,incendio,entorno,0,8.63377271851511,CERRADO,GR 2 - NORDESTE,-, ,,,,88989.3544921875,1882.52522395884,
360812,0000.00.0094,FLONA de Ipanema,7.36838561329798,incendio,incendio,planet, ,262,9/21/2025 12:00:00 AM,2025,set,09,incendio,entorno,0,7.36838561329798,MATA ATLÂNTICA,GR 4 - SUDESTE,Núcleo de Gestão Integrada - ICMBio Iperó, ,,,,87899.4970703125,2460.32928002322,
360813,0000.00.0146,PARNA da Serra das Confusões,15.9982778309027,incendio,incendio,planet, ,263,9/22/2025 12:00:00 AM,2025,set,09,incendio,entorno,0,15.9982778309027,CERRADO,GR 2 - NORDESTE,-, ,,,,164878.500488281,1573.41473707351,
360814,0000.00.0219,REVIS das Veredas do Oeste Baiano,8.79005338195474,incendio,incendio,planet, ,262,9/21/2025 12:00:00 AM,2025,set,09,incendio,entorno,0,8.79005338195474,CERRADO,GR 3 - CENTRO-OESTE,Núcleo de Gestão Integrada - ICMBio Mambaí, ,,,,93906.1162109375,1993.80215869975,
360815,0000.00.0089,FLONA de Caxiuanã,55.7046338524775,incendio,incendio,planet, ,353,12/28/2025 12:00:00 AM,2025,dez,12,incendio,entorno,0,55.7046338524775,AMAZÔNIA,GR 1 - NORTE,Núcleo de Gestão Integrada - ICMBio Breves,CR Belém,,,,561640.592285156,3856.045640713,
360816,0000.00.0028,APA das Nascentes do Rio Vermelho,18.5012624315575,incendio,incendio,planet, ,258,9/21/2025 12:00:00 AM,2025,set,09,incendio,entorno,0,18.5012624315575,CERRADO,GR 3 - CENTRO-OESTE,Núcleo de Gestão Integrada - ICMBio Mambaí, ,,,,197952.461914063,5677.67301574332,
360817,0000.00.0146,PARNA da Serra das Confusões,1749.12990751419,incendio,incendio,planet, ,262,9/21/2025 12:00:00 AM,2025,set,09,incendio,entorno,0,1749.12990751419,CERRADO,GR 2 - NORDESTE,-, ,,,,18027766.6557617,28871.8139484357,
360818,0000.00.0146,PARNA da Serra das Confusões,121.620834714179,incendio,incendio,planet, ,263,9/22/2025 12:00:00 AM,2025,set,09,incendio,entorno,0,121.620834714179,CERRADO,GR 2 - NORDESTE,-, ,,,,1253366.55761719,7390.40467105862,
360819,0000.00.0284,PARNA dos Campos Amazônicos,1027.47148109659,incendio,incendio,planet, ,243,9/7/2025 12:00:00 AM,2025,set,09,incendio,entorno,0,1027.47148109659,AMAZÔNIA,GR 1 - NORTE,Núcleo de Gestão Integrada - ICMBio Humaitá,CR Porto V,,,,10585680.5415039,30120.8739936501,
360820,0000.00.0146,PARNA da Serra das Confusões,27.9651660262306,incendio,incendio,planet, ,266,9/25/2025 12:00:00 AM,2025,set,09,incendio,entorno,0,27.9651660262306,CERRADO,GR 2 - NORDESTE,-, ,,,,288266.748535156,4291.30953747339,
360821,0000.00.0146,PARNA da Serra das Confusões,6.70534061001212,incendio,incendio,planet, ,266,9/25/2025 12:00:00 AM,2025,set,09,incendio,entorno,0,6.70534061001212,CERRADO,GR 2 - NORDESTE,-, ,,,,69117.1591796875,1010.94947659875,
360822,0000.00.0139,PARNA da Chapada dos Veadeiros,20.5216124720827,incendio,incendio,planet, ,264,9/22/2025 12:00:00 AM,2025,set,09,incendio,entorno,0,20.5216124720827,CERRADO,GR 3 - CENTRO-OESTE,-, ,,,,218909.560546875,4036.76113764553,
360823,0000.00.0146,PARNA da Serra das Confusões,68.3907635093305,incendio,incendio,planet, ,263,9/22/2025 12:00:00 AM,2025,set,09,incendio,entorno,0,68.3907635093305,CERRADO,GR 2 - NORDESTE,-, ,,,,704981.775390625,5285.65691091296,
360824,0000.00.0146,PARNA da Serra das Confusões,155.748918424718,incendio,incendio,planet, ,266,9/25/2025 12:00:00 AM,2025,set,09,incendio,entorno,0,155.748918424718,CERRADO,GR 2 - NORDESTE,-, ,,,,1605395.49414063,7153.70961862974,
360825,0000.00.0146,PARNA da Serra das Confusões,14.6114123170015,incendio,incendio,planet, ,266,9/25/2025 12:00:00 AM,2025,set,09,incendio,entorno,0,14.6114123170015,CERRADO,GR 2 - NORDESTE,-, ,,,,150599.479003906,2669.69349240429,
360826,0000.00.0146,PARNA da Serra das Confusões,13.6992970087345,incendio,incendio,planet, ,266,9/25/2025 12:00:00 AM,2025,set,09,incendio,entorno,0,13.6992970087345,CERRADO,GR 2 - NORDESTE,-, ,,,,141188.979980469,2376.23132996013,
360827,0000.00.0146,PARNA da Serra das Confusões,171.293131162863,incendio,incendio,planet, ,265,9/25/2025 12:00:00 AM,2025,set,09,incendio,entorno,0,171.293131162863,CERRADO,GR 2 - NORDESTE,-, ,,,,1765569.46582031,9118.85088378033,
360828,0000.00.0146,PARNA da Serra das Confusões,483.567042084264,incendio,incendio,planet, ,267,9/25/2025 12:00:00 AM,2025,set,09,incendio,entorno,0,483.567042084264,CERRADO,GR 2 - NORDESTE,-, ,,,,4983203.78808594,12621.0505684518,
360829,0000.00.0146,PARNA da Serra das Confusões,34.3788223949725,incendio,incendio,planet, ,266,9/25/2025 12:00:00 AM,2025,set,09,incendio,entorno,0,34.3788223949725,CERRADO,GR 2 - NORDESTE,-, ,,,,354281.80859375,3877.63567572458,
360830,0000.00.0146,PARNA da Serra das Confusões,38.2879524689786,incendio,incendio,planet, ,268,9/27/2025 12:00:00 AM,2025,set,09,incendio,entorno,0,38.2879524689786,CERRADO,GR 2 - NORDESTE,-, ,,,,394562.313476563,3207.83342168754,
360831,0000.00.0146,PARNA da Serra das Confusões,695.622295592386,incendio,incendio,planet, ,268,9/27/2025 12:00:00 AM,2025,set,09,incendio,entorno,0,695.622295592386,CERRADO,GR 2 - NORDESTE,-, ,,,,7167923.98632813,28761.0002968816,
360832,0000.00.0146,PARNA da Serra das Confusões,750.660306957025,incendio,incendio,planet, ,266,9/25/2025 12:00:00 AM,2025,set,09,incendio,entorno,0,750.660306957025,CERRADO,GR 2 - NORDESTE,-, ,,,,7736137.80712891,21933.0181803056,
360833,0000.00.0146,PARNA da Serra das Confusões,11.6817889686284,incendio,incendio,planet, ,268,9/27/2025 12:00:00 AM,2025,set,09,incendio,entorno,0,11.6817889686284,CERRADO,GR 2 - NORDESTE,-, ,,,,120377.271972656,2012.4507027272,
360834,0000.00.0094,FLONA de Ipanema,1.49070733366571,incendio,incendio,planet, ,264,9/27/2025 12:00:00 AM,2025,set,09,incendio,entorno,0,1.49070733366571,MATA ATLÂNTICA,GR 4 - SUDESTE,Núcleo de Gestão Integrada - ICMBio Iperó, ,,,,17790.177734375,656.558041166194,
360835,0000.00.0094,FLONA de Ipanema,0.227446646366001,incendio,incendio,planet, ,264,9/27/2025 12:00:00 AM,2025,set,09,incendio,entorno,0,0.227446646366001,MATA ATLÂNTICA,GR 4 - SUDESTE,Núcleo de Gestão Integrada - ICMBio Iperó, ,,,,2714.3095703125,245.360137413936,
360836,0000.00.0094,FLONA de Ipanema,1.09704960231723,incendio,incendio,planet, ,264,9/27/2025 12:00:00 AM,2025,set,09,incendio,entorno,0,1.09704960231723,MATA ATLÂNTICA,GR 4 - SUDESTE,Núcleo de Gestão Integrada - ICMBio Iperó, ,,,,13092.1669921875,584.379481721809,
360837,0000.00.0146,PARNA da Serra das Confusões,16.7584884651735,incendio,incendio,planet, ,268,9/27/2025 12:00:00 AM,2025,set,09,incendio,entorno,0,16.7584884651735,CERRADO,GR 2 - NORDESTE,-, ,,,,172743.605957031,2600.72155230601,
360838,0000.00.0146,PARNA da Serra das Confusões,13.3460096342297,incendio,incendio,planet, ,268,9/27/2025 12:00:00 AM,2025,set,09,incendio,entorno,0,13.3460096342297,CERRADO,GR 2 - NORDESTE,-, ,,,,137562.744628906,1818.77121097392,
360839,0000.00.0183,PARNA Grande Sertão Veredas,820.167524289258,incendio,incendio,planet, ,271,9/29/2025 12:00:00 AM,2025,set,09,incendio,entorno,0,820.167524289258,CERRADO,GR 4 - SUDESTE,-, ,,,,8823747.56835938,20444.4906440171,
360840,0000.00.0065,ESEC de Uruçuí-Una,0.630657061638797,incendio,incendio,planet, ,264,9/28/2025 12:00:00 AM,2025,set,09,incendio,entorno,0,0.630657061638797,CERRADO,GR 2 - NORDESTE,-, ,,,,6506.162109375,538.213991599325,
360841,0000.00.0065,ESEC de Uruçuí-Una,0.00559170213705332,incendio,incendio,planet, ,269,9/28/2025 12:00:00 AM,2025,set,09,incendio,entorno,0,0.00559170213705332,CERRADO,GR 2 - NORDESTE,-, ,,,,57.64697265625,78.582654414108,
360842,0000.00.0183,PARNA Grande Sertão Veredas,16849.4801665459,incendio,incendio,planet, ,271,9/29/2025 12:00:00 AM,2025,set,09,incendio,entorno,0,16849.4801665459,CERRADO,GR 4 - SUDESTE,-, ,,,,181372529.53125,134838.158558741,
360843,0000.00.0183,PARNA Grande Sertão Veredas,46.3906706490943,incendio,incendio,planet, ,271,9/30/2025 12:00:00 AM,2025,set,09,incendio,entorno,0,46.3906706490943,CERRADO,GR 4 - SUDESTE,-, ,,,,499047.724121094,3417.85014338348,
360844,0000.00.0183,PARNA Grande Sertão Veredas,32.824294897232,incendio,incendio,planet, ,271,9/30/2025 12:00:00 AM,2025,set,09,incendio,entorno,0,32.824294897232,CERRADO,GR 4 - SUDESTE,-, ,,,,353105.821289063,2722.65905003325,
360845,0000.00.0183,PARNA Grande Sertão Veredas,0.436178334875182,incendio,incendio,planet, ,274,10/2/2025 12:00:00 AM,2025,out,10,incendio,entorno,0,0.436178334875182,CERRADO,GR 4 - SUDESTE,-, ,,,,4693.82080078125,3022.53548600588,
360846,0000.00.0183,PARNA Grande Sertão Veredas,303.912221125701,incendio,incendio,planet, ,271,9/30/2025 12:00:00 AM,2025,set,09,incendio,entorno,0,303.912221125701,CERRADO,GR 4 - SUDESTE,-, ,,,,3267782.31982422,10168.127389614,
360847,0000.00.0183,PARNA Grande Sertão Veredas,12.9605517149452,incendio,incendio,planet, ,271,9/30/2025 12:00:00 AM,2025,set,09,incendio,entorno,0,12.9605517149452,CERRADO,GR 4 - SUDESTE,-, ,,,,139372.424316406,1530.24030827901,
360848,0000.00.0155,PARNA das Emas,19.6649257173789,incendio,incendio,planet, ,270,9/28/2025 12:00:00 AM,2025,set,09,incendio,entorno,0,19.6649257173789,CERRADO,GR 3 - CENTRO-OESTE,-, ,,,,218810.7890625,4387.55483960245,
360849,0000.00.0065,ESEC de Uruçuí-Una,2.02126742071338,incendio,incendio,planet, ,272,9/30/2025 12:00:00 AM,2025,set,09,incendio,entorno,0,2.02126742071338,CERRADO,GR 2 - NORDESTE,-, ,,,,20835.076171875,697.405390395934,
360850,0000.00.0183,PARNA Grande Sertão Veredas,2.15671806854653,incendio,incendio,planet, ,273,10/1/2025 12:00:00 AM,2025,out,10,incendio,entorno,0,2.15671806854653,CERRADO,GR 4 - SUDESTE,-, ,,,,23243.7592773438,14336.4894564991,
360851,0000.00.0065,ESEC de Uruçuí-Una,59.8836107960401,incendio,incendio,planet, ,254,9/30/2025 12:00:00 AM,2025,set,09,incendio,entorno,0,59.8836107960401,CERRADO,GR 2 - NORDESTE,-, ,,,,616926.321289063,4051.29256552942,
360852,0000.00.0159,PARNA de Brasília,8.91788273185457,incendio,incendio,planet, ,272,9/30/2025 12:00:00 AM,2025,set,09,incendio,entorno,0,8.91788273185457,CERRADO,GR 3 - CENTRO-OESTE,Núcleo de Gestão Integrada - ICMBio Brasília-Contagem, ,,,,96845.1748046875,3584.02796327813,
360853,0000.00.0139,PARNA da Chapada dos Veadeiros,20.9079134137271,incendio,incendio,planet, ,254,9/30/2025 12:00:00 AM,2025,set,09,incendio,entorno,0,20.9079134137271,CERRADO,GR 3 - CENTRO-OESTE,-, ,,,,223102.468261719,2608.60773075942,
360854,0000.00.0139,PARNA da Chapada dos Veadeiros,1378.79644093244,incendio,incendio,planet, ,272,9/30/2025 12:00:00 AM,2025,set,09,incendio,entorno,0,1378.79644093244,CERRADO,GR 3 - CENTRO-OESTE,-, ,,,,14710825.53125,26965.4322506416,
360855,0000.00.0183,PARNA Grande Sertão Veredas,12.5016138573491,incendio,incendio,planet, ,277,10/5/2025 12:00:00 AM,2025,out,10,incendio,entorno,0,12.5016138573491,CERRADO,GR 4 - SUDESTE,-, ,,,,134928.425292969,2489.8830213306,
360856,0000.00.0139,PARNA da Chapada dos Veadeiros,153.754497562014,incendio,incendio,planet, ,273,10/2/2025 12:00:00 AM,2025,out,10,incendio,entorno,0,153.754497562014,CERRADO,GR 3 - CENTRO-OESTE,-, ,,,,1640342.7578125,10683.4600752087,
360857,0000.00.0139,PARNA da Chapada dos Veadeiros,1775.20529458754,incendio,incendio,planet, ,274,10/2/2025 12:00:00 AM,2025,out,10,incendio,entorno,0,1775.20529458754,CERRADO,GR 3 - CENTRO-OESTE,-, ,,,,18937878.7895508,43543.5631699725,
360858,0000.00.0183,PARNA Grande Sertão Veredas,2.28591965657224,incendio,incendio,planet, ,274,10/2/2025 12:00:00 AM,2025,out,10,incendio,entorno,0,2.28591965657224,CERRADO,GR 4 - SUDESTE,-, ,,,,24586.2416992188,9658.93470141932,
360859,0000.00.0168,PARNA do Araguaia,2.9669190248304,incendio,incendio,planet, ,274,10/5/2025 12:00:00 AM,2025,out,10,incendio,entorno,0,2.9669190248304,CERRADO,GR 3 - CENTRO-OESTE,-, ,,,,30807.1928710938,912.111941712913,
360860,0000.00.0168,PARNA do Araguaia,176.298566299133,incendio,incendio,planet, ,201,7/21/2025 12:00:00 AM,2025,jul,07,incendio,entorno,0,176.298566299133,CERRADO,GR 3 - CENTRO-OESTE,-, ,,,,1834742.60595703,12981.4360615016,
360861,0000.00.0168,PARNA do Araguaia,6394.89938714258,incendio,incendio,planet, ,247,9/29/2025 12:00:00 AM,2025,set,09,incendio,entorno,0,6394.89938714258,CERRADO,GR 3 - CENTRO-OESTE,-, ,,,,66562803.9667969,69600.2489432567,
360862,0000.00.0139,PARNA da Chapada dos Veadeiros,2354.88932712886,incendio,incendio,planet, ,275,10/3/2025 12:00:00 AM,2025,out,10,incendio,entorno,0,2354.88932712886,CERRADO,GR 3 - CENTRO-OESTE,-, ,,,,25115082.5317383,29984.3772226402,
360863,0000.00.0076,ESEC Serra Geral do Tocantins,1705.97066917252,incendio,incendio,planet, ,255,9/16/2025 12:00:00 AM,2025,set,09,incendio,entorno,0,1705.97066917252,CERRADO,GR 3 - CENTRO-OESTE,-, ,,,,17772661.4360352,42425.2495970003,
360864,0000.00.0028,APA das Nascentes do Rio Vermelho,3368.73898742962,incendio,incendio,planet, ,274,10/2/2025 12:00:00 AM,2025,out,10,incendio,entorno,0,3368.73898742962,CERRADO,GR 3 - CENTRO-OESTE,Núcleo de Gestão Integrada - ICMBio Mambaí, ,,,,36094349.7177734,51694.0340427875,
360865,0000.00.0168,PARNA do Araguaia,16.6771397390901,incendio,incendio,planet, ,265,7/23/2025 12:00:00 AM,2025,jul,07,incendio,entorno,0,16.6771397390901,CERRADO,GR 3 - CENTRO-OESTE,-, ,,,,173551.241699219,2268.45824521699,
360866,0000.00.0219,REVIS das Veredas do Oeste Baiano,5867.31168232309,incendio,incendio,planet, ,275,10/5/2025 12:00:00 AM,2025,out,10,incendio,entorno,0,5867.31168232309,CERRADO,GR 3 - CENTRO-OESTE,Núcleo de Gestão Integrada - ICMBio Mambaí, ,,,,62687401.3823242,65354.6404722319,
360867,0000.00.0219,REVIS das Veredas do Oeste Baiano,863.033139978715,incendio,incendio,planet, ,275,10/5/2025 12:00:00 AM,2025,out,10,incendio,entorno,0,863.033139978715,CERRADO,GR 3 - CENTRO-OESTE,Núcleo de Gestão Integrada - ICMBio Mambaí, ,,,,9246595.99072266,18846.2855626286,
360868,0000.00.0219,REVIS das Veredas do Oeste Baiano,0.000397157129792467,incendio,incendio,planet, ,277,10/5/2025 12:00:00 AM,2025,out,10,incendio,entorno,0,0.000397157129792467,CERRADO,GR 3 - CENTRO-OESTE,Núcleo de Gestão Integrada - ICMBio Mambaí, ,,,,4.25390625,15.4034751073274,
360869,0000.00.0168,PARNA do Araguaia,256.179824658155,incendio,incendio,planet, ,277,10/6/2025 12:00:00 AM,2025,out,10,incendio,entorno,0,256.179824658155,CERRADO,GR 3 - CENTRO-OESTE,-, ,,,,2666101.00146484,12115.058727133,
360870,0000.00.0219,REVIS das Veredas do Oeste Baiano,685.873179890375,incendio,incendio,planet, ,278,10/6/2025 12:00:00 AM,2025,out,10,incendio,entorno,0,685.873179890375,CERRADO,GR 3 - CENTRO-OESTE,Núcleo de Gestão Integrada - ICMBio Mambaí, ,,,,7348231.43896484,24743.7925137127,
360871,0000.00.0168,PARNA do Araguaia,11.6082097319468,incendio,incendio,planet, ,279,10/7/2025 12:00:00 AM,2025,out,10,incendio,entorno,0,11.6082097319468,CERRADO,GR 3 - CENTRO-OESTE,-, ,,,,121263.213378906,2289.41991138434,
360872,0000.00.0024,APA Meandros do Rio Araguaia,2.6283239171436,incendio,incendio,planet, ,275,10/10/2025 12:00:00 AM,2025,out,10,incendio,entorno,0,2.6283239171436,CERRADO,GR 3 - CENTRO-OESTE,Núcleo de Gestão Integrada - ICMBio Meandros do Rio Araguaia, ,,,,27895.0375976563,819.338089785451,
360873,0000.00.0027,APA Morro da Pedreira,2.72724760426925,incendio,incendio,planet, ,279,10/7/2025 12:00:00 AM,2025,out,10,incendio,entorno,0,2.72724760426925,CERRADO,GR 4 - SUDESTE,Núcleo de Gestão Integrada - ICMBio Cipó-Pedreira, ,,,,30705.169921875,1514.68493620788,
360874,0000.00.0024,APA Meandros do Rio Araguaia,4486.69290433194,incendio,incendio,planet, ,274,10/6/2025 12:00:00 AM,2025,out,10,incendio,entorno,0,4486.69290433194,CERRADO,GR 3 - CENTRO-OESTE,Núcleo de Gestão Integrada - ICMBio Meandros do Rio Araguaia, ,,,,47332291.8115234,91353.0522912149,
360875,0000.00.0024,APA Meandros do Rio Araguaia,6195.16434927728,incendio,incendio,planet, ,274,10/6/2025 12:00:00 AM,2025,out,10,incendio,entorno,0,6195.16434927728,CERRADO,GR 3 - CENTRO-OESTE,Núcleo de Gestão Integrada - ICMBio Meandros do Rio Araguaia, ,,,,65536942.4736328,56334.709716867,
360876,0000.00.0144,PARNA da Serra da Canastra,3.91481929655441,queima controlada,manejo,planet,Queima do dia 27/09,270,9/27/2025 12:00:00 AM,2025,set,09,manejo,entorno,0,3.91481929655441,CERRADO,GR 4 - SUDESTE,-, ,,,,44767.2861328125,1117.93629752752,
360877,0000.00.0144,PARNA da Serra da Canastra,4.43706790018103,incendio,incendio,planet, ,279,10/8/2025 12:00:00 AM,2025,out,10,incendio,entorno,0,4.43706790018103,CERRADO,GR 4 - SUDESTE,-, ,,,,50740.0322265625,1678.35576718097,
360878,0000.00.0144,PARNA da Serra da Canastra,17.7215971778695,queima controlada,manejo,planet,Queima do dia 27/09,270,9/27/2025 12:00:00 AM,2025,set,09,manejo,entorno,0,17.7215971778695,CERRADO,GR 4 - SUDESTE,-, ,,,,202651.177734375,3684.08722655714,
360879,0000.00.0157,PARNA das Sempre-Vivas,0.525848551759028,incendio,incendio,planet, ,285,10/17/2025 12:00:00 AM,2025,out,10,incendio,entorno,0,0.525848551759028,CERRADO,GR 4 - SUDESTE,-, ,,,,5843.3603515625,1303.22249082876,
360880,0000.00.0023,APA do Planalto Central,13.156564975193,incendio,incendio,planet, ,275,10/9/2025 12:00:00 AM,2025,out,10,incendio,entorno,0,13.156564975193,CERRADO,GR 3 - CENTRO-OESTE,-, ,,,,142156.295898438,6747.28582927513,
360881,0000.00.0219,REVIS das Veredas do Oeste Baiano,120.021497010379,incendio,incendio,planet, ,278,10/8/2025 12:00:00 AM,2025,out,10,incendio,entorno,0,120.021497010379,CERRADO,GR 3 - CENTRO-OESTE,Núcleo de Gestão Integrada - ICMBio Mambaí, ,,,,1282587.83251953,8571.22349774437,
360882,0000.00.0028,APA das Nascentes do Rio Vermelho,660.584628070903,incendio,incendio,planet, ,274,10/9/2025 12:00:00 AM,2025,out,10,incendio,entorno,0,660.584628070903,CERRADO,GR 3 - CENTRO-OESTE,Núcleo de Gestão Integrada - ICMBio Mambaí, ,,,,7070148.51611328,48998.1278915119,
360883,0000.00.0028,APA das Nascentes do Rio Vermelho,105.912663315473,incendio,incendio,planet, ,281,10/9/2025 12:00:00 AM,2025,out,10,incendio,entorno,0,105.912663315473,CERRADO,GR 3 - CENTRO-OESTE,Núcleo de Gestão Integrada - ICMBio Mambaí, ,,,,1135686.07128906,5041.70581978814,
360884,0000.00.0028,APA das Nascentes do Rio Vermelho,61.6774502464506,incendio,incendio,planet, ,275,10/9/2025 12:00:00 AM,2025,out,10,incendio,entorno,0,61.6774502464506,CERRADO,GR 3 - CENTRO-OESTE,Núcleo de Gestão Integrada - ICMBio Mambaí, ,,,,661365.520019531,11279.03461413,
360885,0000.00.0219,REVIS das Veredas do Oeste Baiano,119.567019105887,incendio,incendio,planet, ,281,10/9/2025 12:00:00 AM,2025,out,10,incendio,entorno,0,119.567019105887,CERRADO,GR 3 - CENTRO-OESTE,Núcleo de Gestão Integrada - ICMBio Mambaí, ,,,,1280357.91162109,5909.48136681111,
360886,0000.00.0028,APA das Nascentes do Rio Vermelho,97.5775288888129,incendio,incendio,planet, ,275,10/9/2025 12:00:00 AM,2025,out,10,incendio,entorno,0,97.5775288888129,CERRADO,GR 3 - CENTRO-OESTE,Núcleo de Gestão Integrada - ICMBio Mambaí, ,,,,1045193.13964844,10761.5712975094,
360887,0000.00.0139,PARNA da Chapada dos Veadeiros,55.1935809689456,incendio,incendio,planet, ,276,10/19/2025 12:00:00 AM,2025,out,10,incendio,entorno,0,55.1935809689456,CERRADO,GR 3 - CENTRO-OESTE,-, ,,,,588556.5390625,5481.95291529975,
360888,0000.00.0023,APA do Planalto Central,100.126569514739,incendio,incendio,planet, ,275,10/9/2025 12:00:00 AM,2025,out,10,incendio,entorno,0,100.126569514739,CERRADO,GR 3 - CENTRO-OESTE,-, ,,,,1081678.34960938,8365.73874753942,
360889,0000.00.0023,APA do Planalto Central,238.682515187481,incendio,incendio,planet, ,275,10/9/2025 12:00:00 AM,2025,out,10,incendio,entorno,0,238.682515187481,CERRADO,GR 3 - CENTRO-OESTE,-, ,,,,2578579.39941406,17838.2836333634,
360890,0000.00.0027,APA Morro da Pedreira,285.442690860512,incendio,incendio,planet, ,276,10/8/2025 12:00:00 AM,2025,out,10,incendio,entorno,0,285.442690860512,CERRADO,GR 4 - SUDESTE,Núcleo de Gestão Integrada - ICMBio Cipó-Pedreira, ,,,,3227832.28710938,10621.9433029321,
360891,0000.00.4855,MONA Cavernas de São Desidério,52.6663760849324,incendio,incendio,planet, ,276,10/6/2025 12:00:00 AM,2025,out,10,incendio,entorno,0,52.6663760849324,CERRADO,GR 2 - NORDESTE,-, ,,,,555478.751464844,4253.2327215342,
360892,0000.00.0023,APA do Planalto Central,576.940906319047,incendio,incendio,planet, ,274,10/9/2025 12:00:00 AM,2025,out,10,incendio,entorno,0,576.940906319047,CERRADO,GR 3 - CENTRO-OESTE,-, ,,,,6234790.50488281,20664.8556919199,
360893,0000.00.0272,PARNA da Chapada das Mesas,442.643401201366,incendio,incendio,planet, ,275,10/5/2025 12:00:00 AM,2025,out,10,incendio,entorno,0,442.643401201366,CERRADO,GR 2 - NORDESTE,-, ,,,,4520813.28613281,17682.21566215,
360894,0000.00.0024,APA Meandros do Rio Araguaia,358.318106017199,incendio,incendio,planet, ,244,10/10/2025 12:00:00 AM,2025,out,10,incendio,entorno,0,358.318106017199,CERRADO,GR 3 - CENTRO-OESTE,Núcleo de Gestão Integrada - ICMBio Meandros do Rio Araguaia, ,,,,3802783.22509766,21984.2524045575,
360895,0000.00.0024,APA Meandros do Rio Araguaia,4.51831506606679,incendio,incendio,planet, ,275,10/10/2025 12:00:00 AM,2025,out,10,incendio,entorno,0,4.51831506606679,CERRADO,GR 3 - CENTRO-OESTE,Núcleo de Gestão Integrada - ICMBio Meandros do Rio Araguaia, ,,,,47955.3422851563,1654.57680996886,
360896,0000.00.0139,PARNA da Chapada dos Veadeiros,126.661907820222,incendio,incendio,planet, ,283,10/16/2025 12:00:00 AM,2025,out,10,incendio,entorno,0,126.661907820222,CERRADO,GR 3 - CENTRO-OESTE,-, ,,,,1353667.99511719,11055.9802454416,
360897,0000.00.0183,PARNA Grande Sertão Veredas,334.962589237937,incendio,incendio,planet, ,287,10/16/2025 12:00:00 AM,2025,out,10,incendio,entorno,0,334.962589237937,CERRADO,GR 4 - SUDESTE,-, ,,,,3608290.89453125,22663.4225026157,
360898,0000.00.0065,ESEC de Uruçuí-Una,1569.97884821074,incendio,incendio,planet, ,286,10/15/2025 12:00:00 AM,2025,out,10,incendio,entorno,0,1569.97884821074,CERRADO,GR 2 - NORDESTE,-, ,,,,16193836.6313477,31277.151313265,
360899,0000.00.1683,APA Serra da Meruoca,5.80895053840821,incendio,incendio,planet, ,299,11/6/2025 12:00:00 AM,2025,nov,11,incendio,entorno,0,5.80895053840821,CAATINGA,GR 2 - NORDESTE,Núcleo de Gestão Integrada - ICMBio Sobral, ,,,,58711.6734619141,2339.11357637163,
360900,0000.00.0065,ESEC de Uruçuí-Una,214.508741021801,incendio,incendio,planet, ,288,10/16/2025 12:00:00 AM,2025,out,10,incendio,entorno,0,214.508741021801,CERRADO,GR 2 - NORDESTE,-, ,,,,2212277.87988281,7201.29471652128,
360901,0000.00.0139,PARNA da Chapada dos Veadeiros,155.548447497103,incendio,incendio,planet, ,276,10/19/2025 12:00:00 AM,2025,out,10,incendio,entorno,0,155.548447497103,CERRADO,GR 3 - CENTRO-OESTE,-, ,,,,1658674.36572266,12079.3744460865,
360902,0000.00.0139,PARNA da Chapada dos Veadeiros,13.6962933888578,incendio,incendio,planet, ,276,10/19/2025 12:00:00 AM,2025,out,10,incendio,entorno,0,13.6962933888578,CERRADO,GR 3 - CENTRO-OESTE,-, ,,,,146065.358886719,1778.33028876194,
360903,0000.00.0139,PARNA da Chapada dos Veadeiros,475.914039153049,incendio,incendio,planet, ,276,10/19/2025 12:00:00 AM,2025,out,10,incendio,entorno,0,475.914039153049,CERRADO,GR 3 - CENTRO-OESTE,-, ,,,,5076504.16699219,21457.6459051985,
360904,0000.00.0139,PARNA da Chapada dos Veadeiros,36.044641949032,incendio,incendio,planet, ,290,10/19/2025 12:00:00 AM,2025,out,10,incendio,entorno,0,36.044641949032,CERRADO,GR 3 - CENTRO-OESTE,-, ,,,,385251.521484375,3363.68683864898,
360905,0000.00.0144,PARNA da Serra da Canastra,6.08695105162242,incendio,incendio,planet, ,290,10/20/2025 12:00:00 AM,2025,out,10,incendio,entorno,0,6.08695105162242,CERRADO,GR 4 - SUDESTE,-, ,,,,69568.3984375,1202.14363461826,
360906,0000.00.0158,PARNA de Aparados da Serra,0.195103825327038,incendio,incendio,planet, ,299,10/21/2025 12:00:00 AM,2025,out,10,incendio,entorno,0,0.195103825327038,MATA ATLÂNTICA,GR 5 - SUL,Núcleo de Gestão Integrada - ICMBio Aparados da Serra, ,,,,2568.048828125,1067.03244227276,
360907,0000.00.0146,PARNA da Serra das Confusões,214.205920356221,incendio,incendio,planet, ,290,10/19/2025 12:00:00 AM,2025,out,10,incendio,entorno,0,214.205920356221,CERRADO,GR 2 - NORDESTE,-, ,,,,2213379.36816406,7941.0220655986,
360908,0000.00.0065,ESEC de Uruçuí-Una,6.87722230825539,incendio,incendio,planet, ,289,10/27/2025 12:00:00 AM,2025,out,10,incendio,entorno,0,6.87722230825539,CERRADO,GR 2 - NORDESTE,-, ,,,,70922.9077148438,1749.76628616972,
360909,0000.00.0168,PARNA do Araguaia,1132.36234261959,queima prescrita,manejo,planet,Queima entre os dias 17/10 e 26/10,296,10/26/2025 12:00:00 AM,2025,out,10,manejo,entorno,0,1132.36234261959,CERRADO,GR 3 - CENTRO-OESTE,-, ,,,,11823976.4760742,40899.9018789021,
360910,0000.00.0168,PARNA do Araguaia,109.785978802952,incendio,incendio,planet, ,299,10/28/2025 12:00:00 AM,2025,out,10,incendio,entorno,0,109.785978802952,CERRADO,GR 3 - CENTRO-OESTE,-, ,,,,1146674.88476563,5087.80429452906,
360911,0000.00.0193,REBIO da Mata Escura,85.2699462855565,incendio,incendio,planet, ,285,10/18/2025 12:00:00 AM,2025,out,10,incendio,entorno,0,85.2699462855565,MATA ATLÂNTICA,GR 4 - SUDESTE,-, ,,,,931765.742675781,4931.93359379203,
360912,0000.00.0168,PARNA do Araguaia,877.775565792208,queima prescrita,manejo,planet,Queima entre os dias 17/10 e 26/10,296,10/26/2025 12:00:00 AM,2025,out,10,manejo,entorno,0,877.775565792208,CERRADO,GR 3 - CENTRO-OESTE,-, ,,,,9162898.83447266,21615.6434172977,
360913,0000.00.0139,PARNA da Chapada dos Veadeiros,168.925682044371,incendio,incendio,planet, ,248,10/2/2025 12:00:00 AM,2025,out,10,incendio,entorno,0,168.925682044371,CERRADO,GR 3 - CENTRO-OESTE,-, ,,,,1807265.36230469,8532.5697852639,
360914,0000.00.0139,PARNA da Chapada dos Veadeiros,129.890416228724,incendio,incendio,planet, ,304,11/2/2025 12:00:00 AM,2025,nov,11,incendio,entorno,0,129.890416228724,CERRADO,GR 3 - CENTRO-OESTE,-, ,,,,1386269.61914063,6623.74080788079,
360915,0000.00.0139,PARNA da Chapada dos Veadeiros,851.845710031681,incendio,incendio,planet, ,302,10/30/2025 12:00:00 AM,2025,out,10,incendio,entorno,0,851.845710031681,CERRADO,GR 3 - CENTRO-OESTE,-, ,,,,9076630.89208984,30108.6762775496,
360916,0000.00.0139,PARNA da Chapada dos Veadeiros,10.2971207129077,incendio,incendio,planet, ,248,10/2/2025 12:00:00 AM,2025,out,10,incendio,entorno,0,10.2971207129077,CERRADO,GR 3 - CENTRO-OESTE,-, ,,,,110157.017089844,1869.82286991636,
360917,0000.00.0139,PARNA da Chapada dos Veadeiros,1677.31561698402,incendio,incendio,planet, ,290,10/25/2025 12:00:00 AM,2025,out,10,incendio,entorno,0,1677.31561698402,CERRADO,GR 3 - CENTRO-OESTE,-, ,,,,17949796.5605469,25500.7050290766,
360918,0000.00.0139,PARNA da Chapada dos Veadeiros,212.778559394738,incendio,incendio,planet, ,248,10/2/2025 12:00:00 AM,2025,out,10,incendio,entorno,0,212.778559394738,CERRADO,GR 3 - CENTRO-OESTE,-, ,,,,2276809.5390625,8908.78951052853,
360919,0000.00.0139,PARNA da Chapada dos Veadeiros,11.129563972074,incendio,incendio,planet, ,247,10/3/2025 12:00:00 AM,2025,out,10,incendio,entorno,0,11.129563972074,CERRADO,GR 3 - CENTRO-OESTE,-, ,,,,118666.252929688,1313.03722736064,
360920,0000.00.3136,PARNA da Serra do Gandarela,4.82523462198196,incendio,incendio,planet, ,299,10/27/2025 12:00:00 AM,2025,out,10,incendio,entorno,0,4.82523462198196,MATA ATLÂNTICA,GR 4 - SUDESTE,-, ,,,,54913.55078125,1507.72119662947,
360921,0000.00.0139,PARNA da Chapada dos Veadeiros,30.7389029699759,incendio,incendio,planet, ,273,10/2/2025 12:00:00 AM,2025,out,10,incendio,entorno,0,30.7389029699759,CERRADO,GR 3 - CENTRO-OESTE,-, ,,,,328530.309570313,2677.89604216683,
360922,0000.00.0139,PARNA da Chapada dos Veadeiros,68.6367582731226,incendio,incendio,planet, ,268,10/3/2025 12:00:00 AM,2025,out,10,incendio,entorno,0,68.6367582731226,CERRADO,GR 3 - CENTRO-OESTE,-, ,,,,733881.640625,4483.0303316282,
360923,0000.00.1683,APA Serra da Meruoca,50.8622713772292,incendio,incendio,planet, ,304,11/6/2025 12:00:00 AM,2025,nov,11,incendio,entorno,0,50.8622713772292,CAATINGA,GR 2 - NORDESTE,Núcleo de Gestão Integrada - ICMBio Sobral, ,,,,514068.779541016,3532.65100523746,
360924,0000.00.0139,PARNA da Chapada dos Veadeiros,18.145312885432,incendio,incendio,planet, ,231,8/21/2025 12:00:00 AM,2025,ago,08,incendio,entorno,0,18.145312885432,CERRADO,GR 3 - CENTRO-OESTE,-, ,,,,193574.202636719,2387.29020938179,
360925,0000.00.0139,PARNA da Chapada dos Veadeiros,889.019801550136,incendio,incendio,planet, ,301,11/2/2025 12:00:00 AM,2025,nov,11,incendio,entorno,0,889.019801550136,CERRADO,GR 3 - CENTRO-OESTE,-, ,,,,9468658.97265625,21203.5000569892,
360926,0000.00.0168,PARNA do Araguaia,178.332889648897,incendio,incendio,planet, ,299,10/28/2025 12:00:00 AM,2025,out,10,incendio,entorno,0,178.332889648897,CERRADO,GR 3 - CENTRO-OESTE,-, ,,,,1863133.52099609,9881.44605992477,
360927,0000.00.0139,PARNA da Chapada dos Veadeiros,43.73485504305,incendio,incendio,planet, ,200,7/20/2025 12:00:00 AM,2025,jul,07,incendio,entorno,0,43.73485504305,CERRADO,GR 3 - CENTRO-OESTE,-, ,,,,468118.364746094,10090.8282301312,
360928,0000.00.0139,PARNA da Chapada dos Veadeiros,1268.63539645532,incendio,incendio,planet, ,298,10/30/2025 12:00:00 AM,2025,out,10,incendio,entorno,0,1268.63539645532,CERRADO,GR 3 - CENTRO-OESTE,-, ,,,,13577578.0102539,29366.3215924423,
360929,0000.00.0175,PARNA do Pantanal Matogrossense,267.383774988717,gestao de ignicao natural,manejo,planet,Fogo de raio do dia 28/11,331,12/15/2025 12:00:00 AM,2025,dez,12,manejo,entorno,0,267.383774988717,PANTANAL,GR 3 - CENTRO-OESTE,-, ,,,,2956577.24804688,15456.9238783568,
360930,0000.00.0175,PARNA do Pantanal Matogrossense,13.8719970777424,gestao de ignicao natural,manejo,planet,Fogo de raio do dia 28/11,331,12/15/2025 12:00:00 AM,2025,dez,12,manejo,entorno,0,13.8719970777424,PANTANAL,GR 3 - CENTRO-OESTE,-, ,,,,153364.836914063,3020.59259953122,
360931,0000.00.0175,PARNA do Pantanal Matogrossense,17.5141069517308,gestao de ignicao natural,manejo,planet,Fogo de raio do dia 28/11,331,12/15/2025 12:00:00 AM,2025,dez,12,manejo,entorno,0,17.5141069517308,PANTANAL,GR 3 - CENTRO-OESTE,-, ,,,,193644.643554688,2855.99569457161,
360932,0000.00.0175,PARNA do Pantanal Matogrossense,95.3077138221116,gestao de ignicao natural,manejo,planet,Fogo de raio do dia 28/11,331,12/15/2025 12:00:00 AM,2025,dez,12,manejo,entorno,0,95.3077138221116,PANTANAL,GR 3 - CENTRO-OESTE,-, ,,,,1053634.95898438,8058.44248285615,
360933,0000.00.0065,ESEC de Uruçuí-Una,3.01657320302382,incendio,incendio,planet, ,303,11/3/2025 12:00:00 AM,2025,nov,11,incendio,entorno,0,3.01657320302382,CERRADO,GR 2 - NORDESTE,-, ,,,,31067.8530273438,1172.17739641668,
360934,0000.00.0165,PARNA de São Joaquim,0.611988284879949,queima controlada,manejo,planet,Queima entre os dias 12/08 e 13/08,224,8/31/2025 12:00:00 AM,2025,ago,08,manejo,entorno,0,0.611988284879949,MATA ATLÂNTICA,GR 5 - SUL,-, ,,,,7913.2421875,487.902364748071,
360935,0000.00.0074,ESEC Raso da Catarina,296.30707838901,incendio,incendio,planet, ,315,11/13/2025 12:00:00 AM,2025,nov,11,incendio,entorno,0,296.30707838901,CAATINGA,GR 2 - NORDESTE,Núcleo de Gestão Integrada - ICMBio Paulo Afonso, ,,,,3072435.06347656,13308.076861196,
360936,0000.00.4581,PARNA da Serra do Teixeira,1.04777911765241,incendio,incendio,planet, ,309,11/15/2025 12:00:00 AM,2025,nov,11,incendio,entorno,0,1.04777911765241,CAATINGA,GR 2 - NORDESTE,-, ,,,,10725.6708984375,427.345382190924,
360937,0000.00.0139,PARNA da Chapada dos Veadeiros,502.512462907883,incendio,incendio,planet, ,303,11/6/2025 12:00:00 AM,2025,nov,11,incendio,entorno,0,502.512462907883,CERRADO,GR 3 - CENTRO-OESTE,-, ,,,,5362024.22705078,13023.585644228,
360938,0000.00.0168,PARNA do Araguaia,58.1588333924406,incendio,incendio,planet, ,217,8/4/2025 12:00:00 AM,2025,ago,08,incendio,entorno,0,58.1588333924406,CERRADO,GR 3 - CENTRO-OESTE,-, ,,,,605242.518554688,5048.77632619786,
360939,0000.00.0168,PARNA do Araguaia,120.012106187072,incendio,incendio,planet, ,217,8/4/2025 12:00:00 AM,2025,ago,08,incendio,entorno,0,120.012106187072,CERRADO,GR 3 - CENTRO-OESTE,-, ,,,,1248954.56933594,4941.11679541568,
360940,0000.00.0168,PARNA do Araguaia,723.413108625741,incendio,incendio,planet, ,279,10/26/2025 12:00:00 AM,2025,out,10,incendio,entorno,0,723.413108625741,CERRADO,GR 3 - CENTRO-OESTE,-, ,,,,7528628.390625,22638.3566966734,
360941,0000.00.0168,PARNA do Araguaia,88.1026914923889,incendio,incendio,planet, ,217,8/6/2025 12:00:00 AM,2025,ago,08,incendio,entorno,0,88.1026914923889,CERRADO,GR 3 - CENTRO-OESTE,-, ,,,,916847.606933594,5421.36191541055,
360942,0000.00.0168,PARNA do Araguaia,182.364117374365,incendio,incendio,planet, ,217,8/6/2025 12:00:00 AM,2025,ago,08,incendio,entorno,0,182.364117374365,CERRADO,GR 3 - CENTRO-OESTE,-, ,,,,1897853.09960938,7263.52143244565,
360943,0000.00.0137,PARNA da Chapada Diamantina,34.9905960957342,incendio,incendio,planet, ,320,11/18/2025 12:00:00 AM,2025,nov,11,incendio,entorno,0,34.9905960957342,CAATINGA,GR 2 - NORDESTE,-, ,,,,370585.222167969,4146.17869588955,
360944,0000.00.0139,PARNA da Chapada dos Veadeiros,34.8680945405212,gestao de ignicao natural,manejo,planet,Fogo de raio do dia 18/11,322,11/18/2025 12:00:00 AM,2025,nov,11,manejo,entorno,0,34.8680945405212,CERRADO,GR 3 - CENTRO-OESTE,-, ,,,,372226.612304688,3465.82843136986,
360945,0000.00.0175,PARNA do Pantanal Matogrossense,187.31353280364,gestao de ignicao natural,manejo,planet,Fogo de raio do dia 28/11,331,12/15/2025 12:00:00 AM,2025,dez,12,manejo,entorno,0,187.31353280364,PANTANAL,GR 3 - CENTRO-OESTE,-, ,,,,2070348.14453125,9550.887521383,
360946,0000.00.0089,FLONA de Caxiuanã,149.065002020478,queima controlada,manejo,planet,Queima do dia 24/11,324,12/28/2025 12:00:00 AM,2025,dez,12,manejo,entorno,0,149.065002020478,AMAZÔNIA,GR 1 - NORTE,Núcleo de Gestão Integrada - ICMBio Breves,CR Belém,,,,1502989.87390137,8252.61254193841,
360947,0000.00.0169,PARNA do Cabo Orange,1011.05338797129,incendio,incendio,planet, ,342,12/23/2025 12:00:00 AM,2025,dez,12,incendio,entorno,0,1011.05338797129,AMAZÔNIA,GR 1 - NORTE,-,CR Belém,,,,10214231.8676758,24605.4323106819,
360948,0000.00.3136,PARNA da Serra do Gandarela,243.421842645232,incendio,incendio,planet, ,360,12/30/2025 12:00:00 AM,2025,dez,12,incendio,entorno,0,243.421842645232,MATA ATLÂNTICA,GR 4 - SUDESTE,-, ,,,,2778004.4765625,13899.5252457682,
360949,0000.00.0076,ESEC Serra Geral do Tocantins,0.0837614713886201,incendio,incendio,planet, ,363,12/31/2025 12:00:00 AM,2025,dez,12,incendio,entorno,0,0.0837614713886201,CERRADO,GR 3 - CENTRO-OESTE,-, ,,,,875.05517578125,141.302302771646,
360950,0000.00.0137,PARNA da Chapada Diamantina,75.7252741469346,incendio,incendio,planet, ,310,11/18/2025 12:00:00 AM,2025,nov,11,incendio,entorno,0,75.7252741469346,CAATINGA,GR 2 - NORDESTE,-, ,,,,800993.725097656,5042.25915667771,
360951,0000.00.0144,PARNA da Serra da Canastra,79.7741970113718,incendio,incendio,planet, ,56,3/9/2025 12:00:00 AM,2025,mar,03,incendio,entorno,0,79.7741970113718,CERRADO,GR 4 - SUDESTE,-, ,,,,911672.73046875,6818.43429386247,
360952,0000.00.0284,PARNA dos Campos Amazônicos,146.329809717804,queima prescrita,manejo,planet,Queima do dia 19/06,170,6/21/2025 12:00:00 AM,2025,jun,06,manejo,entorno,0,146.329809717804,AMAZÔNIA,GR 1 - NORTE,Núcleo de Gestão Integrada - ICMBio Humaitá,CR Porto V,,,,1508606.31689453,7893.45504638778,
360953,0000.00.0168,PARNA do Araguaia,170.729564881074,queima prescrita,manejo,planet,Queima do dia 17/07,198,7/21/2025 12:00:00 AM,2025,jul,07,manejo,entorno,0,170.729564881074,CERRADO,GR 3 - CENTRO-OESTE,-, ,,,,1780790.73876953,10337.150295371,
360954,0000.00.0159,PARNA de Brasília,0.695326013509725,queima prescrita,manejo,planet,Queima do dia 16/07,197,7/22/2025 12:00:00 AM,2025,jul,07,manejo,entorno,0,0.695326013509725,CERRADO,GR 3 - CENTRO-OESTE,Núcleo de Gestão Integrada - ICMBio Brasília-Contagem, ,,,,7539.2900390625,956.606599237034,
360955,0000.00.0065,ESEC de Uruçuí-Una,790.789368456718,incendio,incendio,planet, ,254,9/11/2025 12:00:00 AM,2025,set,09,incendio,entorno,0,790.789368456718,CERRADO,GR 2 - NORDESTE,-, ,,,,8146138.36767578,22485.8957562083,
360956,0000.00.0139,PARNA da Chapada dos Veadeiros,142.531847006686,incendio,incendio,planet, ,285,10/16/2025 12:00:00 AM,2025,out,10,incendio,entorno,0,142.531847006686,CERRADO,GR 3 - CENTRO-OESTE,-, ,,,,1523633.76806641,8907.35140413135,
360957,0000.00.0139,PARNA da Chapada dos Veadeiros,17797.4482380468,incendio,incendio,planet, ,247,10/3/2025 12:00:00 AM,2025,out,10,incendio,entorno,0,17797.4482380468,CERRADO,GR 3 - CENTRO-OESTE,-, ,,,,189608041.451172,138857.082429953,
